uuid,spelling,tag
note_a,a,abstract
note_abandon,abandon,action
note_abandoned,abandoned,action
note_abandonment,abandonment,abstract
note_abase,abase,action
note_abash,abash,mind
note_abashed,abashed,mind
note_abate,abate,action
note_abbreviate,abbreviate,abstract
note_abbreviation,abbreviation,abstract
note_abdicate,abdicate,action
note_abdomen,abdomen,life
note_abduct,abduct,action
note_aberrant,aberrant,abstract
note_aberration,aberration,abstract
note_abet,abet,action
note_abeyance,abeyance,abstract
note_abhor,abhor,mind
note_abhorrent,abhorrent,mind
note_abide,abide,action
note_abiding,abiding,abstract
note_ability,ability,abstract
note_abject,abject,abstract
note_abjure,abjure,action
note_ablaze,ablaze,nature
note_able,able,abstract
note_ablution,ablution,life
note_abnegate,abnegate,action
note_abnegation,abnegation,abstract
note_abnormal,abnormal,abstract
note_aboard,aboard,abstract
note_abolish,abolish,action
note_abolition,abolition,abstract
note_abolitionist,abolitionist,society
note_abominate,abominate,mind
note_aboriginal,aboriginal,nature
note_abort,abort,action
note_abortion,abortion,life
note_abortive,abortive,abstract
note_abound,abound,action
note_about,about,none
note_above,above,none
note_aboveboard,aboveboard,abstract
note_abrade,abrade,action
note_abrasion,abrasion,life
note_abrasive,abrasive,life
note_abreast,abreast,abstract
note_abridge,abridge,abstract
note_abroad,abroad,abstract
note_abrogate,abrogate,action
note_abrupt,abrupt,abstract
note_abscission,abscission,nature
note_abscond,abscond,action
note_absence,absence,abstract
note_absent,absent,abstract
note_absentee,absentee,abstract
note_absenteeism,absenteeism,business
note_absolute,absolute,abstract
note_absolutely,absolutely,none
note_absolve,absolve,action
note_absorb,absorb,action
note_absorbing,absorbing,abstract
note_absorption,absorption,abstract
note_abstain,abstain,action
note_abstemious,abstemious,life
note_abstention,abstention,abstract
note_abstentious,abstentious,abstract
note_abstinence,abstinence,life
note_abstinent,abstinent,life
note_abstract,abstract,abstract
note_abstraction,abstraction,abstract
note_abstruse,abstruse,abstract
note_absurd,absurd,abstract
note_abundance,abundance,abstract
note_abundant,abundant,abstract
note_abundantly,abundantly,none
note_abuse,abuse,action
note_abusive,abusive,abstract
note_abut,abut,action
note_abysmal,abysmal,abstract
note_abyss,abyss,nature
note_academic,academic,abstract
note_academician,academician,society
note_academy,academy,society
note_acarpous,acarpous,nature
note_accede,accede,action
note_accelerate,accelerate,action
note_accelerated,accelerated,abstract
note_accelerating,accelerating,abstract
note_acceleration,acceleration,science
note_accent,accent,arts
note_accentuate,accentuate,action
note_accept,accept,action
note_acceptable,acceptable,abstract
note_acceptance,acceptance,abstract
note_access,access,action
note_accessary,accessary,business
note_accessibility,accessibility,abstract
note_accessible,accessible,abstract
note_accessory,accessory,business
note_accident,accident,abstract
note_accidental,accidental,abstract
note_accidentally,accidentally,none
note_accidents,accidents,abstract
note_acclaim,acclaim,action
note_acclaimed,acclaimed,abstract
note_acclimate,acclimate,action
note_accolade,accolade,arts
note_accommodate,accommodate,action
note_accommodating,accommodating,abstract
note_accommodation,accommodation,life
note_accommodations,accommodations,life
note_accompaniment,accompaniment,arts
note_accompany,accompany,action
note_accompanying,accompanying,abstract
note_accomplice,accomplice,society
note_accomplish,accomplish,action
note_accomplished,accomplished,abstract
note_accomplishment,accomplishment,abstract
note_accord,accord,action
note_accordance,accordance,abstract
note_accordingly,accordingly,none
note_accordion,accordion,arts
note_accost,accost,action
note_account,account,business
note_accountability,accountability,abstract
note_accountant,accountant,business
note_accountants,accountants,business
note_accounting,accounting,business
note_accredit,accredit,action
note_accrete,accrete,nature
note_accretion,accretion,abstract
note_accrue,accrue,action
note_accumulate,accumulate,action
note_accumulation,accumulation,abstract
note_accuracy,accuracy,abstract
note_accurate,accurate,abstract
note_accusation,accusation,society
note_accuse,accuse,action
note_accuser,accuser,society
note_accustom,accustom,action
note_accustomed,accustomed,abstract
note_acerbic,acerbic,abstract
note_acerbity,acerbity,mind
note_ache,ache,mind
note_achieve,achieve,action
note_achievement,achievement,abstract
note_achromatic,achromatic,abstract
note_acid,acid,science
note_acidic,acidic,science
note_acidity,acidity,science
note_acknowledge,acknowledge,action
note_acme,acme,abstract
note_acolyte,acolyte,religion
note_acorn,acorn,nature
note_acoustic,acoustic,science
note_acoustical,acoustical,science
note_acquaint,acquaint,action
note_acquaintance,acquaintance,abstract
note_acquainted,acquainted,abstract
note_acquiesce,acquiesce,action
note_acquire,acquire,action
note_acquired,acquired,abstract
note_acquisition,acquisition,business
note_acquisitive,acquisitive,abstract
note_acquit,acquit,action
note_acquittal,acquittal,society
note_acre,acre,nature
note_acrid,acrid,abstract
note_acrimonious,acrimonious,mind
note_acrimony,acrimony,mind
note_acrobat,acrobat,arts
note_acronym,acronym,abstract
note_acrophobia,acrophobia,mind
note_across,across,none
note_act,act,action
note_acting,acting,arts
note_action,action,action
note_actions,actions,action
note_activate,activate,action
note_active,active,abstract
note_actively,actively,none
note_activities,activities,abstract
note_activity,activity,abstract
note_actor,actor,arts
note_actress,actress,arts
note_actual,actual,abstract
note_actually,actually,none
note_actuarial,actuarial,business
note_actuate,actuate,action
note_acuity,acuity,abstract
note_acumen,acumen,abstract
note_acupuncture,acupuncture,life
note_acute,acute,abstract
note_ad,ad,business
note_adage,adage,abstract
note_adamant,adamant,abstract
note_adapt,adapt,action
note_adaptable,adaptable,abstract
note_adaptation,adaptation,abstract
note_adaptive,adaptive,abstract
note_add,add,action
note_addendum,addendum,abstract
note_addict,addict,mind
note_addicted,addicted,mind
note_addictive,addictive,mind
note_addition,addition,abstract
note_additional,additional,abstract
note_additive,additive,science
note_addle,addle,action
note_address,address,action
note_adduce,adduce,action
note_adept,adept,abstract
note_adequate,adequate,abstract
note_adhere,adhere,action
note_adherence,adherence,abstract
note_adherent,adherent,abstract
note_adhesive,adhesive,science
note_adjacent,adjacent,abstract
note_adjective,adjective,abstract
note_adjoin,adjoin,action
note_adjoining,adjoining,abstract
note_adjourn,adjourn,action
note_adjudicate,adjudicate,society
note_adjunct,adjunct,abstract
note_adjust,adjust,action
note_adjustable,adjustable,abstract
note_adjustment,adjustment,abstract
note_adlib,adlib,arts
note_administer,administer,action
note_administrate,administrate,action
note_administration,administration,society
note_administrative,administrative,abstract
note_administrator,administrator,society
note_admirable,admirable,abstract
note_admiration,admiration,mind
note_admire,admire,action
note_admission,admission,abstract
note_admit,admit,action
note_admittedly,admittedly,none
note_admonish,admonish,action
note_adobe,adobe,life
note_adolescence,adolescence,life
note_adolescent,adolescent,life
note_adopt,adopt,action
note_adoption,adoption,abstract
note_adore,adore,mind
note_adorn,adorn,action
note_adornment,adornment,arts
note_adroit,adroit,abstract
note_adulate,adulate,action
note_adult,adult,life
note_adulterate,adulterate,action
note_adulteration,adulteration,abstract
note_adults,adults,life
note_adumbrate,adumbrate,action
note_advance,advance,action
note_advanced,advanced,abstract
note_advancement,advancement,abstract
note_advantage,advantage,abstract
note_advantageous,advantageous,abstract
note_advantages,advantages,abstract
note_advent,advent,abstract
note_adventitious,adventitious,abstract
note_adventure,adventure,life
note_adventurer,adventurer,life
note_adventurous,adventurous,abstract
note_adverb,adverb,abstract
note_adverse,adverse,abstract
note_adversely,adversely,none
note_adversity,adversity,mind
note_advert,advert,action
note_advertise,advertise,business
note_advertisement,advertisement,business
note_advertisements,advertisements,business
note_advertising,advertising,business
note_advice,advice,abstract
note_advisable,advisable,abstract
note_advise,advise,action
note_advocacy,advocacy,society
note_advocate,advocate,society
note_aegis,aegis,abstract
note_aerate,aerate,action
note_aerial,aerial,arts
note_aerodynamics,aerodynamics,science
note_aeronautics,aeronautics,science
note_aeroplane,aeroplane,tech
note_aerospace,aerospace,tech
note_aesthete,aesthete,arts
note_aesthetic,aesthetic,arts
note_aesthetical,aesthetical,arts
note_affable,affable,abstract
note_affair,affair,abstract
note_affairs,affairs,abstract
note_affect,affect,action
note_affectation,affectation,abstract
note_affected,affected,abstract
note_affection,affection,mind
note_affectionate,affectionate,mind
note_affective,affective,mind
note_affidavit,affidavit,society
note_affiliate,affiliate,business
note_affiliation,affiliation,abstract
note_affinity,affinity,abstract
note_affirm,affirm,action
note_affix,affix,action
note_afflict,afflict,action
note_affliction,affliction,mind
note_affluence,affluence,abstract
note_affluent,affluent,abstract
note_afford,afford,action
note_affordable,affordable,abstract
note_affront,affront,action
note_afraid,afraid,mind
note_africa,africa,nature
note_african,african,nature
note_after,after,none
note_aftermath,aftermath,abstract
note_afternoon,afternoon,life
note_afterward,afterward,none
note_again,again,none
note_against,against,none
note_agape,agape,life
note_age,age,life
note_aged,aged,life
note_agencies,agencies,society
note_agency,agency,society
note_agenda,agenda,abstract
note_agent,agent,business
note_agglomerate,agglomerate,action
note_aggrandize,aggrandize,action
note_aggravate,aggravate,action
note_aggravating,aggravating,abstract
note_aggregate,aggregate,action
note_aggregation,aggregation,abstract
note_aggression,aggression,society
note_aggressive,aggressive,abstract
note_aggressiveness,aggressiveness,abstract
note_aggressor,aggressor,society
note_aggrieve,aggrieve,action
note_aghast,aghast,mind
note_agile,agile,abstract
note_agility,agility,abstract
note_agitate,agitate,action
note_agitated,agitated,mind
note_agitation,agitation,mind
note_aglow,aglow,abstract
note_agnostic,agnostic,mind
note_ago,ago,none
note_agog,agog,mind
note_agonize,agonize,mind
note_agony,agony,mind
note_agrarian,agrarian,nature
note_agree,agree,action
note_agreeable,agreeable,abstract
note_agreement,agreement,abstract
note_agricultural,agricultural,nature
note_agriculture,agriculture,nature
note_agronomy,agronomy,science
note_ahead,ahead,none
note_aid,aid,action
note_aids,aids,life
note_ail,ail,action
note_ailment,ailment,life
note_aim,aim,action
note_air,air,nature
note_airborne,airborne,nature
note_aircraft,aircraft,tech
note_airline,airline,business
note_airmail,airmail,business
note_airplane,airplane,tech
note_airport,airport,business
note_airsickness,airsickness,life
note_airspace,airspace,society
note_airtight,airtight,abstract
note_aisle,aisle,life
note_ajar,ajar,abstract
note_akin,akin,abstract
note_alabaster,alabaster,nature
note_alacrity,alacrity,mind
note_alarm,alarm,action
note_alas,alas,none
note_alaska,alaska,nature
note_albeit,albeit,none
note_albino,albino,life
note_album,album,arts
note_alchemy,alchemy,science
note_alcohol,alcohol,life
note_alcoholic,alcoholic,life
note_alcove,alcove,life
note_alder,alder,nature
note_alert,alert,mind
note_algae,algae,nature
note_algebra,algebra,science
note_alias,alias,abstract
note_alibi,alibi,society
note_alien,alien,abstract
note_alienate,alienate,action
note_alight,alight,action
note_align,align,action
note_alignment,alignment,abstract
note_alike,alike,abstract
note_alimentary,alimentary,life
note_alive,alive,life
note_alkali,alkali,science
note_all,all,none
note_allay,allay,action
note_allegation,allegation,society
note_allege,allege,action
note_allegiance,allegiance,society
note_allegory,allegory,arts
note_allergic,allergic,life
note_allergy,allergy,life
note_alleviate,alleviate,action
note_alley,alley,life
note_alliance,alliance,society
note_allied,allied,society
note_alligator,alligator,nature
note_alliterate,alliterate,arts
note_alliteration,alliteration,arts
note_allocate,allocate,action
note_allot,allot,action
note_allow,allow,action
note_allowance,allowance,abstract
note_alloy,alloy,science
note_allude,allude,action
note_allure,allure,mind
note_alluring,alluring,abstract
note_allusion,allusion,abstract
note_ally,ally,society
note_almond,almond,life
note_almost,almost,none
note_alms,alms,society
note_aloft,aloft,abstract
note_alone,alone,abstract
note_along,along,none
note_alongside,alongside,none
note_aloof,aloof,abstract
note_aloud,aloud,none
note_alphabet,alphabet,abstract
note_alphabetical,alphabetical,abstract
note_already,already,none
note_also,also,none
note_alter,alter,action
note_alteration,alteration,action
note_alternate,alternate,action
note_alternately,alternately,none
note_alternation,alternation,abstract
note_alternative,alternative,abstract
note_although,although,none
note_altitude,altitude,nature
note_altogether,altogether,none
note_altruism,altruism,mind
note_altruistic,altruistic,mind
note_aluminium,aluminium,science
note_aluminum,aluminum,science
note_alumnus,alumnus,society
note_always,always,none
note_am,am,none
note_amalgam,amalgam,abstract
note_amalgamate,amalgamate,action
note_amass,amass,action
note_amateur,amateur,abstract
note_amateurish,amateurish,abstract
note_amaze,amaze,action
note_amazement,amazement,mind
note_amazing,amazing,abstract
note_ambassador,ambassador,society
note_ambidextrous,ambidextrous,life
note_ambience,ambience,abstract
note_ambient,ambient,abstract
note_ambiguity,ambiguity,abstract
note_ambiguous,ambiguous,abstract
note_ambition,ambition,mind
note_ambitious,ambitious,abstract
note_ambivalence,ambivalence,mind
note_ambivalent,ambivalent,mind
note_amble,amble,action
note_ambrosial,ambrosial,abstract
note_ambulance,ambulance,life
note_ambulatory,ambulatory,life
note_ambush,ambush,action
note_ameliorate,ameliorate,action
note_amenable,amenable,abstract
note_amend,amend,action
note_amendment,amendment,society
note_amends,amends,abstract
note_amenity,amenity,abstract
note_america,america,nature
note_american,american,nature
note_amethyst,amethyst,nature
note_amiable,amiable,mind
note_amicable,amicable,mind
note_amid,amid,none
note_amidst,amidst,none
note_amiss,amiss,abstract
note_amity,amity,mind
note_ammunition,ammunition,society
note_amnesia,amnesia,mind
note_amnesty,amnesty,society
note_among,among,none
note_amongst,amongst,none
note_amoral,amoral,abstract
note_amorphous,amorphous,abstract
note_amortize,amortize,business
note_amount,amount,abstract
note_ampere,ampere,science
note_amphibian,amphibian,nature
note_ample,ample,abstract
note_amplification,amplification,science
note_amplifier,amplifier,tech
note_amplify,amplify,action
note_amplitude,amplitude,science
note_amputate,amputate,action
note_amulet,amulet,arts
note_amuse,amuse,action
note_amusement,amusement,mind
note_anachronistic,anachronistic,abstract
note_anaerobic,anaerobic,science
note_anagram,anagram,abstract
note_analgesia,analgesia,life
note_analgesic,analgesic,life
note_analogous,analogous,abstract
note_analogue,analogue,abstract
note_analogy,analogy,abstract
note_analyse,analyse,action
note_analysis,analysis,abstract
note_analyst,analyst,abstract
note_analytic,analytic,abstract
note_analytical,analytical,abstract
note_analyze,analyze,action
note_anarchist,anarchist,society
note_anarchy,anarchy,society
note_anathema,anathema,mind
note_anatomical,anatomical,science
note_anatomy,anatomy,science
note_ancestor,ancestor,life
note_ancestral,ancestral,abstract
note_ancestry,ancestry,abstract
note_anchor,anchor,action
note_ancient,ancient,abstract
note_ancillary,ancillary,abstract
note_and,and,none
note_anecdotal,anecdotal,abstract
note_anecdote,anecdote,arts
note_anemia,anemia,life
note_anemic,anemic,life
note_anesthesia,anesthesia,life
note_anesthetic,anesthetic,life
note_angel,angel,religion
note_anger,anger,mind
note_angle,angle,abstract
note_angry,angry,mind
note_anguish,anguish,mind
note_angular,angular,abstract
note_anhydrous,anhydrous,science
note_animal,animal,nature
note_animals,animals,nature
note_animate,animate,action
note_animated,animated,arts
note_animation,animation,arts
note_animosity,animosity,mind
note_animus,animus,mind
note_ankle,ankle,life
note_annals,annals,arts
note_annex,annex,action
note_annexation,annexation,society
note_annihilate,annihilate,action
note_anniversary,anniversary,life
note_annotate,annotate,action
note_announce,announce,action
note_announcement,announcement,abstract
note_announcer,announcer,arts
note_annoy,annoy,action
note_annoying,annoying,abstract
note_annual,annual,abstract
note_annually,annually,none
note_annuity,annuity,business
note_annul,annul,action
note_anode,anode,science
note_anodyne,anodyne,life
note_anomalous,anomalous,abstract
note_anomaly,anomaly,abstract
note_anonymity,anonymity,abstract
note_anonymous,anonymous,abstract
note_anorexia,anorexia,life
note_another,another,none
note_answer,answer,action
note_ant,ant,nature
note_antagonism,antagonism,mind
note_antagonist,antagonist,mind
note_antagonize,antagonize,action
note_antarctic,antarctic,nature
note_antarctica,antarctica,nature
note_antecedence,antecedence,abstract
note_antecedent,antecedent,abstract
note_antedate,antedate,action
note_antediluvian,antediluvian,abstract
note_antenna,antenna,nature
note_anterior,anterior,abstract
note_anthem,anthem,arts
note_anthology,anthology,arts
note_anthropoid,anthropoid,nature
note_anthropologist,anthropologist,science
note_anthropology,anthropology,science
note_antibiotic,antibiotic,life
note_antibiotics,antibiotics,life
note_antibody,antibody,life
note_antic,antic,abstract
note_anticipate,anticipate,action
note_anticipation,anticipation,mind
note_anticipatory,anticipatory,abstract
note_anticlimax,anticlimax,abstract
note_antidote,antidote,life
note_antihistamine,antihistamine,life
note_antipathy,antipathy,mind
note_antiquate,antiquate,action
note_antiquated,antiquated,abstract
note_antique,antique,arts
note_antiquity,antiquity,abstract
note_antiseptic,antiseptic,life
note_antisocial,antisocial,mind
note_antithesis,antithesis,abstract
note_antonym,antonym,abstract
note_anvil,anvil,tech
note_anxiety,anxiety,mind
note_anxious,anxious,mind
note_any,any,none
note_anybody,anybody,none
note_anyhow,anyhow,none
note_anyone,anyone,none
note_anything,anything,none
note_anyway,anyway,none
note_anywhere,anywhere,none
note_aorta,aorta,life
note_apart,apart,none
note_apartment,apartment,life
note_apathetic,apathetic,mind
note_ape,ape,nature
note_aperture,aperture,abstract
note_apes,apes,nature
note_apex,apex,abstract
note_aphorism,aphorism,abstract
note_apiary,apiary,nature
note_aplomb,aplomb,mind
note_apocalyptic,apocalyptic,abstract
note_apocrypha,apocrypha,religion
note_apocryphal,apocryphal,abstract
note_apogee,apogee,nature
note_apologetic,apologetic,mind
note_apologise,apologise,action
note_apologize,apologize,action
note_apology,apology,arts
note_apoplectic,apoplectic,life
note_apostasy,apostasy,religion
note_apostate,apostate,religion
note_apostrophe,apostrophe,abstract
note_apothecary,apothecary,life
note_apothegm,apothegm,abstract
note_apotheosis,apotheosis,abstract
note_appal,appal,action
note_appall,appall,action
note_apparatus,apparatus,abstract
note_apparel,apparel,action
note_apparent,apparent,abstract
note_apparition,apparition,abstract
note_appeal,appeal,action
note_appealing,appealing,abstract
note_appear,appear,action
note_appearance,appearance,abstract
note_appease,appease,action
note_appellation,appellation,abstract
note_appendage,appendage,abstract
note_appendix,appendix,life
note_appetite,appetite,life
note_appetizer,appetizer,life
note_appetizing,appetizing,abstract
note_applaud,applaud,action
note_applause,applause,mind
note_apple,apple,life
note_appliance,appliance,tech
note_applicable,applicable,abstract
note_applicant,applicant,business
note_application,application,abstract
note_applied,applied,abstract
note_apply,apply,action
note_appoint,appoint,action
note_appointment,appointment,business
note_apportion,apportion,action
note_apposite,apposite,abstract
note_appraisal,appraisal,abstract
note_appraise,appraise,action
note_appreciable,appreciable,abstract
note_appreciate,appreciate,action
note_appreciation,appreciation,mind
note_apprehend,apprehend,mind
note_apprehension,apprehension,mind
note_apprehensive,apprehensive,mind
note_apprentice,apprentice,business
note_apprise,apprise,action
note_approach,approach,action
note_approaches,approaches,action
note_approaching,approaching,abstract
note_approbation,approbation,abstract
note_appropriate,appropriate,action
note_appropriation,appropriation,business
note_approval,approval,abstract
note_approve,approve,action
note_approximate,approximate,action
note_approximately,approximately,none
note_april,april,none
note_apron,apron,life
note_apropos,apropos,abstract
note_apt,apt,abstract
note_aptitude,aptitude,abstract
note_aptly,aptly,none
note_aquamarine,aquamarine,nature
note_aquarium,aquarium,life
note_aquatic,aquatic,nature
note_aqueduct,aqueduct,tech
note_aquifer,aquifer,nature
note_aquiline,aquiline,nature
note_arab,arab,society
note_arabesque,arabesque,arts
note_arabian,arabian,abstract
note_arabic,arabic,abstract
note_arable,arable,nature
note_arachnid,arachnid,nature
note_arbiter,arbiter,society
note_arbitrary,arbitrary,abstract
note_arbitrate,arbitrate,action
note_arbitration,arbitration,society
note_arbitrator,arbitrator,society
note_arboreal,arboreal,nature
note_arboretum,arboretum,nature
note_arc,arc,science
note_arcane,arcane,abstract
note_arch,arch,action
note_archaeological,archaeological,science
note_archaeology,archaeology,science
note_archaic,archaic,abstract
note_archer,archer,arts
note_archetype,archetype,abstract
note_archipelago,archipelago,nature
note_architect,architect,society
note_architectural,architectural,abstract
note_architecture,architecture,arts
note_archive,archive,tech
note_archives,archives,tech
note_arctic,arctic,nature
note_ardent,ardent,mind
note_ardor,ardor,mind
note_arduous,arduous,abstract
note_are,are,none
note_area,area,abstract
note_areas,areas,abstract
note_arena,arena,life
note_argot,argot,arts
note_argue,argue,action
note_argument,argument,abstract
note_aria,aria,arts
note_arid,arid,nature
note_arise,arise,action
note_aristocracy,aristocracy,society
note_aristocrat,aristocrat,society
note_arithmetic,arithmetic,science
note_arm,arm,action
note_armada,armada,society
note_armament,armament,society
note_armchair,armchair,life
note_armistice,armistice,society
note_armor,armor,tech
note_armored,armored,tech
note_armory,armory,society
note_armour,armour,tech
note_arms,arms,society
note_army,army,society
note_aroma,aroma,abstract
note_aromatic,aromatic,abstract
note_around,around,none
note_arouse,arouse,action
note_arraign,arraign,action
note_arrange,arrange,action
note_arrangement,arrangement,abstract
note_array,array,action
note_arrest,arrest,action
note_arresting,arresting,abstract
note_arrhythmic,arrhythmic,life
note_arrival,arrival,abstract
note_arrive,arrive,action
note_arrogance,arrogance,mind
note_arrogant,arrogant,mind
note_arrogate,arrogate,action
note_arrow,arrow,tech
note_arroyo,arroyo,nature
note_arsenal,arsenal,society
note_arson,arson,society
note_art,art,arts
note_artery,artery,life
note_arthritis,arthritis,life
note_article,article,abstract
note_articles,articles,abstract
note_articulate,articulate,action
note_artifact,artifact,arts
note_artifacts,artifacts,arts
note_artifice,artifice,abstract
note_artificial,artificial,abstract
note_artillery,artillery,society
note_artisan,artisan,arts
note_artist,artist,arts
note_artistic,artistic,arts
note_artistry,artistry,arts
note_artless,artless,abstract
note_as,as,none
note_ascend,ascend,action
note_ascendancy,ascendancy,abstract
note_ascending,ascending,abstract
note_ascent,ascent,action
note_ascertain,ascertain,action
note_ascetic,ascetic,religion
note_ascribe,ascribe,action
note_aseptic,aseptic,life
note_ash,ash,nature
note_ashamed,ashamed,mind
note_ashore,ashore,abstract
note_asia,asia,nature
note_asian,asian,abstract
note_aside,aside,none
note_asinine,asinine,abstract
note_ask,ask,action
note_askance,askance,abstract
note_askew,askew,abstract
note_asleep,asleep,life
note_asparagus,asparagus,life
note_aspect,aspect,abstract
note_aspen,aspen,nature
note_asperity,asperity,abstract
note_aspersion,aspersion,abstract
note_asphalt,asphalt,life
note_asphyxia,asphyxia,life
note_asphyxiate,asphyxiate,action
note_aspirant,aspirant,abstract
note_aspiration,aspiration,mind
note_aspire,aspire,mind
note_aspirin,aspirin,life
note_aspiring,aspiring,abstract
note_ass,ass,life
note_assail,assail,action
note_assassin,assassin,society
note_assassinate,assassinate,action
note_assassination,assassination,society
note_assault,assault,action
note_assay,assay,science
note_assemblage,assemblage,abstract
note_assemble,assemble,action
note_assembly,assembly,society
note_assent,assent,action
note_assert,assert,action
note_assertive,assertive,abstract
note_assertiveness,assertiveness,abstract
note_assess,assess,business
note_assessment,assessment,business
note_asset,asset,business
note_assiduous,assiduous,abstract
note_assign,assign,action
note_assignment,assignment,business
note_assignments,assignments,business
note_assimilate,assimilate,action
note_assimilation,assimilation,abstract
note_assist,assist,action
note_assistance,assistance,abstract
note_assistant,assistant,business
note_assistantship,assistantship,business
note_associate,associate,action
note_association,association,abstract
note_assorted,assorted,abstract
note_assortment,assortment,abstract
note_assuage,assuage,action
note_assume,assume,action
note_assumption,assumption,abstract
note_assurance,assurance,abstract
note_assure,assure,action
note_assured,assured,abstract
note_assuredly,assuredly,none
note_asterisk,asterisk,tech
note_asteroid,asteroid,nature
note_asthma,asthma,life
note_astigmatic,astigmatic,abstract
note_astonish,astonish,action
note_astonished,astonished,abstract
note_astonishing,astonishing,abstract
note_astonishment,astonishment,mind
note_astound,astound,action
note_astounding,astounding,abstract
note_astray,astray,abstract
note_astringent,astringent,science
note_astrolabe,astrolabe,science
note_astrology,astrology,science
note_astronaut,astronaut,tech
note_astronomer,astronomer,science
note_astronomical,astronomical,science
note_astronomy,astronomy,science
note_astute,astute,abstract
note_asunder,asunder,abstract
note_asylum,asylum,society
note_asymmetric,asymmetric,abstract
note_asymmetrical,asymmetrical,abstract
note_at,at,none
note_atheism,atheism,religion
note_atheist,atheist,religion
note_athens,athens,nature
note_athlete,athlete,life
note_athletic,athletic,abstract
note_athletics,athletics,life
note_atlantic,atlantic,nature
note_atlas,atlas,abstract
note_atmosphere,atmosphere,nature
note_atmospheric,atmospheric,nature
note_atom,atom,science
note_atomic,atomic,science
note_atomization,atomization,science
note_atonal,atonal,arts
note_atone,atone,action
note_atrocious,atrocious,abstract
note_atrocity,atrocity,abstract
note_atrophy,atrophy,life
note_attach,attach,action
note_attached,attached,abstract
note_attachment,attachment,abstract
note_attack,attack,action
note_attacks,attacks,action
note_attain,attain,action
note_attainment,attainment,abstract
note_attempt,attempt,action
note_attempts,attempts,action
note_attend,attend,action
note_attendance,attendance,abstract
note_attendant,attendant,abstract
note_attent,attent,abstract
note_attention,attention,abstract
note_attentive,attentive,abstract
note_attentively,attentively,none
note_attenuate,attenuate,action
note_attest,attest,action
note_attic,attic,life
note_attire,attire,action
note_attitude,attitude,abstract
note_attorney,attorney,society
note_attract,attract,action
note_attraction,attraction,abstract
note_attractive,attractive,abstract
note_attribute,attribute,abstract
note_attrition,attrition,abstract
note_attune,attune,action
note_auction,auction,business
note_audacious,audacious,abstract
note_audible,audible,abstract
note_audience,audience,arts
note_audio,audio,tech
note_audit,audit,business
note_audition,audition,arts
note_auditor,auditor,business
note_auditorium,auditorium,life
note_auditory,auditory,abstract
note_auger,auger,tech
note_augment,augment,action
note_augmentation,augmentation,abstract
note_augur,augur,action
note_augury,augury,abstract
note_august,august,abstract
note_aunt,aunt,life
note_aura,aura,abstract
note_aural,aural,abstract
note_aureole,aureole,nature
note_auricular,auricular,abstract
note_aurora,aurora,nature
note_auspice,auspice,abstract
note_auspices,auspices,abstract
note_auspicious,auspicious,abstract
note_austere,austere,abstract
note_austerity,austerity,abstract
note_australia,australia,nature
note_australian,australian,nature
note_authentic,authentic,abstract
note_authenticate,authenticate,action
note_authenticity,authenticity,abstract
note_author,author,arts
note_authoritarian,authoritarian,society
note_authoritative,authoritative,abstract
note_authority,authority,society
note_authorization,authorization,society
note_authorize,authorize,action
note_auto,auto,tech
note_autobiographical,autobiographical,abstract
note_autobiography,autobiography,arts
note_autocracy,autocracy,society
note_autocrat,autocrat,society
note_automate,automate,action
note_automated,automated,tech
note_automatic,automatic,tech
note_automatically,automatically,abstract
note_automation,automation,tech
note_automobile,automobile,tech
note_automotive,automotive,tech
note_autonomous,autonomous,abstract
note_autonomy,autonomy,abstract
note_autopsy,autopsy,science
note_autumn,autumn,nature
note_auxiliary,auxiliary,abstract
note_avail,avail,action
note_availability,availability,abstract
note_available,available,abstract
note_avalanche,avalanche,nature
note_avant-garde,avant-garde,arts
note_avarice,avarice,mind
note_avaricious,avaricious,mind
note_avenge,avenge,action
note_avenue,avenue,life
note_aver,aver,abstract
note_average,average,abstract
note_averse,averse,mind
note_aversion,aversion,mind
note_avert,avert,action
note_aviary,aviary,nature
note_aviation,aviation,tech
note_aviator,aviator,tech
note_avid,avid,mind
note_avocation,avocation,life
note_avocational,avocational,life
note_avoid,avoid,action
note_avoidable,avoidable,abstract
note_avoidance,avoidance,abstract
note_avouch,avouch,action
note_avow,avow,action
note_avowal,avowal,abstract
note_avuncular,avuncular,mind
note_await,await,action
note_awake,awake,mind
note_award,award,business
note_aware,aware,mind
note_awareness,awareness,mind
note_away,away,action
note_awe,awe,mind
note_awe-inspiring,awe-inspiring,mind
note_awesome,awesome,mind
note_awful,awful,mind
note_awfully,awfully,abstract
note_awkward,awkward,mind
note_awkwardly,awkwardly,abstract
note_awl,awl,life
note_awning,awning,life
note_awry,awry,abstract
note_ax,ax,life
note_axe,axe,life
note_axial,axial,science
note_axiom,axiom,abstract
note_axis,axis,science
note_axle,axle,tech
note_azure,azure,nature
note_babble,babble,action
note_baboon,baboon,nature
note_baby,baby,life
note_baby-sitter,baby-sitter,life
note_bacchanal,bacchanal,arts
note_bachelor,bachelor,life
note_back,back,life
note_backache,backache,mind
note_backbone,backbone,mind
note_backdrop,backdrop,arts
note_background,background,abstract
note_backhanded,backhanded,action
note_backpack,backpack,life
note_backset,backset,action
note_backslide,backslide,action
note_backward,backward,abstract
note_backwater,backwater,nature
note_bacon,bacon,life
note_bacteria,bacteria,science
note_bacterium,bacterium,science
note_bad,bad,mind
note_badge,badge,life
note_badger,badger,nature
note_badinage,badinage,arts
note_badly,badly,abstract
note_badminton,badminton,life
note_baffle,baffle,action
note_bag,bag,life
note_baggage,baggage,life
note_bail,bail,business
note_bait,bait,life
note_bake,bake,action
note_bakery,bakery,life
note_balance,balance,abstract
note_balanced,balanced,abstract
note_balcony,balcony,life
note_bald,bald,life
note_baldness,baldness,life
note_bale,bale,business
note_baleful,baleful,mind
note_balk,balk,action
note_balky,balky,mind
note_ball,ball,life
note_ballad,ballad,arts
note_ballast,ballast,tech
note_ballerina,ballerina,arts
note_ballet,ballet,arts
note_balloon,balloon,tech
note_balloonist,balloonist,tech
note_ballot,ballot,society
note_ballpoint,ballpoint,tech
note_ballroom,ballroom,life
note_balm,balm,mind
note_balmy,balmy,nature
note_bamboo,bamboo,nature
note_bamboozle,bamboozle,action
note_ban,ban,society
note_banal,banal,mind
note_banana,banana,nature
note_band,band,arts
note_bandage,bandage,life
note_bandanna,bandanna,life
note_bandit,bandit,society
note_bandleader,bandleader,arts
note_bandmaster,bandmaster,arts
note_bands,bands,arts
note_bandy,bandy,action
note_bane,bane,mind
note_bang,bang,action
note_banish,banish,action
note_banister,banister,life
note_bank,bank,business
note_banker,banker,business
note_banking,banking,business
note_bankrupt,bankrupt,business
note_bankruptcy,bankruptcy,business
note_banner,banner,society
note_banquet,banquet,life
note_banter,banter,action
note_bar,bar,life
note_barb,barb,action
note_barbarian,barbarian,society
note_barbarous,barbarous,mind
note_barbecue,barbecue,life
note_barber,barber,life
note_barbershop,barbershop,life
note_bard,bard,arts
note_bare,bare,action
note_barefaced,barefaced,mind
note_barely,barely,abstract
note_bargain,bargain,business
note_barge,barge,life
note_bark,bark,action
note_barley,barley,nature
note_barn,barn,life
note_barometer,barometer,science
note_baron,baron,society
note_baroque,baroque,arts
note_barrage,barrage,society
note_barrel,barrel,life
note_barren,barren,nature
note_barrenness,barrenness,nature
note_barricade,barricade,society
note_barrier,barrier,abstract
note_barrister,barrister,society
note_barter,barter,business
note_base,base,abstract
note_baseball,baseball,life
note_basement,basement,life
note_bashful,bashful,mind
note_basic,basic,abstract
note_basically,basically,abstract
note_basin,basin,life
note_basis,basis,abstract
note_bask,bask,action
note_basket,basket,life
note_basketball,basketball,life
note_bassoon,bassoon,arts
note_baste,baste,action
note_bat,bat,nature
note_batch,batch,tech
note_bath,bath,life
note_bathe,bathe,action
note_bather,bather,life
note_bathetic,bathetic,mind
note_bathrobe,bathrobe,life
note_bathroom,bathroom,life
note_bathtub,bathtub,life
note_baton,baton,life
note_battalion,battalion,society
note_batter,batter,action
note_battery,battery,tech
note_battle,battle,society
note_battleground,battleground,society
note_bauble,bauble,life
note_bauxite,bauxite,nature
note_bawdy,bawdy,mind
note_bawl,bawl,action
note_bay,bay,nature
note_bazaar,bazaar,business
note_be,be,abstract
note_beach,beach,nature
note_beacon,beacon,tech
note_bead,bead,life
note_beaded,beaded,arts
note_beak,beak,nature
note_beam,beam,action
note_bean,bean,nature
note_beancurd,beancurd,life
note_bear,bear,nature
note_beard,beard,life
note_bearing,bearing,abstract
note_beast,beast,nature
note_beat,beat,action
note_beatific,beatific,mind
note_beats,beats,action
note_beautiful,beautiful,mind
note_beauty,beauty,mind
note_beaver,beaver,nature
note_because,because,abstract
note_beckon,beckon,action
note_become,become,action
note_becoming,becoming,mind
note_bed,bed,life
note_bedclothes,bedclothes,life
note_beddings,beddings,life
note_bedeck,bedeck,action
note_bedizen,bedizen,action
note_bedlam,bedlam,mind
note_bedraggled,bedraggled,mind
note_bedrock,bedrock,nature
note_bedroom,bedroom,life
note_beds,beds,life
note_bedsit,bedsit,life
note_bee,bee,nature
note_beef,beef,life
note_beehive,beehive,nature
note_beer,beer,life
note_beet,beet,nature
note_beetle,beetle,nature
note_before,before,abstract
note_beforehand,beforehand,abstract
note_befuddle,befuddle,mind
note_befuddlement,befuddlement,mind
note_beg,beg,action
note_beget,beget,action
note_beggar,beggar,life
note_begin,begin,action
note_beginner,beginner,life
note_beginners,beginners,life
note_beginning,beginning,abstract
note_begrudge,begrudge,mind
note_beguile,beguile,action
note_behalf,behalf,abstract
note_behave,behave,action
note_behavior,behavior,mind
note_behaviour,behaviour,mind
note_behind,behind,abstract
note_behold,behold,action
note_beholden,beholden,mind
note_beholder,beholder,mind
note_behoove,behoove,abstract
note_being,being,abstract
note_belabor,belabor,action
note_belated,belated,mind
note_belch,belch,action
note_beleaguer,beleaguer,action
note_belgium,belgium,nature
note_belie,belie,action
note_belief,belief,mind
note_believe,believe,mind
note_believer,believer,mind
note_belittle,belittle,action
note_bell,bell,life
note_bellicose,bellicose,mind
note_belligerence,belligerence,society
note_belligerent,belligerent,society
note_bellows,bellows,life
note_bellwether,bellwether,society
note_belly,belly,life
note_belong,belong,action
note_belongings,belongings,life
note_beloved,beloved,mind
note_below,below,abstract
note_belt,belt,life
note_belts,belts,life
note_bemused,bemused,mind
note_bench,bench,life
note_bend,bend,action
note_beneath,beneath,abstract
note_benediction,benediction,arts
note_benefactor,benefactor,society
note_beneficial,beneficial,abstract
note_beneficiary,beneficiary,business
note_benefit,benefit,abstract
note_benefits,benefits,abstract
note_benevolent,benevolent,mind
note_benign,benign,mind
note_benison,benison,mind
note_bent,bent,action
note_bequeath,bequeath,action
note_bequest,bequest,business
note_berate,berate,action
note_bereave,bereave,action
note_bereft,bereft,mind
note_berlin,berlin,nature
note_berry,berry,nature
note_berserk,berserk,mind
note_berth,berth,life
note_beseech,beseech,action
note_beset,beset,action
note_beside,beside,abstract
note_besides,besides,abstract
note_besiege,besiege,action
note_besmirch,besmirch,action
note_bespeak,bespeak,action
note_best,best,abstract
note_bestial,bestial,mind
note_bestow,bestow,action
note_bet,bet,action
note_betoken,betoken,action
note_betray,betray,action
note_betroth,betroth,action
note_better,better,abstract
note_between,between,abstract
note_beverage,beverage,life
note_beware,beware,action
note_bewilder,bewilder,mind
note_bewildering,bewildering,mind
note_beyond,beyond,abstract
note_bias,bias,abstract
note_biased,biased,mind
note_bible,bible,arts
note_bibliography,bibliography,abstract
note_bibliophile,bibliophile,arts
note_bibulous,bibulous,mind
note_bicameral,bicameral,society
note_bicker,bicker,action
note_bicycle,bicycle,tech
note_bicycles,bicycles,tech
note_bid,bid,action
note_bidding,bidding,business
note_biennial,biennial,abstract
note_bifurcate,bifurcate,action
note_big,big,abstract
note_bigot,bigot,mind
note_bigoted,bigoted,mind
note_bigotry,bigotry,mind
note_bike,bike,tech
note_bilateral,bilateral,abstract
note_bile,bile,mind
note_bilingual,bilingual,abstract
note_bilious,bilious,mind
note_bilk,bilk,action
note_bill,bill,business
note_billion,billion,abstract
note_billow,billow,action
note_billowy,billowy,nature
note_bin,bin,life
note_bind,bind,action
note_bingo,bingo,life
note_biochemistry,biochemistry,science
note_biographer,biographer,arts
note_biography,biography,arts
note_biological,biological,science
note_biologist,biologist,science
note_biology,biology,science
note_biosphere,biosphere,nature
note_biotech,biotech,tech
note_biped,biped,nature
note_bipedal,bipedal,nature
note_bird,bird,nature
note_birdcage,birdcage,life
note_birds,birds,nature
note_birmingham,birmingham,nature
note_birth,birth,life
note_birthday,birthday,life
note_birthplace,birthplace,life
note_biscuit,biscuit,life
note_bishop,bishop,society
note_bison,bison,nature
note_bit,bit,tech
note_bite,bite,action
note_bitter,bitter,mind
note_bitterly,bitterly,abstract
note_bitterness,bitterness,mind
note_bitumen,bitumen,nature
note_bizarre,bizarre,mind
note_black,black,nature
note_blackball,blackball,action
note_blackboard,blackboard,life
note_blackmail,blackmail,society
note_blacksmith,blacksmith,life
note_blade,blade,life
note_blame,blame,mind
note_blanch,blanch,action
note_bland,bland,mind
note_blandishment,blandishment,mind
note_blank,blank,mind
note_blanket,blanket,life
note_blare,blare,action
note_blasphemy,blasphemy,mind
note_blast,blast,action
note_blatant,blatant,mind
note_blaze,blaze,action
note_blazing,blazing,action
note_blazon,blazon,action
note_bleach,bleach,action
note_bleachers,bleachers,life
note_bleak,bleak,mind
note_bleed,bleed,action
note_blemish,blemish,mind
note_blend,blend,action
note_bless,bless,mind
note_blessing,blessing,mind
note_blight,blight,action
note_blighted,blighted,nature
note_blind,blind,life
note_blinds,blinds,life
note_blink,blink,action
note_bliss,bliss,mind
note_blissful,blissful,mind
note_blithe,blithe,mind
note_blizzard,blizzard,nature
note_bloated,bloated,mind
note_bloc,bloc,society
note_block,block,action
note_blockade,blockade,society
note_blockage,blockage,abstract
note_blocks,blocks,life
note_blond,blond,life
note_blonde,blonde,life
note_blood,blood,life
note_bloody,bloody,action
note_bloom,bloom,action
note_blooming,blooming,nature
note_blossom,blossom,nature
note_blot,blot,action
note_blotch,blotch,action
note_blouse,blouse,life
note_blow,blow,action
note_blowhard,blowhard,mind
note_bludgeon,bludgeon,action
note_blue,blue,mind
note_blueprint,blueprint,tech
note_blues,blues,arts
note_bluff,bluff,action
note_blunder,blunder,action
note_blunt,blunt,action
note_bluntly,bluntly,abstract
note_blur,blur,action
note_blurb,blurb,arts
note_blurt,blurt,action
note_blush,blush,action
note_bluster,bluster,action
note_blustering,blustering,mind
note_board,board,life
note_boarder,boarder,life
note_boardinghouse,boardinghouse,life
note_boast,boast,action
note_boastful,boastful,mind
note_boat,boat,life
note_boating,boating,life
note_bode,bode,action
note_bodily,bodily,life
note_boding,boding,mind
note_body,body,life
note_bodyguard,bodyguard,life
note_bog,bog,nature
note_boggle,boggle,mind
note_bogus,bogus,mind
note_bohemian,bohemian,arts
note_boil,boil,action
note_boiler,boiler,tech
note_boisterous,boisterous,mind
note_bold,bold,mind
note_bolster,bolster,action
note_bolt,bolt,action
note_bomb,bomb,society
note_bombardment,bombardment,society
note_bombast,bombast,mind
note_bombastic,bombastic,mind
note_bonanza,bonanza,business
note_bond,bond,action
note_bondage,bondage,mind
note_bone,bone,life
note_bones,bones,life
note_bonhomie,bonhomie,mind
note_bonnet,bonnet,life
note_bonus,bonus,business
note_boo,boo,action
note_book,book,arts
note_bookcase,bookcase,life
note_booking,booking,business
note_bookkeeper,bookkeeper,business
note_booklet,booklet,arts
note_booklist,booklist,arts
note_bookmark,bookmark,life
note_books,books,arts
note_bookshelf,bookshelf,life
note_bookshop,bookshop,life
note_bookstore,bookstore,life
note_boom,boom,action
note_boon,boon,mind
note_boor,boor,mind
note_boost,boost,action
note_boot,boot,life
note_booth,booth,life
note_bootless,bootless,mind
note_boots,boots,life
note_border,border,nature
note_bore,bore,action
note_bored,bored,mind
note_boredom,boredom,mind
note_boring,boring,mind
note_born,born,life
note_borrow,borrow,action
note_bosom,bosom,mind
note_boss,boss,business
note_botanical,botanical,nature
note_botany,botany,science
note_botch,botch,action
note_both,both,abstract
note_bother,bother,mind
note_bottle,bottle,life
note_bottleneck,bottleneck,abstract
note_bottom,bottom,nature
note_bough,bough,nature
note_boulder,boulder,nature
note_bounce,bounce,action
note_bound,bound,action
note_boundary,boundary,abstract
note_boundless,boundless,abstract
note_bounteous,bounteous,mind
note_bounty,bounty,mind
note_bouquet,bouquet,life
note_bourgeois,bourgeois,society
note_bout,bout,life
note_bovine,bovine,nature
note_bow,bow,action
note_bowdlerize,bowdlerize,action
note_bowel,bowel,life
note_bower,bower,life
note_bowl,bowl,life
note_bowlegged,bowlegged,life
note_bowling,bowling,life
note_bowls,bowls,life
note_box,box,life
note_boxing,boxing,life
note_boy,boy,life
note_boycott,boycott,society
note_brace,brace,action
note_bracelet,bracelet,life
note_bracing,bracing,action
note_bracket,bracket,life
note_brackish,brackish,nature
note_brag,brag,action
note_braggadocio,braggadocio,mind
note_braggart,braggart,mind
note_braid,braid,action
note_brain,brain,mind
note_brake,brake,action
note_branch,branch,nature
note_brand,brand,business
note_brandish,brandish,action
note_brandy,brandy,life
note_brash,brash,mind
note_brass,brass,arts
note_brassy,brassy,mind
note_brat,brat,mind
note_brattish,brattish,mind
note_bravado,bravado,mind
note_brave,brave,mind
note_bravery,bravery,mind
note_bravura,bravura,arts
note_brawl,brawl,action
note_brawling,brawling,action
note_brawny,brawny,mind
note_bray,bray,action
note_brazen,brazen,mind
note_breach,breach,action
note_bread,bread,life
note_breadth,breadth,abstract
note_break,break,action
note_breakdown,breakdown,abstract
note_breakfast,breakfast,life
note_breakthrough,breakthrough,abstract
note_breakup,breakup,abstract
note_breast,breast,life
note_breath,breath,life
note_breathe,breathe,action
note_breathing,breathing,life
note_breathless,breathless,mind
note_breathtaking,breathtaking,mind
note_breed,breed,nature
note_breeding,breeding,mind
note_breeze,breeze,nature
note_breezeway,breezeway,life
note_brew,brew,action
note_brewery,brewery,business
note_bribe,bribe,business
note_brick,brick,life
note_bricklayer,bricklayer,life
note_bride,bride,life
note_bridegroom,bridegroom,life
note_bridge,bridge,life
note_bridle,bridle,action
note_brief,brief,abstract
note_briefcase,briefcase,life
note_bright,bright,mind
note_brighten,brighten,action
note_brightness,brightness,abstract
note_brilliance,brilliance,mind
note_brilliant,brilliant,mind
note_brilliantly,brilliantly,abstract
note_brim,brim,life
note_brindled,brindled,nature
note_bring,bring,action
note_brink,brink,abstract
note_briny,briny,nature
note_brisk,brisk,mind
note_briskness,briskness,abstract
note_bristle,bristle,action
note_bristol,bristol,nature
note_britain,britain,society
note_british,british,society
note_brittle,brittle,nature
note_broach,broach,action
note_broad,broad,abstract
note_broad-brimmed,broad-brimmed,life
note_broadcast,broadcast,tech
note_broaden,broaden,action
note_brocade,brocade,arts
note_brochure,brochure,business
note_brochures,brochures,business
note_broil,broil,action
note_broken,broken,abstract
note_broker,broker,business
note_bromide,bromide,science
note_bronze,bronze,arts
note_brooch,brooch,life
note_brood,brood,action
note_brook,brook,nature
note_broom,broom,life
note_brother,brother,life
note_brotherhood,brotherhood,society
note_brothers,brothers,life
note_brow,brow,life
note_browbeat,browbeat,action
note_brown,brown,nature
note_brownish,brownish,nature
note_browse,browse,action
note_bruise,bruise,action
note_bruit,bruit,action
note_brunch,brunch,life
note_brunt,brunt,abstract
note_brush,brush,life
note_brusque,brusque,mind
note_brutal,brutal,mind
note_brute,brute,mind
note_bubble,bubble,action
note_buck,buck,life
note_bucket,bucket,life
note_buckle,buckle,action
note_bucolic,bucolic,nature
note_bud,bud,nature
note_buddhism,buddhism,arts
note_buddhist,buddhist,arts
note_buddy,buddy,life
note_budge,budge,action
note_budget,budget,business
note_buffalo,buffalo,nature
note_buffer,buffer,tech
note_buffet,buffet,life
note_buffoon,buffoon,mind
note_bug,bug,life
note_bugaboo,bugaboo,mind
note_buggy,buggy,life
note_bugle,bugle,life
note_build,build,action
note_building,building,life
note_buildings,buildings,life
note_bulb,bulb,life
note_bulge,bulge,action
note_bulk,bulk,abstract
note_bulky,bulky,abstract
note_bull,bull,nature
note_bullet,bullet,life
note_bulletin,bulletin,business
note_bullion,bullion,business
note_bully,bully,mind
note_bumble,bumble,action
note_bumblebee,bumblebee,nature
note_bump,bump,action
note_bumper,bumper,life
note_bumptious,bumptious,mind
note_bun,bun,life
note_bunch,bunch,abstract
note_bundle,bundle,life
note_bungalow,bungalow,life
note_bungle,bungle,action
note_bunk,bunk,life
note_buoy,buoy,life
note_buoyant,buoyant,mind
note_burden,burden,mind
note_burdensome,burdensome,mind
note_bureau,bureau,society
note_bureaucracy,bureaucracy,society
note_bureaucratic,bureaucratic,society
note_burgeon,burgeon,action
note_burger,burger,life
note_burglar,burglar,society
note_burial,burial,life
note_burlesque,burlesque,arts
note_burn,burn,action
note_burner,burner,tech
note_burning,burning,action
note_burnish,burnish,action
note_burrow,burrow,action
note_burst,burst,action
note_bury,bury,action
note_bus,bus,life
note_bush,bush,nature
note_bushel,bushel,life
note_business,business,business
note_businessman,businessman,business
note_businesswoman,businesswoman,business
note_bust,bust,life
note_bustle,bustle,action
note_busy,busy,mind
note_but,but,abstract
note_butcher,butcher,life
note_butt,butt,action
note_butter,butter,life
note_butterfly,butterfly,nature
note_button,button,life
note_buttress,buttress,action
note_buxom,buxom,mind
note_buy,buy,business
note_buzz,buzz,action
note_buzzer,buzzer,tech
note_by,by,abstract
note_by-product,by-product,abstract
note_bye,bye,life
note_byline,byline,arts
note_bypass,bypass,tech
note_byproduct,byproduct,abstract
note_bystander,bystander,life
note_byword,byword,abstract
note_byzantine,byzantine,society
note_cab,cab,life
note_cabal,cabal,society
note_cabbage,cabbage,nature
note_cabin,cabin,life
note_cabinet,cabinet,life
note_cabinetmaker,cabinetmaker,business
note_cable,cable,tech
note_cache,cache,tech
note_cachet,cachet,mind
note_cacophonous,cacophonous,mind
note_cacophony,cacophony,mind
note_cacti,cacti,nature
note_cactus,cactus,nature
note_cadaver,cadaver,science
note_cadence,cadence,abstract
note_cadet,cadet,society
note_cadge,cadge,action
note_cafe,cafe,life
note_cafeteria,cafeteria,life
note_cage,cage,life
note_cages,cages,life
note_cajole,cajole,action
note_cake,cake,life
note_calamity,calamity,mind
note_calcium,calcium,science
note_calculate,calculate,action
note_calculated,calculated,abstract
note_calculating,calculating,mind
note_calculation,calculation,abstract
note_calculator,calculator,tech
note_calculus,calculus,science
note_caldron,caldron,life
note_calendar,calendar,abstract
note_caliber,caliber,abstract
note_calibrate,calibrate,tech
note_calibration,calibration,tech
note_calibre,calibre,abstract
note_calipers,calipers,tech
note_call,call,action
note_calligraphy,calligraphy,arts
note_callous,callous,mind
note_callow,callow,mind
note_callus,callus,life
note_calm,calm,mind
note_calorie,calorie,science
note_calumniate,calumniate,mind
note_calumny,calumny,mind
note_cambridge,cambridge,society
note_camel,camel,nature
note_cameo,cameo,arts
note_camera,camera,tech
note_camouflage,camouflage,action
note_camp,camp,life
note_campaign,campaign,society
note_campus,campus,life
note_can,can,action
note_canada,canada,nature
note_canadian,canadian,society
note_canal,canal,nature
note_canard,canard,mind
note_canary,canary,nature
note_cance,cance,none
note_cancel,cancel,action
note_cancellation,cancellation,abstract
note_cancer,cancer,mind
note_candid,candid,mind
note_candidacy,candidacy,society
note_candidate,candidate,society
note_candle,candle,life
note_candles,candles,life
note_candor,candor,mind
note_candy,candy,life
note_cane,cane,life
note_canine,canine,nature
note_canker,canker,mind
note_cannibalism,cannibalism,nature
note_cannon,cannon,society
note_canny,canny,mind
note_canoe,canoe,life
note_canon,canon,arts
note_canonical,canonical,abstract
note_canopy,canopy,life
note_cant,cant,mind
note_cantankerous,cantankerous,mind
note_cantata,cantata,arts
note_canteen,canteen,life
note_canter,canter,action
note_canto,canto,arts
note_canvas,canvas,arts
note_canvass,canvass,action
note_canyon,canyon,nature
note_cap,cap,life
note_capability,capability,abstract
note_capable,capable,abstract
note_capacious,capacious,abstract
note_capacitance,capacitance,science
note_capacitor,capacitor,tech
note_capacity,capacity,abstract
note_cape,cape,life
note_caper,caper,action
note_capillary,capillary,science
note_capital,capital,business
note_capitalism,capitalism,society
note_capitalize,capitalize,business
note_capitation,capitation,business
note_capitulate,capitulate,action
note_caprice,caprice,mind
note_capricious,capricious,mind
note_capsize,capsize,action
note_capsule,capsule,tech
note_captain,captain,society
note_caption,caption,arts
note_captious,captious,mind
note_captivate,captivate,mind
note_captive,captive,mind
note_captivity,captivity,mind
note_capture,capture,action
note_car,car,life
note_carafe,carafe,life
note_carapace,carapace,nature
note_carat,carat,abstract
note_carbohydrate,carbohydrate,science
note_carbon,carbon,science
note_carcase,carcase,life
note_carcass,carcass,life
note_carcinogen,carcinogen,science
note_card,card,life
note_cardiac,cardiac,science
note_cardinal,cardinal,nature
note_cardiologist,cardiologist,science
note_cards,cards,life
note_care,care,mind
note_careen,careen,action
note_career,career,life
note_careerism,careerism,mind
note_careful,careful,mind
note_careless,careless,mind
note_carelessly,carelessly,abstract
note_caress,caress,action
note_careworn,careworn,mind
note_cargo,cargo,business
note_caricature,caricature,arts
note_carillon,carillon,arts
note_carnage,carnage,mind
note_carnal,carnal,mind
note_carnival,carnival,life
note_carnivore,carnivore,nature
note_carnivorous,carnivorous,nature
note_carol,carol,arts
note_carouse,carouse,action
note_carp,carp,nature
note_carpenter,carpenter,life
note_carpentry,carpentry,life
note_carpet,carpet,life
note_carping,carping,mind
note_carriage,carriage,life
note_carrier,carrier,business
note_carrion,carrion,nature
note_carrot,carrot,nature
note_carry,carry,action
note_cart,cart,life
note_cartographer,cartographer,science
note_carton,carton,life
note_cartoon,cartoon,arts
note_cartridge,cartridge,tech
note_carve,carve,action
note_carver,carver,life
note_carving,carving,arts
note_cascade,cascade,nature
note_case,case,abstract
note_cash,cash,business
note_cashier,cashier,business
note_cassette,cassette,tech
note_cast,cast,action
note_cast-iron,cast-iron,abstract
note_caste,caste,society
note_castigate,castigate,action
note_castigation,castigation,mind
note_casting,casting,arts
note_castle,castle,life
note_casual,casual,mind
note_casualty,casualty,society
note_cat,cat,nature
note_cataclysm,cataclysm,nature
note_catalog,catalog,arts
note_catalogue,catalogue,arts
note_catalyst,catalyst,science
note_catalyze,catalyze,science
note_catapult,catapult,action
note_catastrophe,catastrophe,mind
note_catch,catch,action
note_catching,catching,mind
note_categorical,categorical,abstract
note_categorize,categorize,abstract
note_category,category,abstract
note_cater,cater,action
note_catering,catering,business
note_caterpillar,caterpillar,nature
note_catharsis,catharsis,mind
note_cathedral,cathedral,arts
note_catholic,catholic,arts
note_cattle,cattle,nature
note_caucus,caucus,society
note_caulk,caulk,action
note_causal,causal,abstract
note_cause,cause,abstract
note_causes,causes,abstract
note_caustic,caustic,mind
note_cauterize,cauterize,science
note_caution,caution,mind
note_cautionary,cautionary,mind
note_cautious,cautious,mind
note_cautiously,cautiously,abstract
note_cavalcade,cavalcade,life
note_cavalier,cavalier,mind
note_cavalry,cavalry,society
note_cave,cave,nature
note_caveat,caveat,abstract
note_cavern,cavern,nature
note_caves,caves,nature
note_cavil,cavil,action
note_cavity,cavity,science
note_cavort,cavort,action
note_cd,cd,tech
note_cd-rom,cd-rom,tech
note_cease,cease,action
note_ceaseless,ceaseless,abstract
note_cedar,cedar,nature
note_cede,cede,action
note_ceiling,ceiling,life
note_celebrate,celebrate,action
note_celebrated,celebrated,mind
note_celebration,celebration,life
note_celebrity,celebrity,mind
note_celerity,celerity,abstract
note_celestial,celestial,nature
note_celibate,celibate,mind
note_cell,cell,science
note_cellar,cellar,life
note_cellist,cellist,arts
note_cello,cello,arts
note_cellular,cellular,science
note_cellulose,cellulose,science
note_celsius,celsius,science
note_cement,cement,tech
note_cemetery,cemetery,life
note_censor,censor,society
note_censure,censure,mind
note_census,census,society
note_cent,cent,abstract
note_centaur,centaur,nature
note_centenary,centenary,abstract
note_centennial,centennial,abstract
note_center,center,abstract
note_centigrade,centigrade,science
note_centimetre,centimetre,science
note_central,central,abstract
note_centralization,centralization,society
note_centralize,centralize,action
note_centre,centre,abstract
note_centrifugal,centrifugal,science
note_centripetal,centripetal,science
note_centurion,centurion,society
note_century,century,abstract
note_cephalic,cephalic,science
note_ceramic,ceramic,arts
note_ceramics,ceramics,arts
note_cereal,cereal,life
note_cerebral,cerebral,mind
note_ceremonial,ceremonial,arts
note_ceremonious,ceremonious,mind
note_ceremony,ceremony,arts
note_certain,certain,abstract
note_certainly,certainly,abstract
note_certainty,certainty,abstract
note_certificate,certificate,business
note_certificates,certificates,business
note_certification,certification,business
note_certify,certify,action
note_certitude,certitude,abstract
note_cessation,cessation,abstract
note_cession,cession,society
note_chafe,chafe,action
note_chaff,chaff,nature
note_chagrin,chagrin,mind
note_chain,chain,action
note_chair,chair,life
note_chairman,chairman,society
note_chairwoman,chairwoman,society
note_chalice,chalice,arts
note_chalk,chalk,life
note_challenge,challenge,action
note_challenging,challenging,abstract
note_chamber,chamber,life
note_chameleon,chameleon,nature
note_champagne,champagne,life
note_champion,champion,society
note_championship,championship,society
note_chance,chance,abstract
note_chancellor,chancellor,society
note_chandelier,chandelier,life
note_change,change,action
note_changeable,changeable,abstract
note_channel,channel,tech
note_chant,chant,arts
note_chaos,chaos,abstract
note_chaotic,chaotic,abstract
note_chap,chap,life
note_chapel,chapel,arts
note_chapter,chapter,abstract
note_char,char,action
note_character,character,abstract
note_characteristic,characteristic,abstract
note_characterization,characterization,abstract
note_characterize,characterize,action
note_charade,charade,arts
note_charcoal,charcoal,nature
note_charge,charge,business
note_charges,charges,business
note_charisma,charisma,mind
note_charitable,charitable,mind
note_charity,charity,society
note_charlatan,charlatan,mind
note_charm,charm,mind
note_charming,charming,mind
note_chart,chart,business
note_charter,charter,society
note_chary,chary,mind
note_chase,chase,action
note_chasm,chasm,nature
note_chaste,chaste,mind
note_chasten,chasten,action
note_chastise,chastise,action
note_chat,chat,action
note_chateau,chateau,life
note_chatter,chatter,action
note_chauvinism,chauvinism,mind
note_chauvinistic,chauvinistic,mind
note_cheap,cheap,abstract
note_cheaper,cheaper,abstract
note_cheat,cheat,action
note_check,check,action
note_checkered,checkered,abstract
note_checkout,checkout,business
note_checks,checks,action
note_checkup,checkup,mind
note_cheek,cheek,body
note_cheer,cheer,mind
note_cheerful,cheerful,mind
note_cheers,cheers,mind
note_cheese,cheese,life
note_cheetah,cheetah,nature
note_chef,chef,life
note_chemical,chemical,science
note_chemist,chemist,science
note_chemistry,chemistry,science
note_cheque,cheque,business
note_cherish,cherish,mind
note_cherry,cherry,nature
note_cherubic,cherubic,mind
note_chess,chess,life
note_chest,chest,body
note_chestnut,chestnut,nature
note_chew,chew,action
note_chic,chic,arts
note_chicanery,chicanery,mind
note_chick,chick,nature
note_chicken,chicken,life
note_chicks,chicks,nature
note_chide,chide,action
note_chief,chief,society
note_chiefly,chiefly,abstract
note_child,child,life
note_childcare,childcare,life
note_childhood,childhood,life
note_childish,childish,mind
note_children,children,life
note_chill,chill,body
note_chilli,chilli,life
note_chilly,chilly,nature
note_chimera,chimera,arts
note_chimney,chimney,life
note_chimpanzee,chimpanzee,nature
note_chin,chin,body
note_china,china,life
note_chinese,chinese,abstract
note_chip,chip,tech
note_chipmunk,chipmunk,nature
note_chips,chips,life
note_chirp,chirp,nature
note_chisel,chisel,action
note_chivalrous,chivalrous,mind
note_chivalry,chivalry,society
note_chlorophyll,chlorophyll,science
note_chocolate,chocolate,life
note_choice,choice,abstract
note_choices,choices,abstract
note_choir,choir,arts
note_choke,choke,action
note_choleric,choleric,mind
note_choose,choose,action
note_chop,chop,action
note_choppy,choppy,nature
note_chopsticks,chopsticks,life
note_chord,chord,arts
note_chore,chore,life
note_choreograph,choreograph,arts
note_choreographer,choreographer,arts
note_choreographic,choreographic,arts
note_choreography,choreography,arts
note_chortle,chortle,mind
note_chorus,chorus,arts
note_christ,christ,arts
note_christian,christian,arts
note_christmas,christmas,life
note_chromatic,chromatic,science
note_chromosome,chromosome,science
note_chromosphere,chromosphere,science
note_chronic,chronic,mind
note_chronicle,chronicle,arts
note_chronological,chronological,abstract
note_chronology,chronology,abstract
note_chrysanthemum,chrysanthemum,nature
note_chubby,chubby,body
note_chuckle,chuckle,mind
note_chum,chum,life
note_chunk,chunk,abstract
note_church,church,arts
note_churl,churl,mind
note_cider,cider,life
note_cigar,cigar,life
note_cigaret,cigaret,life
note_cigarette,cigarette,life
note_ciliate,ciliate,nature
note_cinder,cinder,nature
note_cineaste,cineaste,arts
note_cinema,cinema,arts
note_cipher,cipher,tech
note_circle,circle,abstract
note_circuit,circuit,tech
note_circuitous,circuitous,action
note_circular,circular,abstract
note_circulate,circulate,action
note_circulation,circulation,science
note_circumference,circumference,science
note_circumlocution,circumlocution,abstract
note_circumlocutory,circumlocutory,abstract
note_circumscribe,circumscribe,action
note_circumspect,circumspect,mind
note_circumstance,circumstance,abstract
note_circumstantial,circumstantial,abstract
note_circumvent,circumvent,action
note_circus,circus,arts
note_cistern,cistern,life
note_citadel,citadel,society
note_citation,citation,abstract
note_cite,cite,action
note_cities,cities,society
note_citizen,citizen,society
note_citizenship,citizenship,society
note_city,city,society
note_civic,civic,society
note_civil,civil,society
note_civilian,civilian,society
note_civility,civility,mind
note_civilization,civilization,society
note_civilize,civilize,action
note_claim,claim,action
note_clairvoyance,clairvoyance,mind
note_clairvoyant,clairvoyant,mind
note_clam,clam,nature
note_clamor,clamor,action
note_clamorous,clamorous,mind
note_clamour,clamour,action
note_clamp,clamp,action
note_clan,clan,society
note_clandestine,clandestine,action
note_clannish,clannish,mind
note_clap,clap,action
note_clarification,clarification,abstract
note_clarify,clarify,action
note_clarion,clarion,nature
note_clarity,clarity,abstract
note_clash,clash,action
note_clasp,clasp,action
note_class,class,abstract
note_classic,classic,abstract
note_classical,classical,arts
note_classification,classification,abstract
note_classify,classify,action
note_classmate,classmate,life
note_classmates,classmates,life
note_classroom,classroom,life
note_clatter,clatter,action
note_clause,clause,business
note_claw,claw,body
note_clay,clay,nature
note_clean,clean,action
note_cleaner,cleaner,life
note_cleaning,cleaning,action
note_cleanliness,cleanliness,mind
note_cleanse,cleanse,action
note_clear,clear,abstract
note_clearance,clearance,business
note_clearing,clearing,nature
note_clearly,clearly,abstract
note_cleavage,cleavage,science
note_cleave,cleave,action
note_cleaver,cleaver,life
note_cleft,cleft,action
note_clemency,clemency,mind
note_clement,clement,mind
note_clench,clench,action
note_clergy,clergy,arts
note_clergyman,clergyman,arts
note_clerk,clerk,business
note_clever,clever,mind
note_cliche,cliche,arts
note_click,click,action
note_client,client,business
note_clientele,clientele,business
note_clients,clients,business
note_cliff,cliff,nature
note_climate,climate,nature
note_climatic,climatic,nature
note_climax,climax,abstract
note_climb,climb,action
note_clinch,clinch,action
note_cling,cling,action
note_clinic,clinic,mind
note_clinical,clinical,mind
note_clip,clip,action
note_clipper,clipper,life
note_clique,clique,society
note_cloak,cloak,life
note_clock,clock,life
note_clockwise,clockwise,abstract
note_clog,clog,action
note_cloister,cloister,arts
note_clone,clone,science
note_close,close,action
note_close-up,close-up,arts
note_closed-minded,closed-minded,mind
note_closely,closely,abstract
note_closet,closet,life
note_closure,closure,abstract
note_clot,clot,science
note_cloth,cloth,life
note_clothe,clothe,action
note_clothes,clothes,life
note_clothing,clothing,life
note_cloture,cloture,society
note_cloud,cloud,nature
note_cloudburst,cloudburst,nature
note_cloudy,cloudy,nature
note_clout,clout,action
note_clown,clown,arts
note_cloy,cloy,mind
note_cloying,cloying,mind
note_club,club,society
note_clubs,clubs,society
note_clue,clue,abstract
note_clumsy,clumsy,mind
note_cluster,cluster,science
note_clutch,clutch,action
note_clutter,clutter,action
note_co-operation,co-operation,abstract
note_co-operative,co-operative,abstract
note_coach,coach,life
note_coagulant,coagulant,science
note_coagulate,coagulate,science
note_coagulation,coagulation,science
note_coal,coal,nature
note_coalesce,coalesce,action
note_coalescence,coalescence,abstract
note_coalition,coalition,society
note_coarse,coarse,abstract
note_coarsen,coarsen,action
note_coast,coast,nature
note_coastal,coastal,nature
note_coat,coat,life
note_coax,coax,action
note_cob,cob,nature
note_cobbler,cobbler,life
note_cocaine,cocaine,mind
note_cock,cock,nature
note_cocktail,cocktail,life
note_cocoa,cocoa,life
note_cocoon,cocoon,nature
note_coda,coda,arts
note_coddle,coddle,action
note_code,code,tech
note_codify,codify,action
note_coeducation,coeducation,society
note_coefficient,coefficient,science
note_coerce,coerce,action
note_coercion,coercion,mind
note_coeval,coeval,abstract
note_coexist,coexist,action
note_coffee,coffee,life
note_coffeepot,coffeepot,life
note_coffer,coffer,business
note_coffin,coffin,life
note_cog,cog,tech
note_cogent,cogent,mind
note_cogitate,cogitate,mind
note_cognate,cognate,abstract
note_cognitive,cognitive,mind
note_cognizance,cognizance,abstract
note_cognizant,cognizant,mind
note_cognomen,cognomen,abstract
note_cohabit,cohabit,life
note_cohere,cohere,abstract
note_coherence,coherence,abstract
note_coherent,coherent,abstract
note_cohesion,cohesion,abstract
note_cohesive,cohesive,abstract
note_coil,coil,action
note_coin,coin,business
note_coinage,coinage,business
note_coincide,coincide,action
note_coincidence,coincidence,abstract
note_coincident,coincident,abstract
note_coke,coke,life
note_cola,cola,life
note_colander,colander,life
note_cold,cold,nature
note_cold-blooded,cold-blooded,mind
note_collaborate,collaborate,action
note_collaboration,collaboration,abstract
note_collage,collage,arts
note_collapse,collapse,action
note_collar,collar,life
note_collate,collate,action
note_collateral,collateral,business
note_colleague,colleague,business
note_colleagues,colleagues,business
note_collect,collect,action
note_collected,collected,abstract
note_collection,collection,abstract
note_collective,collective,abstract
note_college,college,society
note_colleges,colleges,society
note_collide,collide,action
note_collision,collision,science
note_colloquial,colloquial,arts
note_colloquialism,colloquialism,arts
note_colloquium,colloquium,abstract
note_colloquy,colloquy,arts
note_collude,collude,action
note_collusion,collusion,mind
note_colon,colon,body
note_colonel,colonel,society
note_colonial,colonial,society
note_colonist,colonist,society
note_colonize,colonize,action
note_colonnade,colonnade,arts
note_colony,colony,society
note_color,color,abstract
note_coloration,coloration,nature
note_colossal,colossal,abstract
note_colossus,colossus,abstract
note_colour,colour,abstract
note_colt,colt,nature
note_coltish,coltish,mind
note_column,column,abstract
note_coma,coma,mind
note_comatose,comatose,mind
note_comb,comb,life
note_combat,combat,society
note_combination,combination,abstract
note_combine,combine,action
note_combustible,combustible,science
note_combustion,combustion,science
note_come,come,action
note_comedienne,comedienne,arts
note_comedy,comedy,arts
note_comely,comely,mind
note_comestible,comestible,life
note_comet,comet,nature
note_cometary,cometary,nature
note_comfort,comfort,mind
note_comfortable,comfortable,mind
note_comic,comic,arts
note_comical,comical,arts
note_comity,comity,mind
note_comma,comma,abstract
note_command,command,action
note_commander,commander,society
note_commemorate,commemorate,action
note_commence,commence,action
note_commencement,commencement,abstract
note_commend,commend,action
note_commensurate,commensurate,abstract
note_comment,comment,action
note_commentary,commentary,arts
note_commentator,commentator,arts
note_commerce,commerce,business
note_commercial,commercial,business
note_commercialize,commercialize,action
note_commercials,commercials,business
note_commingle,commingle,action
note_commiserate,commiserate,mind
note_commission,commission,business
note_commissioner,commissioner,society
note_commit,commit,action
note_commitment,commitment,abstract
note_committed,committed,abstract
note_committee,committee,society
note_commodious,commodious,abstract
note_commodity,commodity,business
note_common,common,abstract
note_commonly,commonly,abstract
note_commonplace,commonplace,abstract
note_commonsense,commonsense,mind
note_commonwealth,commonwealth,society
note_commotion,commotion,action
note_communal,communal,society
note_commune,commune,society
note_communicate,communicate,action
note_communication,communication,abstract
note_communism,communism,society
note_communist,communist,society
note_community,community,society
note_commute,commute,life
note_commuter,commuter,life
note_compact,compact,action
note_compaction,compaction,science
note_companies,companies,business
note_companion,companion,life
note_company,company,business
note_comparable,comparable,abstract
note_comparative,comparative,abstract
note_comparatively,comparatively,abstract
note_compare,compare,action
note_comparison,comparison,abstract
note_compartment,compartment,life
note_compass,compass,life
note_compassion,compassion,mind
note_compassionate,compassionate,mind
note_compatibility,compatibility,abstract
note_compatible,compatible,abstract
note_compatriot,compatriot,society
note_compel,compel,action
note_compelling,compelling,mind
note_compendium,compendium,abstract
note_compensate,compensate,action
note_compensation,compensation,business
note_compensatory,compensatory,abstract
note_compete,compete,action
note_competence,competence,abstract
note_competent,competent,abstract
note_competing,competing,abstract
note_competition,competition,abstract
note_competitive,competitive,abstract
note_competitiveness,competitiveness,abstract
note_competitor,competitor,business
note_compile,compile,action
note_complacence,complacence,mind
note_complacency,complacency,mind
note_complacent,complacent,mind
note_complain,complain,action
note_complaint,complaint,mind
note_complaisance,complaisance,mind
note_complaisant,complaisant,mind
note_complement,complement,abstract
note_complementary,complementary,abstract
note_complete,complete,action
note_completely,completely,abstract
note_completion,completion,abstract
note_complex,complex,abstract
note_complexion,complexion,body
note_complexity,complexity,abstract
note_compliance,compliance,abstract
note_compliant,compliant,abstract
note_complicate,complicate,action
note_complicated,complicated,abstract
note_complication,complication,mind
note_complicity,complicity,mind
note_compliment,compliment,mind
note_complimentary,complimentary,mind
note_comply,comply,action
note_component,component,tech
note_comport,comport,action
note_compose,compose,arts
note_composed,composed,mind
note_composer,composer,arts
note_composite,composite,science
note_composition,composition,arts
note_compost,compost,nature
note_composure,composure,mind
note_compound,compound,science
note_comprehend,comprehend,mind
note_comprehensible,comprehensible,abstract
note_comprehension,comprehension,mind
note_comprehensive,comprehensive,abstract
note_compress,compress,action
note_compressed,compressed,science
note_compression,compression,science
note_comprise,comprise,action
note_compromise,compromise,action
note_compulsion,compulsion,mind
note_compulsive,compulsive,mind
note_compulsory,compulsory,abstract
note_compunction,compunction,mind
note_computation,computation,tech
note_compute,compute,tech
note_computer,computer,tech
note_computers,computers,tech
note_comrade,comrade,life
note_concatenate,concatenate,tech
note_concave,concave,science
note_conceal,conceal,action
note_concede,concede,action
note_conceit,conceit,mind
note_conceive,conceive,mind
note_concentrate,concentrate,mind
note_concentrated,concentrated,abstract
note_concentration,concentration,mind
note_concentric,concentric,science
note_concept,concept,abstract
note_conception,conception,mind
note_conceptual,conceptual,abstract
note_concern,concern,mind
note_concerned,concerned,mind
note_concerning,concerning,abstract
note_concert,concert,arts
note_concerted,concerted,abstract
note_concerto,concerto,arts
note_concession,concession,business
note_concessions,concessions,business
note_conciliate,conciliate,mind
note_conciliatory,conciliatory,mind
note_concise,concise,abstract
note_conciseness,conciseness,abstract
note_conclave,conclave,society
note_conclude,conclude,action
note_conclusion,conclusion,abstract
note_conclusive,conclusive,abstract
note_concoct,concoct,action
note_concomitant,concomitant,abstract
note_concord,concord,mind
note_concrete,concrete,science
note_concur,concur,action
note_concurrence,concurrence,abstract
note_concurrent,concurrent,abstract
note_concussion,concussion,mind
note_condemn,condemn,action
note_condemnation,condemnation,mind
note_condensation,condensation,science
note_condense,condense,action
note_condenser,condenser,tech
note_condescend,condescend,mind
note_condescending,condescending,mind
note_condign,condign,abstract
note_condiment,condiment,life
note_condition,condition,abstract
note_conditioning,conditioning,mind
note_conditions,conditions,abstract
note_condole,condole,mind
note_condolence,condolence,mind
note_condone,condone,action
note_condor,condor,nature
note_conducive,conducive,abstract
note_conduct,conduct,action
note_conductivity,conductivity,science
note_conductor,conductor,arts
note_conduit,conduit,tech
note_cone,cone,science
note_confection,confection,life
note_confederacy,confederacy,society
note_confederate,confederate,society
note_confer,confer,action
note_conference,conference,society
note_confess,confess,mind
note_confession,confession,arts
note_confidant,confidant,life
note_confide,confide,action
note_confidence,confidence,mind
note_confident,confident,mind
note_confidential,confidential,abstract
note_configuration,configuration,tech
note_confine,confine,action
note_confinement,confinement,mind
note_confining,confining,abstract
note_confirm,confirm,action
note_confirmation,confirmation,abstract
note_confiscate,confiscate,action
note_conflagration,conflagration,abstract
note_conflate,conflate,action
note_conflict,conflict,action
note_conflicting,conflicting,abstract
note_confluence,confluence,nature
note_conform,conform,action
note_conformist,conformist,society
note_conformity,conformity,abstract
note_confound,confound,action
note_confront,confront,action
note_confrontation,confrontation,action
note_confuse,confuse,action
note_confusion,confusion,abstract
note_congeal,congeal,science
note_congenial,congenial,mind
note_congenital,congenital,mind
note_congest,congest,mind
note_congested,congested,mind
note_congestion,congestion,mind
note_conglomerate,conglomerate,business
note_congratulate,congratulate,action
note_congratulation,congratulation,mind
note_congregate,congregate,action
note_congress,congress,society
note_congressional,congressional,society
note_congressman,congressman,society
note_congruent,congruent,abstract
note_congruity,congruity,abstract
note_congruous,congruous,abstract
note_conifer,conifer,nature
note_conjectural,conjectural,abstract
note_conjecture,conjecture,abstract
note_conjoin,conjoin,action
note_conjugal,conjugal,life
note_conjunction,conjunction,abstract
note_conjure,conjure,arts
note_connect,connect,action
note_connection,connection,abstract
note_connivance,connivance,mind
note_connive,connive,action
note_connoisseur,connoisseur,arts
note_connotation,connotation,abstract
note_connubial,connubial,life
note_conquer,conquer,action
note_conqueror,conqueror,society
note_conquest,conquest,action
note_conscience,conscience,mind
note_conscientious,conscientious,mind
note_conscious,conscious,mind
note_consciously,consciously,mind
note_consciousness,consciousness,mind
note_conscript,conscript,society
note_consecrate,consecrate,arts
note_consecutive,consecutive,abstract
note_consensus,consensus,abstract
note_consent,consent,action
note_consequence,consequence,abstract
note_consequent,consequent,abstract
note_consequential,consequential,abstract
note_consequently,consequently,abstract
note_conservation,conservation,nature
note_conservationist,conservationist,nature
note_conservatism,conservatism,society
note_conservative,conservative,society
note_conservatory,conservatory,arts
note_conserve,conserve,action
note_consider,consider,mind
note_considerable,considerable,abstract
note_considerably,considerably,abstract
note_considerate,considerate,mind
note_consideration,consideration,abstract
note_consign,consign,action
note_consist,consist,abstract
note_consistency,consistency,abstract
note_consistent,consistent,abstract
note_consistently,consistently,abstract
note_console,console,mind
note_consolidate,consolidate,action
note_consolidation,consolidation,abstract
note_consonance,consonance,arts
note_consonant,consonant,abstract
note_consort,consort,action
note_consortium,consortium,business
note_conspectus,conspectus,abstract
note_conspicuous,conspicuous,abstract
note_conspiracy,conspiracy,society
note_conspire,conspire,action
note_constant,constant,abstract
note_constantly,constantly,abstract
note_constellation,constellation,science
note_consternation,consternation,mind
note_constituent,constituent,abstract
note_constitute,constitute,action
note_constitution,constitution,society
note_constitutional,constitutional,society
note_constrain,constrain,action
note_constrained,constrained,abstract
note_constraint,constraint,abstract
note_constrict,constrict,action
note_constricted,constricted,abstract
note_constringe,constringe,science
note_construct,construct,action
note_construction,construction,abstract
note_construe,construe,mind
note_consul,consul,society
note_consult,consult,action
note_consultancy,consultancy,business
note_consultant,consultant,business
note_consume,consume,action
note_consumer,consumer,business
note_consummate,consummate,abstract
note_consumption,consumption,business
note_contact,contact,action
note_contacts,contacts,life
note_contagious,contagious,mind
note_contain,contain,action
note_container,container,life
note_containment,containment,abstract
note_contaminants,contaminants,science
note_contaminate,contaminate,action
note_contamination,contamination,science
note_contemn,contemn,mind
note_contemplate,contemplate,mind
note_contemporary,contemporary,abstract
note_contempt,contempt,mind
note_contemptible,contemptible,mind
note_contemptuous,contemptuous,mind
note_contend,contend,action
note_contender,contender,abstract
note_content,content,mind
note_contented,contented,mind
note_contention,contention,mind
note_contentious,contentious,mind
note_contents,contents,abstract
note_contest,contest,action
note_context,context,abstract
note_contiguous,contiguous,abstract
note_continence,continence,mind
note_continent,continent,nature
note_continental,continental,nature
note_contingency,contingency,abstract
note_contingent,contingent,abstract
note_continual,continual,abstract
note_continually,continually,abstract
note_continuation,continuation,abstract
note_continue,continue,action
note_continuity,continuity,abstract
note_continuous,continuous,abstract
note_continuum,continuum,abstract
note_contort,contort,action
note_contour,contour,science
note_contraband,contraband,society
note_contract,contract,business
note_contraction,contraction,science
note_contractor,contractor,business
note_contracts,contracts,business
note_contradict,contradict,action
note_contradiction,contradiction,abstract
note_contradictory,contradictory,abstract
note_contrary,contrary,abstract
note_contrast,contrast,action
note_contravene,contravene,action
note_contribute,contribute,action
note_contribution,contribution,abstract
note_contrite,contrite,mind
note_contrition,contrition,mind
note_contrive,contrive,action
note_contrived,contrived,abstract
note_control,control,action
note_controversial,controversial,mind
note_controversy,controversy,mind
note_controvert,controvert,action
note_contumacious,contumacious,mind
note_contumacy,contumacy,mind
note_contumely,contumely,mind
note_conundrum,conundrum,abstract
note_convalesce,convalesce,mind
note_convalescent,convalescent,mind
note_convection,convection,science
note_convene,convene,action
note_convenience,convenience,abstract
note_convenient,convenient,abstract
note_convention,convention,society
note_conventional,conventional,abstract
note_conventionally,conventionally,abstract
note_converge,converge,action
note_convergent,convergent,science
note_conversant,conversant,mind
note_conversation,conversation,arts
note_conversational,conversational,arts
note_converse,converse,action
note_conversely,conversely,abstract
note_conversion,conversion,abstract
note_convert,convert,action
note_converter,converter,tech
note_convertible,convertible,tech
note_convex,convex,science
note_convey,convey,action
note_conveyance,conveyance,business
note_convict,convict,society
note_conviction,conviction,mind
note_convince,convince,mind
note_convinced,convinced,mind
note_convincing,convincing,mind
note_convivial,convivial,mind
note_conviviality,conviviality,mind
note_convoke,convoke,action
note_convoluted,convoluted,abstract
note_convoy,convoy,society
note_convulse,convulse,action
note_convulsion,convulsion,mind
note_cook,cook,life
note_cooker,cooker,life
note_cookie,cookie,life
note_cooking,cooking,life
note_cool,cool,mind
note_coop,coop,life
note_cooperate,cooperate,action
note_cooperation,cooperation,abstract
note_cooperative,cooperative,abstract
note_coordinate,coordinate,action
note_coordinated,coordinated,abstract
note_coordination,coordination,abstract
note_cop,cop,society
note_cope,cope,mind
note_copious,copious,abstract
note_copper,copper,nature
note_copy,copy,action
note_copyright,copyright,business
note_coral,coral,nature
note_cord,cord,life
note_cordial,cordial,mind
note_cordless,cordless,tech
note_core,core,abstract
note_cork,cork,nature
note_corn,corn,life
note_corner,corner,life
note_cornet,cornet,arts
note_cornice,cornice,arts
note_cornucopia,cornucopia,abstract
note_corny,corny,mind
note_coronation,coronation,arts
note_corporal,corporal,body
note_corporate,corporate,business
note_corporation,corporation,business
note_corporeal,corporeal,abstract
note_corps,corps,society
note_corpse,corpse,life
note_corpulent,corpulent,mind
note_corpus,corpus,abstract
note_corpuscle,corpuscle,science
note_corral,corral,life
note_correct,correct,action
note_correction,correction,abstract
note_correctly,correctly,abstract
note_correlate,correlate,science
note_correlated,correlated,science
note_correlation,correlation,science
note_correspond,correspond,action
note_correspondence,correspondence,abstract
note_correspondent,correspondent,business
note_corresponding,corresponding,abstract
note_corridor,corridor,life
note_corroborate,corroborate,action
note_corrode,corrode,science
note_corrosion,corrosion,science
note_corrosive,corrosive,science
note_corrugate,corrugate,action
note_corrugated,corrugated,abstract
note_corrupt,corrupt,action
note_corruption,corruption,mind
note_coruscate,coruscate,action
note_cosmic,cosmic,science
note_cosmopolitan,cosmopolitan,society
note_cosmopolitanism,cosmopolitanism,abstract
note_cosmos,cosmos,science
note_cosset,cosset,action
note_cost,cost,business
note_costly,costly,abstract
note_costs,costs,business
note_costume,costume,arts
note_cosy,cosy,mind
note_cot,cot,life
note_coterie,coterie,society
note_coterminous,coterminous,abstract
note_cottage,cottage,life
note_cotton,cotton,nature
note_cottonwood,cottonwood,nature
note_couch,couch,life
note_cougar,cougar,nature
note_cough,cough,body
note_could,could,abstract
note_council,council,society
note_counsel,counsel,mind
note_counseling,counseling,mind
note_counselor,counselor,mind
note_count,count,action
note_countenance,countenance,mind
note_counter,counter,action
note_counteract,counteract,action
note_counterbalance,counterbalance,action
note_counterclockwise,counterclockwise,abstract
note_counterfeit,counterfeit,business
note_countermand,countermand,action
note_counterpart,counterpart,abstract
note_counterpoise,counterpoise,action
note_counterproductive,counterproductive,abstract
note_countless,countless,abstract
note_countries,countries,society
note_country,country,society
note_countryside,countryside,nature
note_county,county,society
note_coup,coup,society
note_couple,couple,life
note_coupon,coupon,business
note_courage,courage,mind
note_courageous,courageous,mind
note_courier,courier,business
note_course,course,abstract
note_court,court,society
note_courteous,courteous,mind
note_courteously,courteously,mind
note_courtesy,courtesy,mind
note_courthouse,courthouse,society
note_courtly,courtly,mind
note_courtship,courtship,life
note_courtyard,courtyard,life
note_cousin,cousin,life
note_cove,cove,nature
note_coven,coven,arts
note_covenant,covenant,society
note_cover,cover,action
note_coverage,coverage,abstract
note_covert,covert,abstract
note_covet,covet,mind
note_covetous,covetous,mind
note_cow,cow,nature
note_coward,coward,mind
note_cowboy,cowboy,life
note_cower,cower,action
note_cowhand,cowhand,life
note_coy,coy,mind
note_cozen,cozen,action
note_cozy,cozy,mind
note_crab,crab,nature
note_crabbed,crabbed,mind
note_crack,crack,action
note_cradle,cradle,life
note_craft,craft,arts
note_craftspeople,craftspeople,arts
note_crafty,crafty,mind
note_crag,crag,nature
note_cram,cram,action
note_cramming,cramming,mind
note_cramp,cramp,action
note_cramped,cramped,mind
note_crane,crane,nature
note_cranial,cranial,science
note_crank,crank,tech
note_cranky,cranky,mind
note_crash,crash,action
note_crass,crass,mind
note_crate,crate,life
note_crater,crater,nature
note_cravat,cravat,life
note_crave,crave,mind
note_craven,craven,mind
note_craving,craving,mind
note_crawl,crawl,action
note_crayon,crayon,arts
note_craze,craze,mind
note_crazy,crazy,mind
note_cream,cream,life
note_crease,crease,action
note_create,create,action
note_creation,creation,abstract
note_creative,creative,abstract
note_creature,creature,nature
note_credence,credence,abstract
note_credential,credential,business
note_credentials,credentials,business
note_credible,credible,abstract
note_credit,credit,business
note_creditor,creditor,business
note_credo,credo,arts
note_credulous,credulous,mind
note_creed,creed,arts
note_creek,creek,nature
note_creep,creep,action
note_crepuscular,crepuscular,nature
note_crescendo,crescendo,arts
note_crest,crest,nature
note_crestfallen,crestfallen,mind
note_crevasse,crevasse,nature
note_crevice,crevice,nature
note_crew,crew,society
note_cricket,cricket,nature
note_crime,crime,society
note_criminal,criminal,society
note_crimson,crimson,abstract
note_cringe,cringe,mind
note_cringing,cringing,mind
note_crinkle,crinkle,action
note_cripple,cripple,mind
note_crippling,crippling,mind
note_crisis,crisis,abstract
note_crisp,crisp,life
note_crisscross,crisscross,action
note_criteria,criteria,abstract
note_criterion,criterion,abstract
note_critic,critic,arts
note_critical,critical,abstract
note_criticism,criticism,abstract
note_criticize,criticize,abstract
note_critique,critique,abstract
note_croak,croak,action
note_crochet,crochet,arts
note_crockery,crockery,life
note_crocodile,crocodile,nature
note_cronyism,cronyism,society
note_crook,crook,society
note_crooked,crooked,abstract
note_croon,croon,arts
note_crop,crop,nature
note_crops,crops,nature
note_cross,cross,arts
note_crossbones,crossbones,arts
note_crossbreeding,crossbreeding,nature
note_crosscut,crosscut,action
note_crossing,crossing,action
note_crossroads,crossroads,abstract
note_crotchety,crotchety,mind
note_crouch,crouch,action
note_crow,crow,nature
note_crowd,crowd,society
note_crowded,crowded,life
note_crown,crown,society
note_crucial,crucial,abstract
note_crude,crude,abstract
note_crudity,crudity,abstract
note_cruel,cruel,mind
note_cruelty,cruelty,mind
note_cruise,cruise,action
note_crumb,crumb,life
note_crumble,crumble,action
note_crumple,crumple,action
note_crusade,crusade,society
note_crush,crush,action
note_crust,crust,nature
note_crustacean,crustacean,nature
note_crutch,crutch,life
note_crux,crux,abstract
note_cry,cry,action
note_cryogenic,cryogenic,science
note_crypt,crypt,life
note_cryptic,cryptic,abstract
note_crystal,crystal,science
note_crystalline,crystalline,science
note_crystallization,crystallization,science
note_crystallize,crystallize,science
note_crystallized,crystallized,science
note_cub,cub,nature
note_cuban,cuban,society
note_cube,cube,science
note_cubic,cubic,science
note_cubicle,cubicle,life
note_cubism,cubism,arts
note_cuckoo,cuckoo,nature
note_cucumber,cucumber,nature
note_cuddle,cuddle,life
note_cue,cue,arts
note_cuff,cuff,life
note_cuisine,cuisine,life
note_culinary,culinary,life
note_culminate,culminate,action
note_culmination,culmination,abstract
note_culpable,culpable,abstract
note_culprit,culprit,society
note_cult,cult,arts
note_cultivate,cultivate,action
note_cultivated,cultivated,abstract
note_cultivation,cultivation,nature
note_cultural,cultural,arts
note_culture,culture,arts
note_cumber,cumber,action
note_cumbersome,cumbersome,abstract
note_cumulative,cumulative,abstract
note_cumulus,cumulus,nature
note_cunning,cunning,mind
note_cup,cup,life
note_cupboard,cupboard,life
note_cupidity,cupidity,mind
note_cups,cups,life
note_curative,curative,mind
note_curator,curator,arts
note_curb,curb,action
note_curd,curd,life
note_curdle,curdle,action
note_cure,cure,mind
note_curfew,curfew,society
note_curiosity,curiosity,mind
note_curious,curious,mind
note_curl,curl,action
note_curly,curly,abstract
note_curmudgeon,curmudgeon,mind
note_currency,currency,business
note_current,current,abstract
note_currently,currently,abstract
note_curriculum,curriculum,abstract
note_currish,currish,mind
note_curse,curse,mind
note_cursive,cursive,arts
note_cursory,cursory,abstract
note_curt,curt,mind
note_curtail,curtail,action
note_curtain,curtain,life
note_curtains,curtains,life
note_curvaceous,curvaceous,abstract
note_curve,curve,science
note_cushion,cushion,life
note_custodian,custodian,society
note_custody,custody,society
note_custom,custom,society
note_customarily,customarily,abstract
note_customary,customary,abstract
note_customer,customer,business
note_customers,customers,business
note_customs,customs,society
note_cut,cut,action
note_cute,cute,mind
note_cuticle,cuticle,mind
note_cutlery,cutlery,life
note_cutter,cutter,tech
note_cutting,cutting,action
note_cyberspace,cyberspace,tech
note_cycle,cycle,science
note_cyclical,cyclical,abstract
note_cycling,cycling,life
note_cyclist,cyclist,life
note_cyclone,cyclone,nature
note_cygnet,cygnet,nature
note_cylinder,cylinder,science
note_cynic,cynic,mind
note_cynical,cynical,mind
note_cynosure,cynosure,abstract
note_cypress,cypress,nature
note_cytology,cytology,science
note_dabble,dabble,action
note_dabbler,dabbler,abstract
note_dad,dad,life
note_daft,daft,mind
note_dagger,dagger,life
note_daguerreotype,daguerreotype,arts
note_daily,daily,abstract
note_dainty,dainty,abstract
note_dairy,dairy,life
note_daisy,daisy,nature
note_dalliance,dalliance,mind
note_dally,dally,action
note_dam,dam,nature
note_damage,damage,action
note_damages,damages,business
note_damn,damn,mind
note_damp,damp,nature
note_damped,damped,science
note_dampen,dampen,action
note_damper,damper,tech
note_dance,dance,arts
note_dancer,dancer,arts
note_dandy,dandy,life
note_danger,danger,abstract
note_dangerous,dangerous,abstract
note_dangle,dangle,action
note_dank,dank,nature
note_dapper,dapper,abstract
note_dappled,dappled,abstract
note_dare,dare,action
note_daredevil,daredevil,mind
note_daring,daring,mind
note_dark,dark,abstract
note_darkness,darkness,abstract
note_darling,darling,life
note_dart,dart,action
note_dash,dash,action
note_dastard,dastard,mind
note_data,data,tech
note_database,database,tech
note_date,date,life
note_dated,dated,abstract
note_datum,datum,tech
note_daub,daub,action
note_daubster,daubster,arts
note_daughter,daughter,life
note_daunt,daunt,mind
note_daunting,daunting,mind
note_dauntless,dauntless,mind
note_dawdle,dawdle,action
note_dawn,dawn,nature
note_dawning,dawning,abstract
note_day,day,abstract
note_daylight,daylight,nature
note_daytime,daytime,abstract
note_daze,daze,mind
note_dazzle,dazzle,action
note_dazzling,dazzling,abstract
note_deactivate,deactivate,action
note_dead,dead,life
note_deaden,deaden,action
note_deadline,deadline,abstract
note_deadlock,deadlock,abstract
note_deadly,deadly,abstract
note_deadpan,deadpan,mind
note_deaf,deaf,mind
note_deafen,deafen,action
note_deal,deal,business
note_dealer,dealer,business
note_dealing,dealing,business
note_dean,dean,society
note_dear,dear,mind
note_dearth,dearth,abstract
note_death,death,life
note_debacle,debacle,abstract
note_debar,debar,action
note_debark,debark,action
note_debase,debase,mind
note_debatable,debatable,abstract
note_debate,debate,abstract
note_debauch,debauch,mind
note_debilitate,debilitate,mind
note_debility,debility,mind
note_debonair,debonair,mind
note_debouch,debouch,action
note_debrief,debrief,action
note_debris,debris,nature
note_debt,debt,business
note_debtor,debtor,business
note_debunk,debunk,abstract
note_debut,debut,action
note_decade,decade,abstract
note_decadence,decadence,abstract
note_decadent,decadent,mind
note_decamp,decamp,action
note_decant,decant,action
note_decay,decay,action
note_deceit,deceit,mind
note_deceitful,deceitful,mind
note_deceive,deceive,mind
note_december,december,abstract
note_decency,decency,abstract
note_decent,decent,abstract
note_decentralize,decentralize,society
note_deception,deception,mind
note_deceptive,deceptive,mind
note_decibel,decibel,science
note_decide,decide,mind
note_decidedly,decidedly,abstract
note_deciduous,deciduous,nature
note_decimal,decimal,science
note_decimate,decimate,action
note_decipher,decipher,abstract
note_decision,decision,mind
note_decisive,decisive,mind
note_deck,deck,life
note_declaim,declaim,action
note_declamation,declamation,arts
note_declaration,declaration,society
note_declare,declare,action
note_declassify,declassify,action
note_declination,declination,science
note_decline,decline,action
note_declivity,declivity,nature
note_decode,decode,tech
note_decompose,decompose,science
note_decomposition,decomposition,science
note_decorate,decorate,life
note_decoration,decoration,arts
note_decorations,decorations,arts
note_decorative,decorative,arts
note_decorum,decorum,abstract
note_decoy,decoy,action
note_decrease,decrease,action
note_decree,decree,society
note_decrepit,decrepit,mind
note_decry,decry,action
note_dedicate,dedicate,mind
note_dedicated,dedicated,mind
note_dedication,dedication,abstract
note_deduce,deduce,abstract
note_deduct,deduct,business
note_deductive,deductive,abstract
note_deed,deed,society
note_deem,deem,mind
note_deep,deep,abstract
note_deepen,deepen,action
note_deeply,deeply,abstract
note_deer,deer,nature
note_deface,deface,action
note_defalcate,defalcate,business
note_defame,defame,mind
note_default,default,tech
note_defeat,defeat,action
note_defeatist,defeatist,mind
note_defecate,defecate,life
note_defect,defect,action
note_defection,defection,society
note_defective,defective,abstract
note_defence,defence,society
note_defend,defend,action
note_defendant,defendant,society
note_defense,defense,society
note_defensive,defensive,abstract
note_defer,defer,action
note_deference,deference,abstract
note_deferential,deferential,mind
note_defiance,defiance,mind
note_defiant,defiant,mind
note_deficiency,deficiency,abstract
note_deficient,deficient,abstract
note_deficit,deficit,business
note_defile,defile,mind
note_define,define,abstract
note_defined,defined,abstract
note_definite,definite,abstract
note_definitely,definitely,abstract
note_definition,definition,abstract
note_definitive,definitive,abstract
note_deflate,deflate,action
note_deflated,deflated,mind
note_deflect,deflect,action
note_deflection,deflection,science
note_defoliant,defoliant,nature
note_defoliate,defoliate,action
note_defoliator,defoliator,nature
note_deforest,deforest,action
note_deforestation,deforestation,nature
note_deform,deform,action
note_deformation,deformation,science
note_defraud,defraud,society
note_defray,defray,business
note_defrost,defrost,action
note_deft,deft,mind
note_defunct,defunct,abstract
note_defuse,defuse,action
note_defy,defy,action
note_degenerate,degenerate,action
note_degradation,degradation,abstract
note_degrade,degrade,mind
note_degree,degree,abstract
note_dehydrate,dehydrate,action
note_dehydrated,dehydrated,mind
note_dehydration,dehydration,mind
note_deify,deify,arts
note_deign,deign,mind
note_deity,deity,arts
note_dejected,dejected,mind
note_delay,delay,action
note_delectable,delectable,mind
note_delectation,delectation,mind
note_delegate,delegate,society
note_delegation,delegation,society
note_delete,delete,tech
note_deleterious,deleterious,mind
note_deliberate,deliberate,mind
note_deliberately,deliberately,abstract
note_delicacy,delicacy,life
note_delicate,delicate,abstract
note_delicious,delicious,mind
note_delight,delight,mind
note_delighted,delighted,mind
note_delimit,delimit,abstract
note_delineate,delineate,abstract
note_delineation,delineation,abstract
note_delinquency,delinquency,society
note_delinquent,delinquent,society
note_delirious,delirious,mind
note_delirium,delirium,mind
note_deliver,deliver,action
note_delivery,delivery,life
note_delta,delta,nature
note_delude,delude,mind
note_deluge,deluge,nature
note_delusion,delusion,mind
note_delve,delve,action
note_demagnetize,demagnetize,science
note_demagogue,demagogue,society
note_demand,demand,action
note_demanding,demanding,mind
note_demarcate,demarcate,abstract
note_demean,demean,mind
note_demeanour,demeanour,abstract
note_demented,demented,mind
note_demise,demise,life
note_demobilize,demobilize,society
note_democracy,democracy,society
note_democrat,democrat,society
note_democratic,democratic,society
note_demography,demography,science
note_demolish,demolish,action
note_demolition,demolition,action
note_demonstrate,demonstrate,action
note_demonstration,demonstration,action
note_demonstrative,demonstrative,mind
note_demoralize,demoralize,mind
note_demote,demote,action
note_demotic,demotic,arts
note_demur,demur,mind
note_demure,demure,mind
note_demystify,demystify,abstract
note_den,den,life
note_denial,denial,mind
note_denigrate,denigrate,mind
note_denim,denim,life
note_denizen,denizen,society
note_denominate,denominate,abstract
note_denomination,denomination,arts
note_denote,denote,abstract
note_denouement,denouement,abstract
note_denounce,denounce,action
note_dense,dense,abstract
note_density,density,science
note_dent,dent,action
note_dental,dental,mind
note_dentist,dentist,mind
note_dentistry,dentistry,mind
note_denture,denture,mind
note_denude,denude,action
note_denunciate,denunciate,action
note_denunciation,denunciation,action
note_deny,deny,mind
note_deodorizer,deodorizer,life
note_depart,depart,action
note_department,department,society
note_departmental,departmental,abstract
note_departure,departure,abstract
note_depend,depend,abstract
note_dependable,dependable,mind
note_dependant,dependant,abstract
note_dependence,dependence,abstract
note_dependent,dependent,abstract
note_depict,depict,arts
note_deplete,deplete,action
note_depletion,depletion,abstract
note_deplore,deplore,mind
note_deploy,deploy,action
note_deport,deport,action
note_deportation,deportation,society
note_deportment,deportment,abstract
note_depose,depose,society
note_deposit,deposit,business
note_deposition,deposition,society
note_depositor,depositor,business
note_depot,depot,life
note_depraved,depraved,mind
note_depravity,depravity,mind
note_deprecate,deprecate,abstract
note_depreciate,depreciate,business
note_depreciation,depreciation,business
note_depredation,depredation,action
note_depress,depress,mind
note_depressant,depressant,mind
note_depressed,depressed,mind
note_depression,depression,mind
note_deprivation,deprivation,abstract
note_deprive,deprive,action
note_depth,depth,abstract
note_depute,depute,society
note_deputize,deputize,action
note_deputy,deputy,society
note_deracinate,deracinate,action
note_derange,derange,mind
note_deranged,deranged,mind
note_derangement,derangement,mind
note_derelict,derelict,abstract
note_dereliction,dereliction,abstract
note_deride,deride,mind
note_derivation,derivation,abstract
note_derivative,derivative,abstract
note_derive,derive,abstract
note_dermatologist,dermatologist,mind
note_derogate,derogate,mind
note_derogatory,derogatory,mind
note_desalination,desalination,science
note_desalinize,desalinize,action
note_descend,descend,action
note_descendant,descendant,life
note_descent,descent,abstract
note_describe,describe,abstract
note_description,description,abstract
note_descry,descry,action
note_desecrate,desecrate,arts
note_desert,desert,nature
note_deserted,deserted,abstract
note_deserter,deserter,society
note_desertion,desertion,society
note_deserve,deserve,abstract
note_desiccate,desiccate,action
note_desideratum,desideratum,abstract
note_design,design,tech
note_designate,designate,abstract
note_designation,designation,abstract
note_designer,designer,tech
note_designing,designing,abstract
note_desirable,desirable,mind
note_desire,desire,mind
note_desirous,desirous,mind
note_desk,desk,life
note_desolate,desolate,mind
note_despair,despair,mind
note_despatch,despatch,action
note_desperado,desperado,society
note_desperate,desperate,mind
note_desperately,desperately,abstract
note_despicable,despicable,mind
note_despise,despise,mind
note_despite,despite,abstract
note_despoil,despoil,action
note_despoiler,despoiler,society
note_despondent,despondent,mind
note_despot,despot,society
note_despotic,despotic,society
note_despotism,despotism,society
note_dessert,dessert,life
note_destination,destination,life
note_destine,destine,abstract
note_destiny,destiny,abstract
note_destitute,destitute,abstract
note_destitution,destitution,abstract
note_destroy,destroy,action
note_destructible,destructible,abstract
note_destruction,destruction,abstract
note_destructive,destructive,abstract
note_desuetude,desuetude,abstract
note_desultory,desultory,abstract
note_detach,detach,action
note_detached,detached,mind
note_detail,detail,abstract
note_detailed,detailed,abstract
note_details,details,abstract
note_detain,detain,society
note_detect,detect,action
note_detectable,detectable,abstract
note_detection,detection,action
note_detective,detective,society
note_detector,detector,tech
note_deter,deter,action
note_detergent,detergent,life
note_deteriorate,deteriorate,action
note_deterioration,deterioration,abstract
note_determinant,determinant,abstract
note_determination,determination,mind
note_determine,determine,mind
note_deterrent,deterrent,abstract
note_detest,detest,mind
note_detestable,detestable,mind
note_dethrone,dethrone,society
note_detonate,detonate,action
note_detonation,detonation,science
note_detour,detour,action
note_detract,detract,action
note_detraction,detraction,mind
note_detriment,detriment,abstract
note_detrimental,detrimental,abstract
note_detritus,detritus,nature
note_devastate,devastate,action
note_devastating,devastating,action
note_devastation,devastation,action
note_develop,develop,action
note_development,development,abstract
note_deviant,deviant,mind
note_deviate,deviate,action
note_deviation,deviation,abstract
note_device,device,tech
note_devil,devil,arts
note_devious,devious,mind
note_devise,devise,action
note_devoid,devoid,abstract
note_devolve,devolve,action
note_devote,devote,action
note_devoted,devoted,mind
note_devotee,devotee,mind
note_devotion,devotion,mind
note_devotional,devotional,arts
note_devour,devour,action
note_devout,devout,mind
note_dew,dew,nature
note_dexterity,dexterity,mind
note_dexterous,dexterous,action
note_diabetes,diabetes,mind
note_diabolic,diabolic,mind
note_diabolical,diabolical,mind
note_diagnose,diagnose,mind
note_diagnosis,diagnosis,mind
note_diagnostic,diagnostic,mind
note_diagonal,diagonal,science
note_diagonally,diagonally,action
note_diagram,diagram,abstract
note_dial,dial,tech
note_dialect,dialect,arts
note_dialog,dialog,arts
note_dialogue,dialogue,arts
note_diameter,diameter,science
note_diamond,diamond,nature
note_diaphanous,diaphanous,abstract
note_diary,diary,life
note_diatribe,diatribe,arts
note_dictate,dictate,action
note_dictation,dictation,arts
note_dictator,dictator,society
note_diction,diction,arts
note_dictionary,dictionary,arts
note_dictum,dictum,abstract
note_didactic,didactic,abstract
note_die,die,action
note_diehard,diehard,mind
note_diesel,diesel,tech
note_diet,diet,life
note_dietary,dietary,life
note_dieter,dieter,life
note_dietetics,dietetics,science
note_dietitian,dietitian,life
note_differ,differ,action
note_difference,difference,abstract
note_different,different,abstract
note_differentiate,differentiate,abstract
note_difficult,difficult,abstract
note_difficulties,difficulties,abstract
note_difficulty,difficulty,abstract
note_diffident,diffident,mind
note_diffuse,diffuse,action
note_diffusion,diffusion,science
note_dig,dig,action
note_digest,digest,life
note_digestion,digestion,mind
note_digestive,digestive,mind
note_digit,digit,tech
note_digital,digital,tech
note_dignified,dignified,mind
note_dignify,dignify,action
note_dignitary,dignitary,society
note_dignity,dignity,abstract
note_digress,digress,action
note_digression,digression,abstract
note_outrage,outrage,mind
note_outrageous,outrageous,mind
note_outright,outright,abstract
note_outset,outset,abstract
note_outshine,outshine,action
note_outside,outside,abstract
note_outskirt,outskirt,nature
note_outskirts,outskirts,nature
note_outspoken,outspoken,mind
note_outstanding,outstanding,abstract
note_outstrip,outstrip,action
note_outward,outward,abstract
note_outwards,outwards,abstract
note_outweigh,outweigh,action
note_outwit,outwit,mind
note_oval,oval,abstract
note_ovation,ovation,arts
note_oven,oven,life
note_over,over,abstract
note_overall,overall,abstract
note_overbalance,overbalance,action
note_overbearing,overbearing,mind
note_overburden,overburden,action
note_overcast,overcast,nature
note_overcharge,overcharge,business
note_overcoat,overcoat,life
note_overcome,overcome,action
note_overconfident,overconfident,mind
note_overdose,overdose,mind
note_overdue,overdue,abstract
note_overestimate,overestimate,action
note_overexposure,overexposure,abstract
note_overflow,overflow,action
note_overhang,overhang,action
note_overhaul,overhaul,action
note_overhead,overhead,business
note_overhear,overhear,action
note_overlap,overlap,action
note_overlapping,overlapping,abstract
note_overload,overload,action
note_overlook,overlook,action
note_overnight,overnight,abstract
note_overpass,overpass,life
note_overpowering,overpowering,mind
note_overreach,overreach,action
note_override,override,tech
note_overriding,overriding,abstract
note_overrule,overrule,society
note_overrun,overrun,action
note_overseas,overseas,abstract
note_oversecretion,oversecretion,science
note_oversee,oversee,action
note_overshadow,overshadow,action
note_oversight,oversight,abstract
note_overstate,overstate,action
note_overt,overt,abstract
note_overtake,overtake,action
note_overtax,overtax,action
note_overtaxed,overtaxed,mind
note_overthrow,overthrow,society
note_overtime,overtime,business
note_overtire,overtire,action
note_overture,overture,arts
note_overturn,overturn,action
note_overweening,overweening,mind
note_overweight,overweight,life
note_overwhelm,overwhelm,action
note_overwhelming,overwhelming,abstract
note_overwhelmingly,overwhelmingly,abstract
note_overwrought,overwrought,mind
note_owe,owe,business
note_owing,owing,abstract
note_owl,owl,nature
note_own,own,abstract
note_owner,owner,business
note_ownership,ownership,business
note_ox,ox,nature
note_oxen,oxen,nature
note_oxford,oxford,abstract
note_oxide,oxide,science
note_oxidize,oxidize,science
note_oxygen,oxygen,science
note_oyster,oyster,nature
note_ozone,ozone,science
note_p.m.,p.m.,abstract
note_pace,pace,action
note_pacific,pacific,mind
note_pacifist,pacifist,society
note_pacify,pacify,mind
note_pack,pack,action
note_package,package,business
note_packaging,packaging,business
note_packed,packed,abstract
note_packer,packer,business
note_packet,packet,tech
note_pact,pact,society
note_pad,pad,life
note_padding,padding,life
note_paddle,paddle,life
note_paddler,paddler,life
note_paean,paean,arts
note_pagan,pagan,arts
note_page,page,life
note_pageant,pageant,arts
note_pages,pages,life
note_pail,pail,life
note_pain,pain,mind
note_painful,painful,mind
note_painkiller,painkiller,mind
note_painstaking,painstaking,mind
note_paint,paint,arts
note_painter,painter,arts
note_painting,painting,arts
note_pair,pair,abstract
note_pal,pal,life
note_palace,palace,life
note_palatable,palatable,life
note_palate,palate,mind
note_palatial,palatial,life
note_palaver,palaver,action
note_pale,pale,abstract
note_paleolithic,paleolithic,science
note_paleontologist,paleontologist,science
note_paleontology,paleontology,science
note_palette,palette,arts
note_palings,palings,life
note_pall,pall,action
note_palliate,palliate,mind
note_palliative,palliative,mind
note_pallid,pallid,abstract
note_palm,palm,nature
note_palmy,palmy,abstract
note_palpable,palpable,mind
note_palpitate,palpitate,mind
note_palter,palter,action
note_paltry,paltry,abstract
note_pamper,pamper,action
note_pamphlet,pamphlet,arts
note_pan,pan,life
note_panacea,panacea,mind
note_panache,panache,mind
note_pancake,pancake,life
note_pancreas,pancreas,science
note_panda,panda,nature
note_pandemic,pandemic,mind
note_pandemonium,pandemonium,mind
note_pander,pander,action
note_pane,pane,life
note_panegyric,panegyric,arts
note_panel,panel,tech
note_pang,pang,mind
note_panic,panic,mind
note_panorama,panorama,arts
note_panoramic,panoramic,abstract
note_pant,pant,action
note_pantechnicon,pantechnicon,life
note_pantheon,pantheon,arts
note_panther,panther,nature
note_pantomime,pantomime,arts
note_pantry,pantry,life
note_pants,pants,life
note_paper,paper,life
note_paperback,paperback,arts
note_papers,papers,life
note_paperwork,paperwork,business
note_papyrus,papyrus,arts
note_parable,parable,arts
note_parabola,parabola,science
note_parachute,parachute,tech
note_parade,parade,society
note_paradigm,paradigm,abstract
note_paradise,paradise,abstract
note_paradox,paradox,abstract
note_paradoxical,paradoxical,abstract
note_paradoxically,paradoxically,abstract
note_paragon,paragon,abstract
note_paragraph,paragraph,arts
note_parallel,parallel,abstract
note_parallelism,parallelism,abstract
note_paralyse,paralyse,mind
note_paralysis,paralysis,mind
note_paralyze,paralyze,mind
note_parameter,parameter,tech
note_paramount,paramount,abstract
note_paranoia,paranoia,mind
note_paranoid,paranoid,mind
note_paraphernalia,paraphernalia,life
note_paraphrase,paraphrase,action
note_parapsychology,parapsychology,abstract
note_parasite,parasite,nature
note_parasitic,parasitic,nature
note_parcel,parcel,business
note_parch,parch,action
note_pardon,pardon,society
note_pare,pare,action
note_parent,parent,life
note_parental,parental,life
note_parents,parents,life
note_pariah,pariah,society
note_paris,paris,abstract
note_parity,parity,abstract
note_park,park,nature
note_parka,parka,life
note_parking,parking,life
note_parlance,parlance,arts
note_parley,parley,society
note_parliament,parliament,society
note_parliamentary,parliamentary,society
note_parlor,parlor,life
note_parlous,parlous,abstract
note_parochial,parochial,abstract
note_parody,parody,arts
note_paroxysm,paroxysm,mind
note_parquet,parquet,life
note_parrot,parrot,nature
note_parry,parry,action
note_parse,parse,tech
note_parsimony,parsimony,mind
note_part,part,abstract
note_part-time,part-time,abstract
note_partial,partial,abstract
note_partiality,partiality,mind
note_partially,partially,abstract
note_participant,participant,society
note_participants,participants,society
note_participate,participate,action
note_particle,particle,science
note_particular,particular,abstract
note_particularize,particularize,action
note_particularly,particularly,abstract
note_particulate,particulate,science
note_parties,parties,society
note_partisan,partisan,society
note_partition,partition,action
note_partly,partly,abstract
note_partner,partner,life
note_parturition,parturition,life
note_party,party,life
note_pass,pass,action
note_passage,passage,life
note_passenger,passenger,life
note_passengers,passengers,life
note_passerby,passerby,life
note_passion,passion,mind
note_passionate,passionate,mind
note_passive,passive,mind
note_passport,passport,society
note_past,past,abstract
note_paste,paste,life
note_pastel,pastel,arts
note_pasteurize,pasteurize,action
note_pastiche,pastiche,arts
note_pastime,pastime,life
note_pastor,pastor,arts
note_pastoral,pastoral,arts
note_pastry,pastry,life
note_pasture,pasture,nature
note_pat,pat,action
note_patch,patch,action
note_patent,patent,business
note_paternal,paternal,mind
note_paternity,paternity,life
note_path,path,life
note_pathetic,pathetic,mind
note_pathogen,pathogen,science
note_pathological,pathological,mind
note_pathology,pathology,science
note_pathos,pathos,mind
note_pathway,pathway,life
note_patience,patience,mind
note_patient,patient,mind
note_patients,patients,mind
note_patina,patina,abstract
note_patriarch,patriarch,society
note_patriarchal,patriarchal,society
note_patrician,patrician,society
note_patricide,patricide,society
note_patrimony,patrimony,life
note_patriot,patriot,society
note_patriotic,patriotic,society
note_patriotism,patriotism,society
note_patrol,patrol,society
note_patroller,patroller,society
note_patron,patron,business
note_patronage,patronage,business
note_patronize,patronize,action
note_patronizing,patronizing,mind
note_pattern,pattern,abstract
note_patterns,patterns,abstract
note_paucity,paucity,abstract
note_paunchy,paunchy,life
note_pauper,pauper,life
note_pause,pause,action
note_pave,pave,action
note_pavement,pavement,life
note_paw,paw,nature
note_pawn,pawn,business
note_pay,pay,business
note_payable,payable,business
note_paycheck,paycheck,business
note_payment,payment,business
note_payoff,payoff,business
note_pea,pea,nature
note_peace,peace,society
note_peaceful,peaceful,mind
note_peach,peach,nature
note_peacock,peacock,nature
note_peak,peak,nature
note_peaky,peaky,abstract
note_peanut,peanut,nature
note_pear,pear,nature
note_pearl,pearl,nature
note_peasant,peasant,life
note_peasants,peasants,life
note_pebble,pebble,nature
note_pecan,pecan,nature
note_peccadillo,peccadillo,mind
note_peck,peck,action
note_peculate,peculate,society
note_peculiar,peculiar,abstract
note_peculiarity,peculiarity,abstract
note_pecuniary,pecuniary,business
note_pedagogic,pedagogic,abstract
note_pedagogical,pedagogical,abstract
note_pedagogue,pedagogue,arts
note_pedagogy,pedagogy,abstract
note_pedal,pedal,action
note_pedant,pedant,arts
note_peddle,peddle,business
note_pedestal,pedestal,arts
note_pedestrian,pedestrian,abstract
note_pediatrics,pediatrics,mind
note_pedlar,pedlar,business
note_peek,peek,action
note_peel,peel,life
note_peep,peep,action
note_peer,peer,society
note_peerless,peerless,abstract
note_peery,peery,mind
note_peeve,peeve,mind
note_peevish,peevish,mind
note_pejorative,pejorative,abstract
note_pelf,pelf,business
note_pell-mell,pell-mell,action
note_pellucid,pellucid,abstract
note_pelt,pelt,action
note_pen,pen,life
note_penal,penal,society
note_penalize,penalize,society
note_penalty,penalty,society
note_penance,penance,arts
note_pence,pence,business
note_penchant,penchant,mind
note_pencil,pencil,life
note_pendant,pendant,arts
note_pendent,pendent,abstract
note_pending,pending,abstract
note_pendulum,pendulum,science
note_penetrate,penetrate,action
note_penetrating,penetrating,abstract
note_penetration,penetration,action
note_penicillin,penicillin,mind
note_peninsula,peninsula,nature
note_penitent,penitent,mind
note_pennant,pennant,arts
note_pennies,pennies,business
note_penny,penny,business
note_pension,pension,business
note_pensive,pensive,mind
note_penultimate,penultimate,abstract
note_penumbra,penumbra,science
note_penury,penury,society
note_people,people,society
note_pepper,pepper,life
note_peptic,peptic,mind
note_per,capita per capita,abstract
note_perambulate,perambulate,action
note_perceive,perceive,mind
note_percent,percent,abstract
note_percentage,percentage,abstract
note_perceptible,perceptible,mind
note_perception,perception,mind
note_perceptive,perceptive,mind
note_perceptual,perceptual,mind
note_perch,perch,nature
note_percolate,percolate,action
note_percussion,percussion,arts
note_percussionist,percussionist,arts
note_peregrination,peregrination,abstract
note_peremptory,peremptory,abstract
note_perennial,perennial,nature
note_perennially,perennially,abstract
note_perfect,perfect,abstract
note_perfection,perfection,abstract
note_perfectly,perfectly,abstract
note_perfervid,perfervid,mind
note_perfidious,perfidious,mind
note_perfidy,perfidy,mind
note_perforate,perforate,action
note_perform,perform,action
note_performance,performance,abstract
note_performer,performer,arts
note_perfume,perfume,life
note_perfunctorily,perfunctorily,abstract
note_perfunctory,perfunctory,abstract
note_perhaps,perhaps,abstract
note_perigee,perigee,science
note_peril,peril,society
note_perilous,perilous,abstract
note_perimeter,perimeter,science
note_period,period,abstract
note_periodic,periodic,abstract
note_periodical,periodical,abstract
note_periodically,periodically,abstract
note_peripatetic,peripatetic,abstract
note_peripheral,peripheral,tech
note_periphery,periphery,abstract
note_periphrastic,periphrastic,abstract
note_periscope,periscope,tech
note_perish,perish,action
note_perishable,perishable,life
note_perishing,perishing,abstract
note_perjure,perjure,society
note_perjury,perjury,society
note_perks,perks,business
note_perky,perky,mind
note_permanence,permanence,abstract
note_permanent,permanent,abstract
note_permanently,permanently,abstract
note_permeable,permeable,science
note_permeate,permeate,action
note_permissible,permissible,abstract
note_permission,permission,abstract
note_permissive,permissive,mind
note_permit,permit,abstract
note_pernicious,pernicious,mind
note_perpendicular,perpendicular,science
note_perpetual,perpetual,abstract
note_perpetuate,perpetuate,action
note_perplex,perplex,mind
note_perplexing,perplexing,mind
note_perplexity,perplexity,mind
note_perquisite,perquisite,business
note_persecute,persecute,society
note_perseverance,perseverance,mind
note_persevere,persevere,mind
note_persiflage,persiflage,arts
note_persist,persist,action
note_persistence,persistence,abstract
note_persistent,persistent,abstract
note_persnickety,persnickety,mind
note_person,person,society
note_personable,personable,mind
note_personage,personage,society
note_personal,personal,abstract
note_personality,personality,mind
note_personally,personally,abstract
note_personification,personification,arts
note_personnel,personnel,business
note_perspective,perspective,abstract
note_perspicacious,perspicacious,mind
note_perspicuity,perspicuity,abstract
note_perspicuous,perspicuous,abstract
note_perspiration,perspiration,mind
note_perspire,perspire,mind
note_persuade,persuade,mind
note_persuasion,persuasion,mind
note_persuasive,persuasive,mind
note_pertain,pertain,abstract
note_pertinacious,pertinacious,mind
note_pertinent,pertinent,abstract
note_perturb,perturb,mind
note_peruse,peruse,abstract
note_pervade,pervade,action
note_pervasive,pervasive,abstract
note_perverse,perverse,mind
note_pervert,pervert,mind
note_pervious,pervious,science
note_pesky,pesky,mind
note_pessimism,pessimism,mind
note_pessimistic,pessimistic,mind
note_pest,pest,life
note_pester,pester,action
note_pesticide,pesticide,tech
note_pestilence,pestilence,mind
note_pestilent,pestilent,mind
note_pestilential,pestilential,mind
note_pestle,pestle,life
note_pet,pet,life
note_petal,petal,nature
note_petition,petition,society
note_petitioner,petitioner,society
note_petrifaction,petrifaction,science
note_petrify,petrify,action
note_petroglyph,petroglyph,arts
note_petrol,petrol,tech
note_petroleum,petroleum,tech
note_petrology,petrology,science
note_pets,pets,life
note_pettish,pettish,mind
note_petty,petty,abstract
note_petulance,petulance,mind
note_petulant,petulant,mind
note_phantom,phantom,abstract
note_pharisaic,pharisaic,arts
note_pharmaceutical,pharmaceutical,mind
note_pharmacology,pharmacology,science
note_pharmacy,pharmacy,business
note_phase,phase,abstract
note_phd,phd,abstract
note_phenomena,phenomena,science
note_phenomenal,phenomenal,abstract
note_phenomenally,phenomenally,abstract
note_phenomenon,phenomenon,science
note_phial,phial,life
note_philanthropic,philanthropic,society
note_philanthropy,philanthropy,society
note_philatelist,philatelist,arts
note_philately,philately,arts
note_philharmonic,philharmonic,arts
note_philistine,philistine,arts
note_philology,philology,arts
note_philosopher,philosopher,abstract
note_philosophy,philosophy,abstract
note_phlegmatic,phlegmatic,mind
note_phobia,phobia,mind
note_phoenix,phoenix,nature
note_phone,phone,tech
note_phone-in,phone-in,tech
note_phonetic,phonetic,arts
note_phonetics,phonetics,arts
note_phony,phony,abstract
note_photo,photo,tech
note_photocopies,photocopies,tech
note_photocopy,photocopy,tech
note_photoelectric,photoelectric,tech
note_photograph,photograph,tech
note_photographer,photographer,arts
note_photographic,photographic,tech
note_photographs,photographs,tech
note_photography,photography,arts
note_photojournalism,photojournalism,arts
note_photos,photos,tech
note_photosensitive,photosensitive,tech
note_photosphere,photosphere,science
note_photosynthesis,photosynthesis,science
note_phrase,phrase,arts
note_physical,physical,science
note_physically,physically,abstract
note_physician,physician,mind
note_physicist,physicist,science
note_physics,physics,science
note_physiological,physiological,science
note_physiology,physiology,science
note_physique,physique,life
note_pianist,pianist,arts
note_piano,piano,arts
note_piazza,piazza,life
note_pick,pick,action
note_pickle,pickle,life
note_pickup,pickup,tech
note_picnic,picnic,life
note_pictorial,pictorial,arts
note_picture,picture,arts
note_pictures,pictures,arts
note_picturesque,picturesque,abstract
note_piddling,piddling,abstract
note_pie,pie,life
note_piebald,piebald,nature
note_piece,piece,abstract
note_piecemeal,piecemeal,action
note_pied,pied,nature
note_pier,pier,life
note_pierce,pierce,action
note_piercing,piercing,action
note_piety,piety,arts
note_pig,pig,nature
note_pigeon,pigeon,nature
note_pigment,pigment,science
note_pile,pile,abstract
note_pilfer,pilfer,action
note_pilferage,pilferage,business
note_pilgrim,pilgrim,arts
note_pill,pill,mind
note_pillage,pillage,action
note_pillar,pillar,abstract
note_pillory,pillory,society
note_pillow,pillow,life
note_pills,pills,mind
note_pilot,pilot,tech
note_pimple,pimple,mind
note_pin,pin,life
note_pincers,pincers,life
note_pinch,pinch,action
note_pine,pine,nature
note_pineapple,pineapple,life
note_pinhead,pinhead,life
note_pinion,pinion,action
note_pink,pink,nature
note_pinnacle,pinnacle,abstract
note_pinpoint,pinpoint,tech
note_pint,pint,business
note_pioneer,pioneer,society
note_pioneering,pioneering,abstract
note_pious,pious,arts
note_pipe,pipe,life
note_pipeline,pipeline,tech
note_piquant,piquant,mind
note_pique,pique,mind
note_piracy,piracy,society
note_pirate,pirate,society
note_pirouette,pirouette,arts
note_piscatorial,piscatorial,nature
note_pistol,pistol,society
note_piston,piston,tech
note_pit,pit,life
note_pitch,pitch,abstract
note_pitcher,pitcher,life
note_pitfall,pitfall,abstract
note_pith,pith,abstract
note_pithiness,pithiness,abstract
note_pithy,pithy,abstract
note_pitiful,pitiful,mind
note_pitiless,pitiless,mind
note_pittance,pittance,business
note_pity,pity,mind
note_pivot,pivot,tech
note_pivotal,pivotal,abstract
note_placard,placard,society
note_placate,placate,mind
note_place,place,abstract
note_placebo,placebo,mind
note_placement,placement,abstract
note_places,places,abstract
note_placid,placid,mind
note_plagiarism,plagiarism,arts
note_plagiarize,plagiarize,action
note_plague,plague,mind
note_plain,plain,abstract
note_plainly,plainly,abstract
note_plainspoken,plainspoken,mind
note_plaintiff,plaintiff,society
note_plaintive,plaintive,mind
note_plait,plait,action
note_plan,plan,abstract
note_plane,plane,tech
note_planet,planet,science
note_planetarium,planetarium,science
note_planetary,planetary,science
note_plangent,plangent,arts
note_plank,plank,life
note_plankton,plankton,nature
note_planner,planner,abstract
note_planners,planners,abstract
note_planning,planning,abstract
note_plant,plant,nature
note_plantation,plantation,business
note_planting,planting,life
note_plants,plants,nature
note_plaque,plaque,mind
note_plash,plash,nature
note_plasma,plasma,science
note_plaster,plaster,life
note_plastic,plastic,tech
note_plate,plate,life
note_plateau,plateau,nature
note_platelike,platelike,abstract
note_platform,platform,tech
note_platitude,platitude,abstract
note_platitudinous,platitudinous,abstract
note_platonic,platonic,abstract
note_plaudit,plaudit,arts
note_plausible,plausible,mind
note_play,play,arts
note_player,player,abstract
note_playground,playground,life
note_playmate,playmate,life
note_playroom,playroom,life
note_playwright,playwright,arts
note_plaza,plaza,life
note_plea,plea,society
note_plead,plead,society
note_pleasant,pleasant,mind
note_please,please,mind
note_pleased,pleased,mind
note_pleasing,pleasing,mind
note_pleasure,pleasure,mind
note_pleat,pleat,action
note_plebeian,plebeian,society
note_pledge,pledge,abstract
note_plenary,plenary,abstract
note_plenitude,plenitude,abstract
note_plentiful,plentiful,abstract
note_plentitude,plentitude,abstract
note_plenty,plenty,abstract
note_pleonastic,pleonastic,abstract
note_plethora,plethora,abstract
note_pliable,pliable,action
note_pliant,pliant,action
note_pliers,pliers,tech
note_plight,plight,mind
note_plinth,plinth,arts
note_plod,plod,action
note_plot,plot,arts
note_plough,plough,life
note_plow,plow,life
note_ploy,ploy,abstract
note_pluck,pluck,action
note_plug,plug,tech
note_plumage,plumage,nature
note_plumb,plumb,action
note_plumber,plumber,business
note_plumbing,plumbing,tech
note_plume,plume,nature
note_plummet,plummet,action
note_plump,plump,life
note_plunder,plunder,action
note_plunge,plunge,action
note_plural,plural,abstract
note_plus,plus,abstract
note_plush,plush,life
note_plutocracy,plutocracy,society
note_plutocrat,plutocrat,society
note_ply,ply,action
note_pneumatic,pneumatic,tech
note_pneumonia,pneumonia,mind
note_poach,poach,action
note_pocket,pocket,life
note_pocketbook,pocketbook,life
note_pod,pod,nature
note_podiatrist,podiatrist,mind
note_podium,podium,arts
note_poem,poem,arts
note_poet,poet,arts
note_poetry,poetry,arts
note_poignant,poignant,mind
note_point,point,abstract
note_pointed,pointed,abstract
note_pointless,pointless,abstract
note_poise,poise,mind
note_poison,poison,mind
note_poisonous,poisonous,mind
note_poke,poke,action
note_polar,polar,science
note_polarity,polarity,science
note_polarize,polarize,action
note_pole,pole,abstract
note_polemic,polemic,society
note_polemical,polemical,society
note_police,police,society
note_policeman,policeman,society
note_policy,policy,society
note_polish,polish,action
note_polished,polished,abstract
note_polite,polite,mind
note_politic,politic,abstract
note_political,political,society
note_politician,politician,society
note_politics,politics,society
note_poll,poll,society
note_pollen,pollen,nature
note_pollinate,pollinate,nature
note_pollination,pollination,nature
note_pollinator,pollinator,nature
note_pollster,pollster,society
note_pollutant,pollutant,nature
note_pollute,pollute,nature
note_pollution,pollution,nature
note_poltroon,poltroon,mind
note_polyandry,polyandry,society
note_polyglot,polyglot,arts
note_polygon,polygon,science
note_polygonal,polygonal,science
note_polymath,polymath,abstract
note_polymer,polymer,science
note_pomposity,pomposity,mind
note_pompous,pompous,mind
note_poncho,poncho,life
note_pond,pond,nature
note_ponder,ponder,mind
note_ponderable,ponderable,abstract
note_ponderous,ponderous,action
note_pontifical,pontifical,arts
note_pontificate,pontificate,action
note_pony,pony,nature
note_pool,pool,life
note_poor,poor,abstract
note_pop,pop,action
note_popcorn,popcorn,life
note_pope,pope,arts
note_populace,populace,society
note_popular,popular,abstract
note_popularity,popularity,abstract
note_population,population,society
note_populous,populous,abstract
note_porcelain,porcelain,arts
note_porch,porch,life
note_porcine,porcine,nature
note_porcupine,porcupine,nature
note_pore,pore,action
note_pork,pork,life
note_porous,porous,science
note_porpoise,porpoise,nature
note_porridge,porridge,life
note_port,port,tech
note_portable,portable,tech
note_portend,portend,abstract
note_portentous,portentous,abstract
note_porter,porter,business
note_portfolio,portfolio,business
note_portion,portion,abstract
note_portrait,portrait,arts
note_portraitist,portraitist,arts
note_portraiture,portraiture,arts
note_portray,portray,arts
note_portrayal,portrayal,arts
note_portuguese,portuguese,abstract
note_pose,pose,action
note_poseur,poseur,mind
note_posit,posit,abstract
note_position,position,abstract
note_positions,positions,abstract
note_positive,positive,abstract
note_positively,positively,abstract
note_positiveness,positiveness,mind
note_posse,posse,society
note_possess,possess,abstract
note_possessed,possessed,mind
note_possession,possession,abstract
note_possibility,possibility,abstract
note_possible,possible,abstract
note_possibly,possibly,abstract
note_post,post,abstract
note_postage,postage,business
note_postal,postal,business
note_postbox,postbox,life
note_postcard,postcard,life
note_postcode,postcode,society
note_postdate,postdate,action
note_poster,poster,arts
note_posterior,posterior,abstract
note_posterity,posterity,abstract
note_postgraduate,postgraduate,abstract
note_posthumous,posthumous,abstract
note_postman,postman,business
note_postmaster,postmaster,business
note_postoperative,postoperative,mind
note_postpone,postpone,action
note_postscript,postscript,arts
note_postulate,postulate,abstract
note_posture,posture,action
note_postwar,postwar,society
note_pot,pot,life
note_potable,potable,life
note_potash,potash,science
note_potassium,potassium,science
note_potation,potation,life
note_potato,potato,life
note_potboiler,potboiler,arts
note_potent,potent,abstract
note_potentate,potentate,society
note_potential,potential,abstract
note_potentiality,potentiality,abstract
note_potentiate,potentiate,action
note_potion,potion,mind
note_potpourri,potpourri,life
note_potted,potted,life
note_potter,potter,arts
note_pottery,pottery,arts
note_poultry,poultry,life
note_pounce,pounce,action
note_pound,pound,action
note_pounds,pounds,business
note_pour,pour,action
note_pout,pout,mind
note_poverty,poverty,society
note_powder,powder,life
note_power,power,abstract
note_powerful,powerful,abstract
note_practicable,practicable,abstract
note_practical,practical,abstract
note_practicality,practicality,abstract
note_practically,practically,abstract
note_practice,practice,abstract
note_practise,practise,action
note_practitioner,practitioner,abstract
note_pragmatic,pragmatic,abstract
note_prairie,prairie,nature
note_praise,praise,mind
note_prance,prance,action
note_prank,prank,life
note_prate,prate,action
note_pray,pray,arts
note_prayer,prayer,arts
note_preach,preach,arts
note_preamble,preamble,abstract
note_precarious,precarious,abstract
note_precaution,precaution,abstract
note_precautions,precautions,abstract
note_precede,precede,action
note_precedence,precedence,abstract
note_precedent,precedent,abstract
note_preceding,preceding,abstract
note_precept,precept,abstract
note_precious,precious,abstract
note_precipice,precipice,nature
note_precipitant,precipitant,science
note_precipitate,precipitate,action
note_precipitation,precipitation,nature
note_precipitous,precipitous,abstract
note_precise,precise,abstract
note_precision,precision,abstract
note_preclude,preclude,action
note_precocious,precocious,mind
note_precursor,precursor,abstract
note_predator,predator,nature
note_predatory,predatory,nature
note_predecessor,predecessor,abstract
note_predestine,predestine,abstract
note_predicament,predicament,mind
note_predict,predict,abstract
note_predictability,predictability,abstract
note_predictable,predictable,abstract
note_prediction,prediction,abstract
note_predictive,predictive,abstract
note_predilection,predilection,mind
note_predisposition,predisposition,mind
note_predominant,predominant,abstract
note_predominantly,predominantly,abstract
note_predominate,predominate,action
note_preeminent,preeminent,abstract
note_preempt,preempt,action
note_preen,preen,action
note_prefabricated,prefabricated,tech
note_preface,preface,arts
note_prefer,prefer,mind
note_preferable,preferable,abstract
note_preference,preference,mind
note_prefigure,prefigure,abstract
note_pregnancy,pregnancy,life
note_pregnant,pregnant,life
note_prehensile,prehensile,nature
note_prehistoric,prehistoric,abstract
note_prejudice,prejudice,mind
note_preliminary,preliminary,abstract
note_preliterate,preliterate,abstract
note_prelude,prelude,arts
note_premature,premature,abstract
note_premeditate,premeditate,mind
note_premeditated,premeditated,mind
note_premier,premier,abstract
note_premiere,premiere,arts
note_premise,premise,abstract
note_premium,premium,business
note_premonition,premonition,mind
note_preoccupation,preoccupation,mind
note_preparation,preparation,abstract
note_prepare,prepare,action
note_preponderance,preponderance,abstract
note_preponderant,preponderant,abstract
note_preponderate,preponderate,action
note_preposition,preposition,abstract
note_prepossessing,prepossessing,mind
note_preposterous,preposterous,abstract
note_prerequisite,prerequisite,abstract
note_prerogative,prerogative,abstract
note_presage,presage,abstract
note_prescience,prescience,mind
note_prescribe,prescribe,mind
note_prescribed,prescribed,mind
note_prescription,prescription,mind
note_presence,presence,abstract
note_present,present,abstract
note_presentation,presentation,abstract
note_presenter,presenter,abstract
note_presentiment,presentiment,mind
note_presently,presently,abstract
note_preservation,preservation,abstract
note_preservative,preservative,tech
note_preserve,preserve,action
note_preset,preset,tech
note_preside,preside,action
note_presidency,presidency,society
note_president,president,society
note_press,press,action
note_pressing,pressing,abstract
note_pressure,pressure,abstract
note_prestige,prestige,abstract
note_prestigious,prestigious,abstract
note_presumable,presumable,abstract
note_presumably,presumably,abstract
note_presume,presume,abstract
note_presumption,presumption,abstract
note_presumptuous,presumptuous,mind
note_presupposition,presupposition,abstract
note_pretence,pretence,abstract
note_pretend,pretend,action
note_pretense,pretense,abstract
note_pretension,pretension,abstract
note_pretentious,pretentious,mind
note_preternatural,preternatural,abstract
note_pretext,pretext,abstract
note_pretty,pretty,mind
note_prevail,prevail,action
note_prevailing,prevailing,abstract
note_prevalence,prevalence,abstract
note_prevalent,prevalent,abstract
note_prevaricate,prevaricate,action
note_prevent,prevent,action
note_prevention,prevention,abstract
note_preview,preview,tech
note_previous,previous,abstract
note_previously,previously,abstract
note_prevision,prevision,abstract
note_prey,prey,nature
note_price,price,business
note_prick,prick,action
note_prickle,prickle,action
note_pride,pride,mind
note_priest,priest,arts
note_prig,prig,mind
note_prim,prim,mind
note_primal,primal,mind
note_primarily,primarily,abstract
note_primary,primary,abstract
note_primate,primate,nature
note_prime,prime,abstract
note_primitive,primitive,abstract
note_primordial,primordial,science
note_primp,primp,action
note_prince,prince,society
note_princess,princess,society
note_principal,principal,abstract
note_principally,principally,abstract
note_principle,principle,abstract
note_print,print,tech
note_printed,printed,tech
note_printer,printer,tech
note_printing,printing,tech
note_prior,prior,abstract
note_priorities,priorities,abstract
note_priority,priority,abstract
note_prism,prism,science
note_prison,prison,society
note_prisoner,prisoner,society
note_prissy,prissy,mind
note_pristine,pristine,abstract
note_privacy,privacy,abstract
note_private,private,abstract
note_privation,privation,mind
note_privilege,privilege,abstract
note_prize,prize,abstract
note_prizes,prizes,abstract
note_probability,probability,abstract
note_probable,probable,abstract
note_probably,probably,abstract
note_probation,probation,society
note_probe,probe,tech
note_probity,probity,mind
note_problem,problem,abstract
note_problems,problems,abstract
note_proboscis,proboscis,nature
note_procedure,procedure,abstract
note_proceed,proceed,action
note_proceeding,proceeding,abstract
note_proceeds,proceeds,business
note_process,process,abstract
note_processing,processing,tech
note_procession,procession,action
note_proclaim,proclaim,action
note_proclamation,proclamation,abstract
note_proclivity,proclivity,mind
note_procrastinate,procrastinate,action
note_procreate,procreate,life
note_procrustean,procrustean,abstract
note_proctor,proctor,society
note_procure,procure,business
note_procurement,procurement,business
note_prod,prod,action
note_prodigal,prodigal,mind
note_prodigious,prodigious,abstract
note_prodigy,prodigy,abstract
note_produce,produce,action
note_producer,producer,business
note_product,product,business
note_production,production,business
note_productive,productive,abstract
note_productivity,productivity,abstract
note_products,products,business
note_profane,profane,abstract
note_profess,profess,action
note_profession,profession,abstract
note_professional,professional,abstract
note_professionalism,professionalism,abstract
note_professions,professions,abstract
note_professor,professor,abstract
note_proffer,proffer,action
note_proficiency,proficiency,abstract
note_proficient,proficient,abstract
note_profile,profile,abstract
note_profit,profit,business
note_profitable,profitable,business
note_profiteer,profiteer,business
note_profitless,profitless,business
note_profits,profits,business
note_profligate,profligate,mind
note_profound,profound,abstract
note_profoundly,profoundly,abstract
note_profuse,profuse,abstract
note_progenitor,progenitor,abstract
note_progeny,progeny,life
note_prognosis,prognosis,mind
note_prognostic,prognostic,abstract
note_prognosticate,prognosticate,abstract
note_program,program,tech
note_programme,programme,abstract
note_progress,progress,action
note_progression,progression,abstract
note_progressive,progressive,abstract
note_prohibit,prohibit,action
note_prohibition,prohibition,abstract
note_prohibitive,prohibitive,abstract
note_prohibitively,prohibitively,abstract
note_project,project,abstract
note_projectile,projectile,tech
note_projecting,projecting,action
note_projection,projection,abstract
note_projectionist,projectionist,tech
note_projector,projector,tech
note_proliferate,proliferate,action
note_proliferation,proliferation,abstract
note_prolific,prolific,abstract
note_prolix,prolix,abstract
note_prolixity,prolixity,abstract
note_prologue,prologue,arts
note_prolong,prolong,action
note_promenade,promenade,action
note_prominence,prominence,abstract
note_prominent,prominent,abstract
note_promise,promise,abstract
note_promising,promising,abstract
note_promote,promote,action
note_promoter,promoter,business
note_promotion,promotion,abstract
note_prompt,prompt,action
note_promptly,promptly,abstract
note_promulgate,promulgate,action
note_prone,prone,abstract
note_pronghorn,pronghorn,nature
note_pronoun,pronoun,abstract
note_pronounce,pronounce,action
note_pronounced,pronounced,abstract
note_pronunciation,pronunciation,arts
note_proof,proof,abstract
note_proofread,proofread,action
note_prop,prop,action
note_propaganda,propaganda,society
note_propagate,propagate,action
note_propagation,propagation,abstract
note_propel,propel,action
note_propellant,propellant,tech
note_propeller,propeller,tech
note_propensity,propensity,mind
note_proper,proper,abstract
note_properly,properly,abstract
note_property,property,abstract
note_prophecy,prophecy,abstract
note_prophet,prophet,arts
note_prophetic,prophetic,abstract
note_propitiate,propitiate,mind
note_propitious,propitious,abstract
note_proponent,proponent,abstract
note_proportion,proportion,abstract
note_proportional,proportional,abstract
note_proposal,proposal,abstract
note_propose,propose,action
note_proposition,proposition,abstract
note_propound,propound,action
note_proprietary,proprietary,business
note_proprietor,proprietor,business
note_proprietorship,proprietorship,business
note_propriety,propriety,abstract
note_propulsion,propulsion,tech
note_prorogue,prorogue,action
note_prosaic,prosaic,abstract
note_proscribe,proscribe,action
note_prose,prose,arts
note_prosecute,prosecute,society
note_prosecution,prosecution,society
note_prosecutor,prosecutor,society
note_proselytize,proselytize,action
note_prospect,prospect,abstract
note_prospecting,prospecting,business
note_prospective,prospective,abstract
note_prospector,prospector,business
note_prospectus,prospectus,business
note_prosper,prosper,action
note_prosperity,prosperity,abstract
note_prosperous,prosperous,abstract
note_prostrate,prostrate,action
note_protagonist,protagonist,arts
note_protean,protean,abstract
note_protect,protect,action
note_protection,protection,abstract
note_protectionist,protectionist,business
note_protective,protective,mind
note_protein,protein,science
note_protend,protend,action
note_protest,protest,action
note_protocol,protocol,tech
note_proton,proton,science
note_prototype,prototype,tech
note_prototypical,prototypical,abstract
note_protract,protract,action
note_protrude,protrude,action
note_protruding,protruding,action
note_protuberance,protuberance,abstract
note_protuberant,protuberant,abstract
note_proud,proud,mind
note_prove,prove,action
note_provenance,provenance,abstract
note_provender,provender,life
note_proverb,proverb,arts
note_proverbially,proverbially,abstract
note_provide,provide,action
note_provided,provided,abstract
note_provident,provident,abstract
note_providential,providential,abstract
note_province,province,society
note_provincial,provincial,society
note_provincialism,provincialism,abstract
note_provision,provision,abstract
note_provisional,provisional,abstract
note_provisory,provisory,abstract
note_provocation,provocation,mind
note_provocative,provocative,mind
note_provoke,provoke,mind
note_provost,provost,society
note_prowess,prowess,mind
note_prowl,prowl,action
note_proximate,proximate,abstract
note_proximity,proximity,abstract
note_proxy,proxy,abstract
note_prude,prude,mind
note_prudence,prudence,mind
note_prudent,prudent,mind
note_prudish,prudish,mind
note_prune,prune,action
note_pry,pry,action
note_psalm,psalm,arts
note_pseudonym,pseudonym,arts
note_psyche,psyche,mind
note_psychiatric,psychiatric,mind
note_psychiatry,psychiatry,mind
note_psychoanalysis,psychoanalysis,mind
note_psycholinguistics,psycholinguistics,abstract
note_psychological,psychological,mind
note_psychologist,psychologist,mind
note_psychology,psychology,mind
note_pub,pub,life
note_puberty,puberty,life
note_public,public,society
note_publication,publication,abstract
note_publicity,publicity,abstract
note_publicize,publicize,action
note_publicly,publicly,abstract
note_publish,publish,action
note_pucker,pucker,action
note_puckish,puckish,mind
note_pudding,pudding,life
note_puddle,puddle,nature
note_pueblo,pueblo,society
note_puerile,puerile,mind
note_puff,puff,action
note_puffery,puffery,abstract
note_pugilism,pugilism,mind
note_pugilist,pugilist,mind
note_pugnacious,pugnacious,mind
note_puissance,puissance,abstract
note_puissant,puissant,abstract
note_pulchritude,pulchritude,abstract
note_pull,pull,action
note_pullet,pullet,life
note_pulley,pulley,tech
note_pullulate,pullulate,action
note_pulp,pulp,life
note_pulpit,pulpit,arts
note_pulsate,pulsate,action
note_pulsation,pulsation,abstract
note_pulse,pulse,mind
note_pulverize,pulverize,action
note_pummel,pummel,action
note_pump,pump,tech
note_pumpkin,pumpkin,life
note_pun,pun,arts
note_punch,punch,action
note_punctilious,punctilious,mind
note_punctual,punctual,mind
note_punctuate,punctuate,action
note_punctuation,punctuation,abstract
note_puncture,puncture,action
note_pundit,pundit,arts
note_pungent,pungent,mind
note_punish,punish,society
note_punishment,punishment,society
note_puny,puny,abstract
note_pupil,pupil,life
note_puppet,puppet,arts
note_puppy,puppy,life
note_purblind,purblind,mind
note_purchase,purchase,business
note_pure,pure,abstract
note_purely,purely,abstract
note_purest,purest,abstract
note_purgative,purgative,mind
note_purgatory,purgatory,abstract
note_purge,purge,action
note_purification,purification,abstract
note_purified,purified,abstract
note_purify,purify,action
note_purity,purity,abstract
note_purlieu,purlieu,abstract
note_purloin,purloin,action
note_purple,purple,life
note_purport,purport,abstract
note_purported,purported,abstract
note_purpose,purpose,abstract
note_purse,purse,life
note_pursue,pursue,action
note_pursuit,pursuit,action
note_purvey,purvey,business
note_push,push,action
note_pusillanimous,pusillanimous,mind
note_put,put,action
note_putative,putative,abstract
note_putrefy,putrefy,action
note_putrid,putrid,life
note_puzzle,puzzle,mind
note_puzzled,puzzled,mind
note_puzzling,puzzling,mind
note_pygmy,pygmy,nature
note_pyjamas,pyjamas,life
note_pylon,pylon,tech
note_pyramid,pyramid,abstract
note_pyre,pyre,life
note_pyromania,pyromania,mind
note_quack,quack,life
note_quadrangle,quadrangle,abstract
note_quadrilateral,quadrilateral,abstract
note_quadruped,quadruped,nature
note_quaff,quaff,action
note_quagmire,quagmire,nature
note_quail,quail,nature
note_quaint,quaint,mind
note_quake,quake,nature
note_qualification,qualification,abstract
note_qualifications,qualifications,abstract
note_qualified,qualified,abstract
note_qualify,qualify,action
note_qualitative,qualitative,abstract
note_quality,quality,abstract
note_qualm,qualm,mind
note_qualms,qualms,mind
note_quandary,quandary,mind
note_quantify,quantify,science
note_quantitative,quantitative,science
note_quantity,quantity,abstract
note_quantum,quantum,science
note_quarantine,quarantine,society
note_quarrel,quarrel,society
note_quarry,quarry,nature
note_quart,quart,life
note_quarter,quarter,life
note_quarterly,quarterly,abstract
note_quartet,quartet,arts
note_quartz,quartz,nature
note_quash,quash,action
note_quaver,quaver,action
note_quay,quay,life
note_queasy,queasy,mind
note_queen,queen,society
note_queer,queer,mind
note_quell,quell,action
note_quench,quench,action
note_querulous,querulous,mind
note_query,query,abstract
note_quest,quest,action
note_question,question,abstract
note_questionable,questionable,abstract
note_questionnaire,questionnaire,abstract
note_questions,questions,abstract
note_queue,queue,tech
note_quibble,quibble,mind
note_quick,quick,abstract
note_quicken,quicken,action
note_quiescent,quiescent,mind
note_quiet,quiet,mind
note_quill,quill,arts
note_quilt,quilt,life
note_quilter,quilter,life
note_quintessence,quintessence,abstract
note_quip,quip,arts
note_quirk,quirk,mind
note_quisling,quisling,society
note_quit,quit,action
note_quite,quite,none
note_quiver,quiver,action
note_quixotic,quixotic,mind
note_quiz,quiz,mind
note_quota,quota,abstract
note_quotation,quotation,abstract
note_quote,quote,abstract
note_quotidian,quotidian,abstract
note_rabbit,rabbit,nature
note_rabble,rabble,society
note_rabid,rabid,mind
note_rabies,rabies,nature
note_race,race,society
note_racial,racial,society
note_rack,rack,life
note_racket,racket,life
note_racketeer,racketeer,society
note_raconteur,raconteur,arts
note_racy,racy,mind
note_radar,radar,tech
note_radial,radial,abstract
note_radiant,radiant,abstract
note_radiate,radiate,science
note_radiation,radiation,science
note_radiator,radiator,tech
note_radical,radical,abstract
note_radically,radically,abstract
note_radio,radio,tech
note_radioactive,radioactive,science
note_radioactivity,radioactivity,science
note_radish,radish,nature
note_radium,radium,science
note_radius,radius,science
note_raffish,raffish,mind
note_raffle,raffle,life
note_raft,raft,life
note_rafter,rafter,life
note_rag,rag,life
note_rage,rage,mind
note_ragged,ragged,life
note_ragtime,ragtime,arts
note_raid,raid,society
note_rail,rail,tech
note_raillery,raillery,mind
note_railroad,railroad,tech
note_railway,railway,tech
note_rain,rain,nature
note_rainbow,rainbow,nature
note_raincoat,raincoat,life
note_rainfall,rainfall,nature
note_rainforest,rainforest,nature
note_rainwater,rainwater,nature
note_rainy,rainy,nature
note_raise,raise,action
note_raisin,raisin,life
note_rake,rake,life
note_rakish,rakish,mind
note_rally,rally,action
note_ram,ram,nature
note_ramble,ramble,action
note_rambunctious,rambunctious,mind
note_ramify,ramify,abstract
note_ramp,ramp,life
note_rampage,rampage,action
note_rampant,rampant,abstract
note_rampart,rampart,society
note_ramshackle,ramshackle,life
note_ranch,ranch,life
note_rancher,rancher,life
note_ranching,ranching,life
note_rancid,rancid,life
note_rancor,rancor,mind
note_random,random,abstract
note_range,range,abstract
note_ranger,ranger,life
note_rank,rank,abstract
note_rankle,rankle,mind
note_ransom,ransom,society
note_rant,rant,action
note_rap,rap,action
note_rapacious,rapacious,mind
note_rape,rape,society
note_rapid,rapid,abstract
note_rapidity,rapidity,abstract
note_rapidly,rapidly,abstract
note_rapids,rapids,nature
note_rapport,rapport,mind
note_rapprochement,rapprochement,society
note_rapscallion,rapscallion,mind
note_rapt,rapt,mind
note_rapture,rapture,mind
note_rare,rare,abstract
note_rarefaction,rarefaction,science
note_rarefy,rarefy,science
note_rarely,rarely,none
note_rascal,rascal,mind
note_rash,rash,mind
note_rashly,rashly,mind
note_rasp,rasp,action
note_raspy,raspy,mind
note_rat,rat,nature
note_rate,rate,abstract
note_rather,rather,none
note_ratification,ratification,society
note_ratify,ratify,society
note_rating,rating,abstract
note_ratio,ratio,abstract
note_ratiocination,ratiocination,mind
note_ration,ration,life
note_rational,rational,mind
note_rationing,rationing,society
note_rattle,rattle,action
note_rattlesnake,rattlesnake,nature
note_raucous,raucous,mind
note_ravage,ravage,action
note_rave,rave,mind
note_ravel,ravel,action
note_raven,raven,nature
note_ravenous,ravenous,mind
note_ravine,ravine,nature
note_ravish,ravish,mind
note_ravishing,ravishing,mind
note_raw,raw,life
note_rawhide,rawhide,life
note_ray,ray,nature
note_rayon,rayon,life
note_raze,raze,action
note_razor,razor,life
note_reach,reach,action
note_react,react,action
note_reactant,reactant,science
note_reaction,reaction,science
note_reactionary,reactionary,society
note_reactor,reactor,tech
note_read,read,action
note_reader,reader,arts
note_readers,readers,arts
note_readily,readily,none
note_reading,reading,arts
note_readjust,readjust,action
note_ready,ready,mind
note_reagent,reagent,science
note_real,real,abstract
note_realign,realign,action
note_realise,realise,abstract
note_realism,realism,arts
note_realistic,realistic,abstract
note_reality,reality,abstract
note_realization,realization,abstract
note_realize,realize,abstract
note_really,really,none
note_realm,realm,abstract
note_ream,ream,life
note_reap,reap,action
note_reaper,reaper,life
note_rear,rear,action
note_rearrange,rearrange,action
note_reason,reason,mind
note_reasonable,reasonable,mind
note_reasoning,reasoning,mind
note_reasons,reasons,abstract
note_reassurance,reassurance,mind
note_reassure,reassure,mind
note_rebarbative,rebarbative,mind
note_rebate,rebate,business
note_rebel,rebel,society
note_rebellion,rebellion,society
note_rebellious,rebellious,mind
note_rebroadcast,rebroadcast,tech
note_rebuff,rebuff,action
note_rebuild,rebuild,action
note_rebuke,rebuke,action
note_rebus,rebus,arts
note_rebut,rebut,action
note_rebuttal,rebuttal,abstract
note_recalcitrant,recalcitrant,mind
note_recall,recall,mind
note_recant,recant,action
note_recantation,recantation,abstract
note_recapitulate,recapitulate,action
note_recast,recast,action
note_recede,recede,action
note_receipt,receipt,business
note_receive,receive,action
note_receiver,receiver,tech
note_recent,recent,abstract
note_recently,recently,none
note_receptacle,receptacle,life
note_reception,reception,abstract
note_receptionist,receptionist,business
note_receptive,receptive,mind
note_receptor,receptor,science
note_recess,recess,life
note_recession,recession,business
note_recessive,recessive,science
note_recipe,recipe,life
note_recipient,recipient,abstract
note_reciprocal,reciprocal,abstract
note_reciprocate,reciprocate,action
note_recital,recital,arts
note_recite,recite,action
note_reckless,reckless,mind
note_reckon,reckon,mind
note_reclaim,reclaim,action
note_reclamation,reclamation,action
note_recline,recline,action
note_recluse,recluse,mind
note_recognise,recognise,abstract
note_recognition,recognition,mind
note_recognize,recognize,abstract
note_recoil,recoil,action
note_recollect,recollect,mind
note_recollection,recollection,mind
note_recombine,recombine,science
note_recommend,recommend,abstract
note_recommendation,recommendation,abstract
note_recompense,recompense,business
note_recompose,recompose,action
note_reconcile,reconcile,society
note_reconciliation,reconciliation,abstract
note_recondite,recondite,mind
note_reconnaissance,reconnaissance,society
note_reconnoiter,reconnoiter,action
note_reconstitute,reconstitute,action
note_reconstruct,reconstruct,action
note_reconstruction,reconstruction,abstract
note_record,record,abstract
note_recorder,recorder,tech
note_recording,recording,tech
note_records,records,abstract
note_recount,recount,action
note_recourse,recourse,abstract
note_recover,recover,action
note_recovery,recovery,abstract
note_recreation,recreation,life
note_recreational,recreational,life
note_recruit,recruit,society
note_recruitment,recruitment,business
note_rectangle,rectangle,abstract
note_rectangular,rectangular,abstract
note_rectify,rectify,action
note_rectitude,rectitude,mind
note_recumbent,recumbent,life
note_recuperate,recuperate,mind
note_recur,recur,action
note_recurrence,recurrence,abstract
note_recurrent,recurrent,abstract
note_recurring,recurring,abstract
note_recycle,recycle,action
note_recycled,recycled,abstract
note_recycling,recycling,tech
note_red,red,life
note_reddish,reddish,abstract
note_redeem,redeem,society
note_redemptive,redemptive,mind
note_redirect,redirect,action
note_redistribution,redistribution,society
note_redolent,redolent,mind
note_redoubtable,redoubtable,mind
note_redress,redress,action
note_reduce,reduce,action
note_reduction,reduction,abstract
note_redundancy,redundancy,abstract
note_redundant,redundant,abstract
note_reed,reed,nature
note_reedy,reedy,life
note_reef,reef,nature
note_reek,reek,life
note_reel,reel,life
note_refectory,refectory,life
note_refer,refer,action
note_referee,referee,society
note_referees,referees,society
note_reference,reference,abstract
note_referendum,referendum,society
note_refine,refine,action
note_refined,refined,abstract
note_refinement,refinement,abstract
note_refinery,refinery,tech
note_reflect,reflect,mind
note_reflectance,reflectance,science
note_reflection,reflection,mind
note_reflexion,reflexion,mind
note_reform,reform,society
note_reformer,reformer,society
note_reformism,reformism,society
note_refraction,refraction,science
note_refractory,refractory,abstract
note_refrain,refrain,action
note_refresh,refresh,action
note_refreshing,refreshing,mind
note_refreshment,refreshment,life
note_refreshments,refreshments,life
note_refrigerant,refrigerant,science
note_refrigerate,refrigerate,tech
note_refrigeration,refrigeration,tech
note_refrigerator,refrigerator,tech
note_refuge,refuge,life
note_refugee,refugee,society
note_refulgent,refulgent,abstract
note_refund,refund,business
note_refurbish,refurbish,action
note_refusal,refusal,abstract
note_refuse,refuse,life
note_refute,refute,mind
note_regal,regal,arts
note_regale,regale,action
note_regard,regard,abstract
note_regarding,regarding,none
note_regardless,regardless,none
note_regards,regards,none
note_regenerate,regenerate,science
note_regeneration,regeneration,science
note_regenerative,regenerative,science
note_regent,regent,society
note_regime,regime,society
note_regimen,regimen,mind
note_regiment,regiment,society
note_regimentation,regimentation,society
note_region,region,abstract
note_regional,regional,abstract
note_register,register,action
note_registrar,registrar,society
note_registration,registration,abstract
note_regress,regress,abstract
note_regressive,regressive,abstract
note_regret,regret,mind
note_regular,regular,abstract
note_regularity,regularity,abstract
note_regularly,regularly,none
note_regulate,regulate,action
note_regulation,regulation,society
note_regulations,regulations,society
note_regulatory,regulatory,society
note_rehabilitate,rehabilitate,society
note_rehabilitation,rehabilitation,society
note_rehearsal,rehearsal,arts
note_rehearse,rehearse,action
note_reheating,reheating,action
note_reign,reign,society
note_reigning,reigning,society
note_reimburse,reimburse,business
note_rein,rein,life
note_reincarnate,reincarnate,abstract
note_reinforce,reinforce,action
note_reinforced,reinforced,abstract
note_reinstate,reinstate,action
note_reinterpretation,reinterpretation,abstract
note_reiterate,reiterate,action
note_reject,reject,action
note_rejection,rejection,mind
note_rejoice,rejoice,mind
note_rejoin,rejoin,action
note_rejoinder,rejoinder,abstract
note_rejuvenate,rejuvenate,action
note_rekindle,rekindle,action
note_relapse,relapse,mind
note_relate,relate,action
note_related,related,abstract
note_relation,relation,abstract
note_relations,relations,abstract
note_relationship,relationship,abstract
note_relative,relative,abstract
note_relatively,relatively,none
note_relativity,relativity,science
note_relax,relax,mind
note_relaxation,relaxation,mind
note_relaxed,relaxed,mind
note_relay,relay,action
note_release,release,action
note_relegate,relegate,action
note_relent,relent,mind
note_relenting,relenting,mind
note_relentless,relentless,mind
note_relevance,relevance,abstract
note_relevant,relevant,abstract
note_reliability,reliability,abstract
note_reliable,reliable,abstract
note_reliance,reliance,abstract
note_reliant,reliant,abstract
note_relic,relic,arts
note_relief,relief,mind
note_relieve,relieve,action
note_relieved,relieved,mind
note_religion,religion,arts
note_religious,religious,arts
note_relinquish,relinquish,action
note_relish,relish,mind
note_reluctant,reluctant,mind
note_rely,rely,action
note_remain,remain,action
note_remainder,remainder,abstract
note_remaining,remaining,abstract
note_remains,remains,abstract
note_remark,remark,action
note_remarkable,remarkable,abstract
note_remarkably,remarkably,none
note_remedy,remedy,mind
note_remember,remember,mind
note_remind,remind,action
note_reminder,reminder,abstract
note_reminisce,reminisce,mind
note_remiss,remiss,mind
note_remission,remission,mind
note_remit,remit,action
note_remittance,remittance,business
note_remittent,remittent,mind
note_remnant,remnant,life
note_remonstrance,remonstrance,action
note_remonstrate,remonstrate,action
note_remorse,remorse,mind
note_remote,remote,abstract
note_removal,removal,action
note_remove,remove,action
note_remunerate,remunerate,business
note_remunerative,remunerative,business
note_renaissance,renaissance,arts
note_renascent,renascent,abstract
note_rend,rend,action
note_render,render,action
note_rendering,rendering,abstract
note_rendezvous,rendezvous,life
note_rendition,rendition,abstract
note_renegade,renegade,society
note_renege,renege,action
note_renew,renew,action
note_renewable,renewable,abstract
note_renewal,renewal,abstract
note_renounce,renounce,action
note_renovate,renovate,action
note_renovation,renovation,abstract
note_renown,renown,mind
note_renowned,renowned,abstract
note_rent,rent,business
note_rentable,rentable,business
note_rental,rental,business
note_renunciate,renunciate,action
note_renunciation,renunciation,abstract
note_reorient,reorient,action
note_repair,repair,action
note_repairs,repairs,life
note_reparable,reparable,abstract
note_reparation,reparation,abstract
note_repartee,repartee,arts
note_repatriate,repatriate,society
note_repay,repay,business
note_repeal,repeal,society
note_repeat,repeat,action
note_repeatedly,repeatedly,none
note_repel,repel,action
note_repellent,repellent,abstract
note_repent,repent,mind
note_repercussion,repercussion,abstract
note_repertoire,repertoire,arts
note_repertory,repertory,arts
note_repetition,repetition,abstract
note_repetitive,repetitive,abstract
note_repine,repine,mind
note_replace,replace,action
note_replacement,replacement,abstract
note_replenish,replenish,action
note_replete,replete,mind
note_replica,replica,arts
note_replicate,replicate,action
note_reply,reply,action
note_report,report,abstract
note_reportage,reportage,arts
note_reporter,reporter,arts
note_reportorial,reportorial,abstract
note_reports,reports,abstract
note_repose,repose,mind
note_repository,repository,abstract
note_reprehend,reprehend,mind
note_reprehensible,reprehensible,mind
note_represent,represent,abstract
note_representation,representation,abstract
note_representative,representative,abstract
note_repress,repress,mind
note_repressed,repressed,mind
note_repression,repression,mind
note_repressive,repressive,society
note_reprieve,reprieve,action
note_reprimand,reprimand,action
note_reprisal,reprisal,society
note_reprise,reprise,arts
note_reproach,reproach,mind
note_reprobate,reprobate,mind
note_reproduce,reproduce,science
note_reproduction,reproduction,science
note_reproductive,reproductive,science
note_reproof,reproof,action
note_reprove,reprove,action
note_reptile,reptile,nature
note_reptilian,reptilian,nature
note_republic,republic,society
note_republican,republican,society
note_repudiate,repudiate,action
note_repugnance,repugnance,mind
note_repugnant,repugnant,mind
note_repulse,repulse,action
note_repulsion,repulsion,mind
note_repulsive,repulsive,mind
note_reputation,reputation,mind
note_repute,repute,mind
note_reputed,reputed,abstract
note_request,request,abstract
note_require,require,action
note_requirement,requirement,abstract
note_requisite,requisite,abstract
note_requital,requital,abstract
note_requite,requite,action
note_reschedule,reschedule,action
note_rescind,rescind,action
note_rescission,rescission,abstract
note_rescript,rescript,abstract
note_rescue,rescue,action
note_research,research,science
note_researcher,researcher,science
note_resemblance,resemblance,abstract
note_resemble,resemble,abstract
note_resent,resent,mind
note_resentful,resentful,mind
note_resentment,resentment,mind
note_reservation,reservation,abstract
note_reserve,reserve,abstract
note_reservior,reservior,nature
note_reservoir,reservoir,nature
note_reshape,reshape,action
note_reshuffle,reshuffle,action
note_reside,reside,action
note_residence,residence,life
note_resident,resident,life
note_residential,residential,abstract
note_residents,residents,life
note_residual,residual,abstract
note_residue,residue,abstract
note_resign,resign,action
note_resignation,resignation,mind
note_resigned,resigned,mind
note_resilience,resilience,mind
note_resilient,resilient,mind
note_resin,resin,nature
note_resist,resist,action
note_resistance,resistance,abstract
note_resistant,resistant,abstract
note_resolute,resolute,mind
note_resolution,resolution,abstract
note_resolve,resolve,mind
note_resonance,resonance,science
note_resonant,resonant,abstract
note_resort,resort,life
note_resound,resound,action
note_resource,resource,abstract
note_resourceful,resourceful,mind
note_resources,resources,abstract
note_respect,respect,mind
note_respectable,respectable,abstract
note_respectful,respectful,mind
note_respective,respective,abstract
note_respectively,respectively,none
note_respiration,respiration,science
note_respiratory,respiratory,science
note_respite,respite,life
note_resplendent,resplendent,mind
note_respond,respond,action
note_respondent,respondent,abstract
note_respondents,respondents,abstract
note_response,response,abstract
note_responsibility,responsibility,abstract
note_responsible,responsible,abstract
note_responsive,responsive,mind
note_responsiveness,responsiveness,mind
note_rest,rest,life
note_restaurant,restaurant,life
note_restaurants,restaurants,life
note_restitution,restitution,abstract
note_restive,restive,mind
note_restiveness,restiveness,mind
note_restless,restless,mind
note_restoration,restoration,abstract
note_restorative,restorative,mind
note_restore,restore,action
note_restored,restored,abstract
note_restrain,restrain,action
note_restraint,restraint,abstract
note_restrict,restrict,action
note_restriction,restriction,abstract
note_restrictive,restrictive,abstract
note_result,result,abstract
note_resultant,resultant,abstract
note_results,results,abstract
note_resume,resume,abstract
note_resurge,resurge,action
note_resurgence,resurgence,abstract
note_resurrect,resurrect,action
note_resuscitate,resuscitate,mind
note_retail,retail,business
note_retailer,retailer,business
note_retails,retails,business
note_retain,retain,action
note_retainer,retainer,business
note_retaliate,retaliate,society
note_retaliation,retaliation,society
note_retard,retard,mind
note_retell,retell,action
note_retention,retention,abstract
note_retentive,retentive,mind
note_reticence,reticence,mind
note_reticent,reticent,mind
note_reticulation,reticulation,science
note_retinue,retinue,society
note_retire,retire,action
note_retirement,retirement,abstract
note_retiring,retiring,mind
note_retool,retool,tech
note_retort,retort,action
note_retouch,retouch,action
note_retrace,retrace,action
note_retract,retract,action
note_retreat,retreat,action
note_retrench,retrench,business
note_retrenchment,retrenchment,business
note_retribution,retribution,abstract
note_retrieve,retrieve,tech
note_retriever,retriever,nature
note_retroactive,retroactive,abstract
note_retrograde,retrograde,action
note_retrospect,retrospect,mind
note_retrospection,retrospection,mind
note_retrospective,retrospective,abstract
note_return,return,action
note_reunion,reunion,life
note_reuse,reuse,action
note_reveal,reveal,action
note_revealing,revealing,abstract
note_revelation,revelation,mind
note_revelry,revelry,life
note_revenge,revenge,mind
note_revenue,revenue,business
note_reverberate,reverberate,action
note_revere,revere,mind
note_revered,revered,mind
note_reverence,reverence,mind
note_reverent,reverent,mind
note_reverently,reverently,mind
note_reverie,reverie,mind
note_reverse,reverse,action
note_reversible,reversible,abstract
note_reversion,reversion,abstract
note_revert,revert,action
note_review,review,arts
note_reviewer,reviewer,arts
note_revile,revile,action
note_revise,revise,action
note_revision,revision,abstract
note_revitalization,revitalization,abstract
note_revitalize,revitalize,action
note_revival,revival,abstract
note_revive,revive,action
note_revoke,revoke,action
note_revolt,revolt,society
note_revolution,revolution,society
note_revolutionary,revolutionary,society
note_revolutionize,revolutionize,action
note_revolve,revolve,action
note_revue,revue,arts
note_revulsion,revulsion,mind
note_reward,reward,abstract
note_rewarding,rewarding,mind
note_rewind,rewind,tech
note_rewrite,rewrite,action
note_rhapsody,rhapsody,arts
note_rhetoric,rhetoric,arts
note_rhinestone,rhinestone,life
note_rhinoceros,rhinoceros,nature
note_rhubarb,rhubarb,nature
note_rhyme,rhyme,arts
note_rhythm,rhythm,arts
note_rhythmic,rhythmic,arts
note_rhythmical,rhythmical,arts
note_rib,rib,life
note_ribald,ribald,mind
note_ribbon,ribbon,life
note_rice,rice,life
note_rich,rich,mind
note_rickety,rickety,life
note_rid,rid,action
note_riddle,riddle,arts
note_ride,ride,action
note_rider,rider,life
note_riders,riders,life
note_ridge,ridge,nature
note_ridicule,ridicule,action
note_ridiculous,ridiculous,mind
note_rife,rife,abstract
note_riffle,riffle,action
note_riffraff,riffraff,society
note_rifle,rifle,life
note_rift,rift,abstract
note_rig,rig,tech
note_right,right,abstract
note_righteous,righteous,mind
note_rigid,rigid,mind
note_rigidity,rigidity,abstract
note_rigmarole,rigmarole,abstract
note_rigor,rigor,mind
note_rigorous,rigorous,abstract
note_rigour,rigour,abstract
note_rile,rile,mind
note_rim,rim,life
note_rind,rind,life
note_ring,ring,life
note_ringlet,ringlet,life
note_rinse,rinse,action
note_riot,riot,society
note_riotous,riotous,society
note_rip,rip,action
note_ripe,ripe,life
note_ripen,ripen,action
note_ripple,ripple,action
note_rise,rise,action
note_rising,rising,abstract
note_risk,risk,abstract
note_risks,risks,abstract
note_risky,risky,abstract
note_rite,rite,arts
note_ritual,ritual,arts
note_rival,rival,abstract
note_rivalry,rivalry,abstract
note_rive,rive,action
note_riven,riven,abstract
note_river,river,nature
note_rivers,rivers,nature
note_rivet,rivet,tech
note_riveting,riveting,mind
note_rivulet,rivulet,nature
note_road,road,life
note_roam,roam,action
note_roar,roar,action
note_roast,roast,action
note_rob,rob,action
note_robber,robber,society
note_robbery,robbery,society
note_robe,robe,life
note_robot,robot,tech
note_robots,robots,tech
note_robust,robust,mind
note_rock,rock,nature
note_rocket,rocket,tech
note_rocks,rocks,nature
note_rocky,rocky,nature
note_rod,rod,life
note_rodent,rodent,nature
note_roe,roe,nature
note_roil,roil,action
note_roister,roister,action
note_role,role,abstract
note_roll,roll,action
note_roller,roller,life
note_rollicking,rollicking,mind
note_roman,roman,arts
note_romance,romance,arts
note_romantic,romantic,mind
note_roof,roof,life
note_rookie,rookie,life
note_room,room,life
note_roommate,roommate,life
note_roost,roost,life
note_rooster,rooster,nature
note_root,root,nature
note_rope,rope,life
note_rose,rose,nature
note_roster,roster,abstract
note_rostrum,rostrum,life
note_rosy,rosy,mind
note_rot,rot,action
note_rotary,rotary,tech
note_rotate,rotate,action
note_rotation,rotation,abstract
note_rote,rote,mind
note_rotten,rotten,life
note_rotund,rotund,life
note_rough,rough,life
note_roughen,roughen,action
note_roughly,roughly,none
note_round,round,abstract
note_roundabout,roundabout,life
note_rounded,rounded,abstract
note_rouse,rouse,action
note_rout,rout,action
note_route,route,life
note_routine,routine,abstract
note_routinely,routinely,none
note_rove,rove,action
note_row,row,action
note_rowdy,rowdy,mind
note_rows,rows,abstract
note_royal,royal,society
note_royalty,royalty,society
note_rub,rub,action
note_rubber,rubber,life
note_rubbery,rubbery,life
note_rubbish,rubbish,life
note_rubble,rubble,life
note_rubicund,rubicund,life
note_ruby,ruby,life
note_ruck,ruck,life
note_rucksack,rucksack,life
note_rudder,rudder,tech
note_ruddy,ruddy,life
note_rude,rude,mind
note_rudimentary,rudimentary,abstract
note_rue,rue,mind
note_ruffian,ruffian,society
note_ruffle,ruffle,action
note_rug,rug,life
note_rugby,rugby,life
note_rugged,rugged,life
note_ruin,ruin,life
note_ruinous,ruinous,abstract
note_ruins,ruins,life
note_rule,rule,abstract
note_ruler,ruler,life
note_rules,rules,abstract
note_rumble,rumble,action
note_ruminant,ruminant,nature
note_ruminate,ruminate,mind
note_rumor,rumor,abstract
note_rumour,rumour,abstract
note_rumple,rumple,action
note_run,run,action
note_rung,rung,life
note_runic,runic,arts
note_runner,runner,life
note_running,running,action
note_runoff,runoff,nature
note_rupture,rupture,action
note_rural,rural,abstract
note_ruse,ruse,action
note_rush,rush,action
note_russia,russia,society
note_russian,russian,abstract
note_rust,rust,nature
note_rustic,rustic,arts
note_rustle,rustle,action
note_rustler,rustler,life
note_rustproof,rustproof,tech
note_rusty,rusty,life
note_rut,rut,life
note_ruthless,ruthless,mind
note_ruthlessness,ruthlessness,mind
note_saber,saber,life
note_sabotage,sabotage,society
note_saboteur,saboteur,society
note_sac,sac,nature
note_saccharin,saccharin,life
note_saccharine,saccharine,mind
note_sack,sack,life
note_sacrament,sacrament,arts
note_sacred,sacred,arts
note_sacrifice,sacrifice,arts
note_sacrilege,sacrilege,arts
note_sacrilegious,sacrilegious,arts
note_sad,sad,mind
note_sadden,sadden,action
note_saddle,saddle,life
note_sadistic,sadistic,mind
note_sadly,sadly,mind
note_sadness,sadness,mind
note_safari,safari,life
note_safe,safe,life
note_safeguard,safeguard,action
note_safely,safely,none
note_safety,safety,abstract
note_saga,saga,arts
note_sagacious,sagacious,mind
note_sage,sage,mind
note_sail,sail,action
note_sailing,sailing,life
note_sailor,sailor,life
note_saint,saint,arts
note_saintly,saintly,mind
note_sake,sake,life
note_salad,salad,life
note_salary,salary,business
note_sale,sale,business
note_sales,sales,business
note_salesgirl,salesgirl,business
note_salesman,salesman,business
note_saleswoman,saleswoman,business
note_salient,salient,abstract
note_saliferous,saliferous,science
note_saline,saline,science
note_salinity,salinity,science
note_saliva,saliva,mind
note_sallow,sallow,life
note_salmon,salmon,nature
note_salt,salt,life
note_saltiness,saltiness,life
note_salty,salty,life
note_salubrious,salubrious,mind
note_salutary,salutary,mind
note_salutation,salutation,abstract
note_salute,salute,action
note_salvage,salvage,action
note_salvation,salvation,arts
note_salve,salve,life
note_same,same,abstract
note_sample,sample,abstract
note_sampler,sampler,arts
note_sanatorium,sanatorium,life
note_sanctify,sanctify,action
note_sanctimonious,sanctimonious,mind
note_sanction,sanction,society
note_sanctuary,sanctuary,arts
note_sand,sand,nature
note_sandal,sandal,life
note_sandwich,sandwich,life
note_sandy,sandy,nature
note_sane,sane,mind
note_sangfroid,sangfroid,mind
note_sanguine,sanguine,mind
note_sanitary,sanitary,life
note_sanitation,sanitation,life
note_sanity,sanity,mind
note_sap,sap,nature
note_sapience,sapience,mind
note_sapient,sapient,mind
note_sapling,sapling,nature
note_sapphire,sapphire,nature
note_sarcasm,sarcasm,mind
note_sarcastic,sarcastic,mind
note_sardine,sardine,nature
note_sardonic,sardonic,mind
note_sartorial,sartorial,life
note_sash,sash,life
note_satanic,satanic,mind
note_sate,sate,mind
note_sated,sated,mind
note_satellite,satellite,tech
note_satiate,satiate,mind
note_satiated,satiated,mind
note_satiny,satiny,abstract
note_satire,satire,arts
note_satiric,satiric,arts
note_satirical,satirical,arts
note_satirist,satirist,arts
note_satirize,satirize,action
note_satisfaction,satisfaction,mind
note_satisfactorily,satisfactorily,abstract
note_satisfactory,satisfactory,abstract
note_satisfy,satisfy,action
note_saturate,saturate,action
note_saturated,saturated,abstract
note_saturation,saturation,abstract
note_saturday,saturday,abstract
note_saturn,saturn,nature
note_saturnine,saturnine,mind
note_sauce,sauce,life
note_saucer,saucer,life
note_saunter,saunter,action
note_sausage,sausage,life
note_savage,savage,mind
note_savant,savant,mind
note_save,save,action
note_saving,saving,business
note_savings,savings,business
note_savor,savor,mind
note_savvy,savvy,mind
note_saw,saw,life
note_sawdust,sawdust,life
note_say,say,action
note_saying,saying,arts
note_scab,scab,mind
note_scabbard,scabbard,life
note_scabrous,scabrous,abstract
note_scad,scad,none
note_scads,scads,none
note_scaffold,scaffold,life
note_scaffolding,scaffolding,life
note_scald,scald,action
note_scalding,scalding,abstract
note_scale,scale,abstract
note_scaled,scaled,abstract
note_scalpel,scalpel,mind
note_scamper,scamper,action
note_scan,scan,tech
note_scandal,scandal,society
note_scant,scant,abstract
note_scanty,scanty,abstract
note_scapegoat,scapegoat,society
note_scar,scar,mind
note_scarce,scarce,abstract
note_scarcely,scarcely,abstract
note_scarcity,scarcity,abstract
note_scare,scare,mind
note_scarf,scarf,life
note_scarlet,scarlet,abstract
note_scarp,scarp,nature
note_scathe,scathe,mind
note_scathing,scathing,mind
note_scatter,scatter,action
note_scavenger,scavenger,nature
note_scenario,scenario,abstract
note_scene,scene,arts
note_scenery,scenery,nature
note_scenic,scenic,abstract
note_scent,scent,nature
note_sceptical,sceptical,mind
note_schedule,schedule,business
note_schematic,schematic,tech
note_schematize,schematize,action
note_scheme,scheme,abstract
note_schism,schism,society
note_scholar,scholar,abstract
note_scholarly,scholarly,abstract
note_scholarship,scholarship,abstract
note_school,school,life
note_schoolbag,schoolbag,life
note_schoolmate,schoolmate,life
note_science,science,abstract
note_scientific,scientific,abstract
note_scientist,scientist,abstract
note_scientists,scientists,abstract
note_scintillate,scintillate,action
note_scion,scion,abstract
note_scission,scission,action
note_scissor,scissor,action
note_scissors,scissors,life
note_scoff,scoff,action
note_scold,scold,action
note_scoop,scoop,action
note_scooter,scooter,life
note_scope,scope,abstract
note_scorch,scorch,action
note_scorching,scorching,abstract
note_score,score,action
note_scores,scores,abstract
note_scorn,scorn,mind
note_scornful,scornful,mind
note_scorpion,scorpion,nature
note_scotch,scotch,life
note_scotland,scotland,nature
note_scotsman,scotsman,society
note_scottish,scottish,society
note_scour,scour,action
note_scourge,scourge,society
note_scout,scout,life
note_scowl,scowl,action
note_scramble,scramble,action
note_scrap,scrap,action
note_scrape,scrape,action
note_scraping,scraping,action
note_scrappy,scrappy,mind
note_scratch,scratch,action
note_scrawl,scrawl,action
note_scream,scream,action
note_screed,screed,arts
note_screen,screen,tech
note_screw,screw,action
note_screwdriver,screwdriver,life
note_scribble,scribble,action
note_script,script,arts
note_scripture,scripture,arts
note_scroll,scroll,arts
note_scrub,scrub,action
note_scrumptious,scrumptious,mind
note_scruple,scruple,mind
note_scrupulous,scrupulous,mind
note_scrupulously,scrupulously,abstract
note_scrutable,scrutable,abstract
note_scrutinize,scrutinize,action
note_scrutiny,scrutiny,abstract
note_scuba,scuba,life
note_scud,scud,action
note_scuff,scuff,action
note_scuffle,scuffle,action
note_sculpt,sculpt,action
note_sculptor,sculptor,arts
note_sculptural,sculptural,arts
note_sculpture,sculpture,arts
note_scum,scum,nature
note_scurrilous,scurrilous,mind
note_scurry,scurry,action
note_scurvy,scurvy,mind
note_scutter,scutter,action
note_scuttle,scuttle,action
note_scythe,scythe,life
note_sea,sea,nature
note_seabed,seabed,nature
note_seafaring,seafaring,life
note_seafood,seafood,life
note_seagull,seagull,nature
note_seal,seal,nature
note_seam,seam,life
note_seaman,seaman,life
note_seamen,seamen,life
note_seamount,seamount,nature
note_seamy,seamy,abstract
note_seaport,seaport,life
note_sear,sear,action
note_search,search,action
note_seashell,seashell,nature
note_seashore,seashore,nature
note_seaside,seaside,nature
note_season,season,nature
note_seasonal,seasonal,abstract
note_seasoned,seasoned,abstract
note_seasoning,seasoning,life
note_seat,seat,life
note_seats,seats,life
note_seaweed,seaweed,nature
note_secede,secede,society
note_seclude,seclude,action
note_seclusion,seclusion,mind
note_second,second,abstract
note_second-hand,second-hand,abstract
note_secondary,secondary,abstract
note_secondhand,secondhand,abstract
note_secondly,secondly,abstract
note_secret,secret,abstract
note_secretary,secretary,business
note_secrete,secrete,action
note_secretin,secretin,science
note_secretion,secretion,science
note_secretive,secretive,mind
note_sect,sect,society
note_section,section,abstract
note_sectional,sectional,abstract
note_sector,sector,business
note_secular,secular,abstract
note_secure,secure,action
note_securely,securely,abstract
note_securities,securities,business
note_security,security,abstract
note_sedate,sedate,mind
note_sedative,sedative,mind
note_sedentary,sedentary,life
note_sediment,sediment,nature
note_sedimentary,sedimentary,science
note_sedition,sedition,society
note_seditious,seditious,society
note_seduce,seduce,action
note_sedulity,sedulity,mind
note_sedulous,sedulous,mind
note_see,see,action
note_seed,seed,nature
note_seedling,seedling,nature
note_seek,seek,action
note_seem,seem,action
note_seemingly,seemingly,abstract
note_seemly,seemly,mind
note_seep,seep,action
note_seethe,seethe,action
note_segment,segment,action
note_segregate,segregate,action
note_seine,seine,life
note_seismic,seismic,science
note_seismograph,seismograph,science
note_seismology,seismology,science
note_seize,seize,action
note_seldom,seldom,abstract
note_select,select,action
note_selection,selection,abstract
note_self,self,mind
note_self-abasement,self-abasement,mind
note_self-absorbed,self-absorbed,mind
note_self-assertion,self-assertion,mind
note_self-defense,self-defense,society
note_self-discipline,self-discipline,mind
note_self-sufficient,self-sufficient,abstract
note_selfish,selfish,mind
note_selfishness,selfishness,mind
note_sell,sell,action
note_seller,seller,business
note_semblance,semblance,abstract
note_semester,semester,abstract
note_semiarid,semiarid,nature
note_semicircle,semicircle,science
note_semiconductor,semiconductor,tech
note_semiliterate,semiliterate,abstract
note_semimolten,semimolten,science
note_seminal,seminal,abstract
note_seminar,seminar,abstract
note_seminary,seminary,arts
note_seminate,seminate,action
note_senate,senate,society
note_senator,senator,society
note_send,send,action
note_senile,senile,mind
note_senior,senior,abstract
note_sensation,sensation,mind
note_sensational,sensational,abstract
note_sense,sense,mind
note_senseless,senseless,mind
note_sensibility,sensibility,mind
note_sensible,sensible,mind
note_sensitive,sensitive,mind
note_sensitivity,sensitivity,mind
note_sensitization,sensitization,mind
note_sensitize,sensitize,action
note_sensor,sensor,tech
note_sensory,sensory,mind
note_sensual,sensual,mind
note_sensuous,sensuous,mind
note_sentence,sentence,action
note_sentences,sentences,abstract
note_sententious,sententious,abstract
note_sentient,sentient,mind
note_sentiment,sentiment,mind
note_sentimental,sentimental,mind
note_sentimentalism,sentimentalism,mind
note_sentimentalize,sentimentalize,action
note_sentinel,sentinel,life
note_sentry,sentry,life
note_separate,separate,action
note_separately,separately,abstract
note_separation,separation,abstract
note_september,september,abstract
note_septic,septic,science
note_sepulchral,sepulchral,abstract
note_sequacious,sequacious,abstract
note_sequela,sequela,mind
note_sequence,sequence,abstract
note_sequential,sequential,abstract
note_sequester,sequester,abstract
note_sequestrate,sequestrate,business
note_seraphic,seraphic,arts
note_sere,sere,nature
note_serenade,serenade,arts
note_serendipity,serendipity,mind
note_serene,serene,mind
note_serenity,serenity,mind
note_serfdom,serfdom,society
note_serial,serial,abstract
note_series,series,abstract
note_serious,serious,mind
note_seriously,seriously,mind
note_sermon,sermon,arts
note_sermonize,sermonize,action
note_serpent,serpent,nature
note_serpentine,serpentine,nature
note_serrate,serrate,abstract
note_serrated,serrated,abstract
note_serried,serried,abstract
note_servant,servant,life
note_serve,serve,action
note_service,service,abstract
note_serviceable,serviceable,abstract
note_servile,servile,mind
note_servitude,servitude,society
note_session,session,abstract
note_set,set,abstract
note_setback,setback,abstract
note_setting,setting,abstract
note_settle,settle,action
note_settled,settled,abstract
note_settlement,settlement,society
note_settler,settler,society
note_seven,seven,abstract
note_seventeen,seventeen,abstract
note_seventh,seventh,abstract
note_seventy,seventy,abstract
note_sever,sever,action
note_several,several,abstract
note_severe,severe,abstract
note_severely,severely,abstract
note_sew,sew,life
note_sewage,sewage,life
note_sewer,sewer,life
note_sewerage,sewerage,life
note_sex,sex,life
note_sextant,sextant,nature
note_sexual,sexual,mind
note_shabby,shabby,abstract
note_shack,shack,life
note_shackle,shackle,action
note_shade,shade,nature
note_shadow,shadow,nature
note_shadowy,shadowy,abstract
note_shady,shady,abstract
note_shaft,shaft,action
note_shake,shake,action
note_shaky,shaky,abstract
note_shale,shale,nature
note_shall,shall,abstract
note_shallow,shallow,abstract
note_sham,sham,abstract
note_shamble,shamble,action
note_shambles,shambles,abstract
note_shame,shame,mind
note_shameful,shameful,mind
note_shameless,shameless,mind
note_shampoo,shampoo,life
note_shanghai,shanghai,society
note_shanty,shanty,life
note_shape,shape,abstract
note_shard,shard,action
note_share,share,business
note_shark,shark,nature
note_sharp,sharp,abstract
note_sharpen,sharpen,action
note_sharpener,sharpener,life
note_sharply,sharply,abstract
note_shatter,shatter,action
note_shattered,shattered,mind
note_shave,shave,life
note_shaver,shaver,life
note_shavings,shavings,action
note_shawl,shawl,life
note_she,she,abstract
note_sheaf,sheaf,abstract
note_shear,shear,action
note_sheath,sheath,life
note_sheathe,sheathe,action
note_shed,shed,life
note_sheen,sheen,abstract
note_sheep,sheep,nature
note_sheer,sheer,abstract
note_sheet,sheet,life
note_shelf,shelf,life
note_shell,shell,nature
note_shellfish,shellfish,nature
note_shelter,shelter,life
note_sheltered,sheltered,abstract
note_shelve,shelve,action
note_shepherd,shepherd,life
note_sheriff,sheriff,society
note_shibboleth,shibboleth,arts
note_shield,shield,action
note_shift,shift,action
note_shiftiness,shiftiness,mind
note_shifting,shifting,abstract
note_shiftless,shiftless,mind
note_shilling,shilling,business
note_shimmer,shimmer,action
note_shine,shine,action
note_shingle,shingle,life
note_shining,shining,abstract
note_shiny,shiny,abstract
note_ship,ship,life
note_shipbuilding,shipbuilding,business
note_shipload,shipload,action
note_shipment,shipment,business
note_shipshape,shipshape,abstract
note_shipwreck,shipwreck,action
note_shipwright,shipwright,society
note_shirk,shirk,action
note_shirt,shirt,life
note_shiver,shiver,mind
note_shoal,shoal,nature
note_shock,shock,mind
note_shocked,shocked,mind
note_shocking,shocking,mind
note_shoddy,shoddy,abstract
note_shoe,shoe,life
note_shoes,shoes,life
note_shoot,shoot,action
note_shooting,shooting,action
note_shop,shop,business
note_shopkeeper,shopkeeper,business
note_shoplift,shoplift,society
note_shopping,shopping,life
note_shopworn,shopworn,abstract
note_shore,shore,nature
note_short,short,abstract
note_short-range,short-range,abstract
note_shortage,shortage,abstract
note_shortcoming,shortcoming,abstract
note_shortcut,shortcut,abstract
note_shorten,shorten,action
note_shortfall,shortfall,abstract
note_shorthand,shorthand,abstract
note_shortly,shortly,abstract
note_shorts,shorts,life
note_shot,shot,action
note_should,should,abstract
note_shoulder,shoulder,action
note_shout,shout,action
note_shove,shove,action
note_shovel,shovel,life
note_show,show,action
note_shower,shower,life
note_showy,showy,abstract
note_shred,shred,action
note_shrewd,shrewd,mind
note_shriek,shriek,action
note_shrill,shrill,action
note_shrimp,shrimp,nature
note_shrine,shrine,arts
note_shrink,shrink,action
note_shrinkage,shrinkage,abstract
note_shrivel,shrivel,action
note_shroud,shroud,action
note_shrub,shrub,nature
note_shrug,shrug,action
note_shuck,shuck,action
note_shudder,shudder,mind
note_shuffle,shuffle,action
note_shun,shun,action
note_shunt,shunt,action
note_shut,shut,action
note_shutter,shutter,life
note_shuttle,shuttle,action
note_shy,shy,mind
note_shyness,shyness,mind
note_sibilant,sibilant,arts
note_sibling,sibling,life
note_sibyl,sibyl,arts
note_sick,sick,mind
note_sicken,sicken,mind
note_sickness,sickness,mind
note_side,side,abstract
note_sidereal,sidereal,science
note_sideshow,sideshow,abstract
note_sidesplitting,sidesplitting,mind
note_sidestep,sidestep,action
note_sideway,sideway,action
note_sideways,sideways,action
note_sidle,sidle,action
note_siege,siege,society
note_sieve,sieve,life
note_sift,sift,action
note_sigh,sigh,mind
note_sight,sight,mind
note_sightseeing,sightseeing,life
note_sign,sign,abstract
note_signal,signal,tech
note_signatory,signatory,business
note_signature,signature,business
note_significance,significance,abstract
note_significant,significant,abstract
note_signify,signify,abstract
note_silence,silence,abstract
note_silent,silent,abstract
note_silica,silica,science
note_silicate,silicate,science
note_silicon,silicon,tech
note_silk,silk,life
note_sill,sill,life
note_silly,silly,mind
note_silt,silt,nature
note_silver,silver,life
note_silversmith,silversmith,life
note_simian,simian,nature
note_similar,similar,abstract
note_similarity,similarity,abstract
note_similarly,similarly,abstract
note_simile,simile,arts
note_simper,simper,mind
note_simple,simple,abstract
note_simpleton,simpleton,mind
note_simplicity,simplicity,abstract
note_simplify,simplify,abstract
note_simply,simply,abstract
note_simulate,simulate,tech
note_simultaneous,simultaneous,abstract
note_simultaneously,simultaneously,abstract
note_sin,sin,arts
note_since,since,abstract
note_sincere,sincere,mind
note_sincerely,sincerely,mind
note_sincerity,sincerity,mind
note_sinecure,sinecure,business
note_sinew,sinew,mind
note_sing,sing,arts
note_singe,singe,action
note_singer,singer,arts
note_single,single,abstract
note_singular,singular,abstract
note_singularity,singularity,abstract
note_sinister,sinister,mind
note_sink,sink,action
note_sinuous,sinuous,abstract
note_sip,sip,action
note_sir,sir,abstract
note_siren,siren,action
note_sister,sister,life
note_sit,sit,action
note_site,site,abstract
note_sites,sites,abstract
note_sitting-room,sitting-room,life
note_situated,situated,abstract
note_situation,situation,abstract
note_six,six,abstract
note_sixteen,sixteen,abstract
note_sixteenth,sixteenth,abstract
note_sixth,sixth,abstract
note_sixty,sixty,abstract
note_size,size,abstract
note_sizes,sizes,abstract
note_sizzler,sizzler,action
note_skate,skate,life
note_skateboard,skateboard,life
note_skating,skating,life
note_skein,skein,life
note_skeleton,skeleton,mind
note_skeptic,skeptic,mind
note_skeptical,skeptical,mind
note_skepticism,skepticism,mind
note_sketch,sketch,arts
note_sketchy,sketchy,abstract
note_skew,skew,abstract
note_skewer,skewer,life
note_ski,ski,life
note_skiff,skiff,life
note_skiing,skiing,life
note_skill,skill,abstract
note_skilled,skilled,abstract
note_skillet,skillet,life
note_skillful,skillful,abstract
note_skillfully,skillfully,abstract
note_skills,skills,abstract
note_skim,skim,action
note_skimp,skimp,action
note_skimpy,skimpy,abstract
note_skin,skin,life
note_skinflint,skinflint,mind
note_skip,skip,action
note_skipping,skipping,action
note_skirmish,skirmish,society
note_skirt,skirt,life
note_skit,skit,arts
note_skittish,skittish,mind
note_skulk,skulk,action
note_skull,skull,mind
note_skullduggery,skullduggery,abstract
note_skunk,skunk,nature
note_sky,sky,nature
note_skyrocket,skyrocket,action
note_skyscraper,skyscraper,life
note_slab,slab,action
note_slack,slack,abstract
note_slacken,slacken,action
note_slag,slag,action
note_slake,slake,action
note_slam,slam,action
note_slander,slander,abstract
note_slanderous,slanderous,abstract
note_slang,slang,arts
note_slant,slant,action
note_slap,slap,action
note_slapdash,slapdash,abstract
note_slash,slash,action
note_slate,slate,action
note_slaughter,slaughter,action
note_slave,slave,society
note_slaver,slaver,society
note_slavery,slavery,society
note_slavish,slavish,mind
note_slay,slay,action
note_sleazy,sleazy,abstract
note_sledge,sledge,life
note_sledgehammer,sledgehammer,life
note_sleep,sleep,life
note_sleeping,sleeping,life
note_sleepy,sleepy,mind
note_sleeve,sleeve,life
note_sleigh,sleigh,life
note_sleight,sleight,abstract
note_slender,slender,abstract
note_slew,slew,action
note_slice,slice,action
note_slick,slick,abstract
note_slide,slide,action
note_slight,slight,abstract
note_slightly,slightly,abstract
note_slim,slim,abstract
note_slime,slime,nature
note_slimy,slimy,abstract
note_sling,sling,action
note_slip,slip,action
note_slippage,slippage,abstract
note_slipper,slipper,life
note_slippery,slippery,abstract
note_slipshod,slipshod,abstract
note_slit,slit,action
note_slither,slither,action
note_sliver,sliver,action
note_slobber,slobber,action
note_slogan,slogan,abstract
note_sloop,sloop,life
note_slope,slope,nature
note_sloping,sloping,abstract
note_sloppy,sloppy,abstract
note_slot,slot,abstract
note_sloth,sloth,nature
note_slothful,slothful,mind
note_slouch,slouch,action
note_slough,slough,nature
note_sloven,sloven,mind
note_slovenly,slovenly,abstract
note_slow,slow,abstract
note_slowly,slowly,abstract
note_slue,slue,action
note_slug,slug,nature
note_sluggard,sluggard,mind
note_sluggish,sluggish,abstract
note_sluice,sluice,action
note_slum,slum,life
note_slumber,slumber,life
note_slump,slump,action
note_slur,slur,action
note_slurp,slurp,action
note_sly,sly,mind
note_smack,smack,action
note_small,small,abstract
note_smarmy,smarmy,mind
note_smart,smart,mind
note_smash,smash,action
note_smattering,smattering,abstract
note_smear,smear,action
note_smell,smell,action
note_smelly,smelly,abstract
note_smelting,smelting,action
note_smile,smile,action
note_smirch,smirch,action
note_smirk,smirk,mind
note_smog,smog,nature
note_smoke,smoke,action
note_smoker,smoker,life
note_smokers,smokers,life
note_smoking,smoking,life
note_smooth,smooth,abstract
note_smoothly,smoothly,abstract
note_smother,smother,action
note_smudge,smudge,action
note_smug,smug,mind
note_smuggle,smuggle,society
note_snack,snack,life
note_snacks,snacks,life
note_snag,snag,action
note_snail,snail,nature
note_snake,snake,nature
note_snap,snap,action
note_snappish,snappish,mind
note_snappy,snappy,abstract
note_snare,snare,action
note_snarl,snarl,action
note_snatch,snatch,action
note_sneak,sneak,action
note_sneaker,sneaker,life
note_sneaking,sneaking,abstract
note_sneer,sneer,action
note_sneeze,sneeze,mind
note_snicker,snicker,mind
note_snide,snide,mind
note_sniff,sniff,action
note_snip,snip,action
note_snippet,snippet,tech
note_snitch,snitch,society
note_snob,snob,mind
note_snobbish,snobbish,mind
note_snore,snore,mind
note_snow,snow,nature
note_snowball,snowball,action
note_snowdrift,snowdrift,nature
note_snowflake,snowflake,nature
note_snowman,snowman,life
note_snowstorm,snowstorm,nature
note_snowy,snowy,nature
note_snub,snub,action
note_snug,snug,abstract
note_snuggle,snuggle,action
note_so,so,abstract
note_so-called,so-called,abstract
note_soak,soak,action
note_soap,soap,life
note_soar,soar,action
note_soaring,soaring,abstract
note_sob,sob,mind
note_sober,sober,mind
note_sobriety,sobriety,mind
note_soccer,soccer,life
note_sociable,sociable,mind
note_social,social,society
note_socialism,socialism,society
note_socialist,socialist,society
note_society,society,society
note_sociology,sociology,science
note_sock,sock,life
note_socket,socket,tech
note_socks,socks,life
note_sod,sod,nature
note_soda,soda,life
note_sodden,sodden,abstract
note_sodium,sodium,science
note_sofa,sofa,life
note_soft,soft,abstract
note_softball,softball,life
note_soften,soften,action
note_softly,softly,abstract
note_softness,softness,abstract
note_software,software,tech
note_softwood,softwood,nature
note_soggy,soggy,abstract
note_soil,soil,nature
note_sojourn,sojourn,action
note_solace,solace,mind
note_solar,solar,nature
note_solder,solder,action
note_soldier,soldier,society
note_sole,sole,abstract
note_solely,solely,abstract
note_solemn,solemn,mind
note_solemnity,solemnity,abstract
note_solicit,solicit,action
note_solicitor,solicitor,business
note_solicitous,solicitous,mind
note_solicitude,solicitude,mind
note_solid,solid,abstract
note_solidarity,solidarity,abstract
note_solidify,solidify,action
note_solitary,solitary,abstract
note_solitude,solitude,mind
note_solo,solo,arts
note_soloist,soloist,arts
note_soluble,soluble,science
note_solution,solution,abstract
note_solvable,solvable,abstract
note_solve,solve,abstract
note_solvent,solvent,science
note_somatic,somatic,science
note_somber,somber,mind
note_some,some,abstract
note_somebody,somebody,abstract
note_somehow,somehow,abstract
note_someone,someone,abstract
note_something,something,abstract
note_sometime,sometime,abstract
note_sometimes,sometimes,abstract
note_somewhat,somewhat,abstract
note_somewhere,somewhere,abstract
note_somnolent,somnolent,mind
note_son,son,life
note_sonata,sonata,arts
note_song,song,arts
note_sonnet,sonnet,arts
note_sonorous,sonorous,arts
note_soon,soon,abstract
note_soot,soot,nature
note_soothe,soothe,mind
note_sop,sop,action
note_sophism,sophism,abstract
note_sophisticate,sophisticate,abstract
note_sophisticated,sophisticated,abstract
note_sophistication,sophistication,abstract
note_sophistry,sophistry,abstract
note_sophomore,sophomore,abstract
note_soporific,soporific,mind
note_sopping,sopping,abstract
note_sorcery,sorcery,arts
note_sordid,sordid,mind
note_sore,sore,mind
note_sorrow,sorrow,mind
note_sorrowful,sorrowful,mind
note_sorry,sorry,mind
note_sort,sort,abstract
note_soul,soul,abstract
note_sound,sound,action
note_soundproof,soundproof,abstract
note_soup,soup,life
note_sour,sour,abstract
note_source,source,abstract
note_sources,sources,abstract
note_souse,souse,action
note_south,south,nature
note_southeast,southeast,nature
note_southern,southern,nature
note_southwards,southwards,nature
note_southwest,southwest,nature
note_souvenir,souvenir,life
note_souvenirs,souvenirs,life
note_sovereign,sovereign,society
note_sovereignty,sovereignty,society
note_soviet,soviet,society
note_sow,sow,action
note_soy,soy,life
note_soybean,soybean,nature
note_space,shuttle space shuttle,tech
note_spacecraft,spacecraft,tech
note_spaceship,spaceship,tech
note_spacious,spacious,abstract
note_spackle,spackle,action
note_spade,spade,life
note_spain,spain,nature
note_span,span,abstract
note_spangle,spangle,abstract
note_spanish,spanish,arts
note_spank,spank,action
note_spanking,spanking,abstract
note_spare,spare,abstract
note_sparing,sparing,abstract
note_sparingly,sparingly,abstract
note_spark,spark,action
note_sparkle,sparkle,action
note_sparring,sparring,action
note_sparrow,sparrow,nature
note_sparse,sparse,abstract
note_sparsely,sparsely,abstract
note_spartan,spartan,abstract
note_spasmodic,spasmodic,abstract
note_spat,spat,action
note_spate,spate,abstract
note_spatial,spatial,abstract
note_spatula,spatula,life
note_spawn,spawn,action
note_speak,speak,action
note_speaker,speaker,action
note_speaking,speaking,action
note_spear,spear,action
note_special,special,abstract
note_specialist,specialist,abstract
note_speciality,speciality,abstract
note_specialize,specialize,abstract
note_specialized,specialized,abstract
note_specially,specially,abstract
note_specialty,specialty,abstract
note_species,species,nature
note_specific,specific,abstract
note_specifically,specifically,abstract
note_specification,specification,abstract
note_specifics,specifics,abstract
note_specified,specified,abstract
note_specify,specify,abstract
note_specimen,specimen,science
note_specious,specious,abstract
note_speck,speck,abstract
note_spectacle,spectacle,abstract
note_spectacular,spectacular,abstract
note_spectacularly,spectacularly,abstract
note_spectator,spectator,abstract
note_specter,specter,abstract
note_spectra,spectra,science
note_spectral,spectral,science
note_spectrum,spectrum,science
note_speculate,speculate,abstract
note_speculation,speculation,abstract
note_speculative,speculative,abstract
note_speech,speech,arts
note_speed,speed,action
note_speedy,speedy,abstract
note_speleology,speleology,science
note_spell,spell,action
note_spelling,spelling,abstract
note_spend,spend,action
note_spending,spending,abstract
note_spendthrift,spendthrift,mind
note_spew,spew,action
note_sphere,sphere,abstract
note_spherical,spherical,abstract
note_spice,spice,life
note_spicy,spicy,abstract
note_spider,spider,nature
note_spike,spike,action
note_spiky,spiky,abstract
note_spill,spill,action
note_spin,spin,action
note_spinach,spinach,life
note_spinal,spinal,mind
note_spindly,spindly,abstract
note_spine,spine,mind
note_spined,spined,abstract
note_spineless,spineless,mind
note_spinet,spinet,arts
note_spinning,spinning,action
note_spiny,spiny,abstract
note_spiral,spiral,abstract
note_spire,spire,life
note_spirit,spirit,abstract
note_spiritual,spiritual,arts
note_spit,spit,action
note_spite,spite,mind
note_splash,splash,action
note_splashy,splashy,abstract
note_spleen,spleen,mind
note_splendid,splendid,abstract
note_splendor,splendor,abstract
note_splice,splice,action
note_splint,splint,mind
note_split,split,action
note_splurge,splurge,action
note_spoil,spoil,action
note_spoilage,spoilage,abstract
note_spoke,spoke,action
note_spoken,spoken,abstract
note_spokesman,spokesman,abstract
note_sponge,sponge,nature
note_spongy,spongy,abstract
note_sponsor,sponsor,business
note_spontaneity,spontaneity,abstract
note_spontaneous,spontaneous,abstract
note_spontaneously,spontaneously,abstract
note_spoof,spoof,abstract
note_spool,spool,life
note_spoon,spoon,life
note_spoonful,spoonful,abstract
note_spoons,spoons,life
note_spoor,spoor,nature
note_sporadic,sporadic,abstract
note_sporadically,sporadically,abstract
note_sport,sport,life
note_sports,sports,life
note_sportsman,sportsman,life
note_sportswear,sportswear,life
note_spot,spot,abstract
note_spotless,spotless,abstract
note_spotlight,spotlight,action
note_spouse,spouse,life
note_spout,spout,action
note_sprain,sprain,mind
note_sprawl,sprawl,action
note_sprawling,sprawling,abstract
note_spray,spray,action
note_spread,spread,action
note_sprig,sprig,nature
note_sprightly,sprightly,mind
note_spring,spring,nature
note_springboard,springboard,abstract
note_springtime,springtime,nature
note_springwater,springwater,nature
note_sprinkle,sprinkle,action
note_sprint,sprint,action
note_sprout,sprout,nature
note_spruce,spruce,nature
note_spunk,spunk,mind
note_spur,spur,action
note_spurious,spurious,abstract
note_spurn,spurn,action
note_spurt,spurt,action
note_spy,spy,society
note_squabble,squabble,action
note_squad,squad,society
note_squalid,squalid,abstract
note_squall,squall,nature
note_squalor,squalor,abstract
note_squander,squander,action
note_square,square,abstract
note_squarely,squarely,abstract
note_squash,squash,action
note_squat,squat,action
note_squeak,squeak,action
note_squeamish,squeamish,mind
note_squeeze,squeeze,action
note_squelch,squelch,action
note_squid,squid,nature
note_squint,squint,mind
note_squirrel,squirrel,nature
note_squirt,squirt,action
note_stab,stab,action
note_stability,stability,abstract
note_stabilize,stabilize,action
note_stable,stable,abstract
note_staccato,staccato,arts
note_stack,stack,action
note_stadium,stadium,life
note_staff,staff,business
note_stage,stage,arts
note_stagecoach,stagecoach,life
note_stagger,stagger,action
note_staggering,staggering,abstract
note_stagnant,stagnant,abstract
note_stagy,stagy,abstract
note_staid,staid,mind
note_stain,stain,action
note_stained,stained,abstract
note_stainless,stainless,abstract
note_stair,stair,life
note_staircase,staircase,life
note_stairs,stairs,life
note_stairway,stairway,life
note_stake,stake,abstract
note_stale,stale,abstract
note_stalemate,stalemate,abstract
note_stalk,stalk,action
note_stall,stall,action
note_stalwart,stalwart,mind
note_stamina,stamina,mind
note_stammer,stammer,action
note_stamp,stamp,action
note_stance,stance,abstract
note_stanch,stanch,action
note_stand,stand,action
note_standard,standard,abstract
note_standardize,standardize,abstract
note_standardized,standardized,abstract
note_standards,standards,abstract
note_standing,standing,abstract
note_standpoint,standpoint,abstract
note_standstill,standstill,abstract
note_stanza,stanza,arts
note_staple,staple,life
note_star,star,nature
note_star-crossed,star-crossed,abstract
note_starch,starch,life
note_starchy,starchy,abstract
note_stardom,stardom,abstract
note_stare,stare,action
note_starfish,starfish,nature
note_stark,stark,abstract
note_start,start,action
note_starter,starter,abstract
note_starting,starting,abstract
note_startle,startle,action
note_startling,startling,abstract
note_starvation,starvation,life
note_starve,starve,action
note_stash,stash,action
note_stasis,stasis,abstract
note_state,state,society
note_stately,stately,abstract
note_statement,statement,abstract
note_states,states,society
note_statesman,statesman,society
note_static,static,abstract
note_station,station,life
note_stationary,stationary,abstract
note_stationery,stationery,life
note_stations,stations,life
note_statistical,statistical,abstract
note_statistics,statistics,science
note_statuary,statuary,arts
note_statue,statue,arts
note_stature,stature,abstract
note_status,status,abstract
note_statute,statute,society
note_statutory,statutory,society
note_stay,stay,action
note_steadfast,steadfast,mind
note_steadily,steadily,abstract
note_steady,steady,abstract
note_steak,steak,life
note_steal,steal,action
note_stealth,stealth,abstract
note_steam,steam,action
note_steamer,steamer,life
note_steel,steel,life
note_steep,steep,abstract
note_steeple,steeple,arts
note_steer,steer,action
note_steering,steering,action
note_stellar,stellar,nature
note_stem,stem,action
note_stench,stench,abstract
note_stencil,stencil,action
note_stentorian,stentorian,abstract
note_step,step,action
note_steps,steps,action
note_stereo,stereo,tech
note_stereophotograph,stereophotograph,tech
note_stereotype,stereotype,abstract
note_stereotyped,stereotyped,abstract
note_sterile,sterile,abstract
note_sterilize,sterilize,mind
note_sterling,sterling,business
note_stern,stern,mind
note_stethoscope,stethoscope,mind
note_stew,stew,action
note_steward,steward,life
note_stewardess,stewardess,life
note_stick,stick,action
note_stickler,stickler,mind
note_stickpin,stickpin,life
note_sticky,sticky,abstract
note_stiff,stiff,abstract
note_stiffen,stiffen,action
note_stiffness,stiffness,abstract
note_stifle,stifle,action
note_stigma,stigma,mind
note_stigmatize,stigmatize,mind
note_still,still,abstract
note_stillness,stillness,abstract
note_stilt,stilt,action
note_stilted,stilted,abstract
note_stimulant,stimulant,mind
note_stimulate,stimulate,mind
note_stimulation,stimulation,mind
note_stimuli,stimuli,science
note_stimulus,stimulus,mind
note_sting,sting,action
note_stinginess,stinginess,mind
note_stingy,stingy,mind
note_stint,stint,action
note_stipend,stipend,business
note_stipple,stipple,action
note_stipulate,stipulate,abstract
note_stipulation,stipulation,abstract
note_stir,stir,action
note_stitch,stitch,action
note_stock,stock,business
note_stockade,stockade,action
note_stockholder,stockholder,business
note_stocking,stocking,life
note_stocky,stocky,abstract
note_stodgy,stodgy,abstract
note_stoic,stoic,mind
note_stoke,stoke,action
note_stolid,stolid,mind
note_stomach,stomach,life
note_stomachache,stomachache,mind
note_stone,stone,nature
note_stonemason,stonemason,life
note_stones,stones,nature
note_stonewall,stonewall,action
note_stony,stony,abstract
note_stool,stool,life
note_stoop,stoop,action
note_stop,stop,action
note_stopwatch,stopwatch,tech
note_storage,storage,abstract
note_store,store,business
note_storehouse,storehouse,life
note_stores,stores,business
note_storey,storey,abstract
note_storm,storm,nature
note_stormy,stormy,abstract
note_story,story,arts
note_stout,stout,abstract
note_stouthearted,stouthearted,mind
note_stove,stove,life
note_stowaway,stowaway,action
note_straggle,straggle,action
note_straight,straight,abstract
note_straighten,straighten,action
note_straightforward,straightforward,abstract
note_strain,strain,mind
note_strait,strait,nature
note_strand,strand,action
note_stranded,stranded,abstract
note_strange,strange,abstract
note_stranger,stranger,life
note_strangler,strangler,action
note_strangulation,strangulation,mind
note_strap,strap,action
note_strata,strata,science
note_stratagem,stratagem,abstract
note_strategic,strategic,abstract
note_strategy,strategy,abstract
note_stratify,stratify,abstract
note_stratum,stratum,abstract
note_straw,straw,life
note_strawberry,strawberry,nature
note_stray,stray,action
note_streak,streak,action
note_stream,stream,nature
note_streamline,streamline,action
note_street,street,life
note_strength,strength,abstract
note_strengthen,strengthen,action
note_strenuous,strenuous,abstract
note_strenuously,strenuously,abstract
note_stress,stress,mind
note_stressful,stressful,mind
note_stretch,stretch,action
note_strew,strew,action
note_striate,striate,abstract
note_striated,striated,abstract
note_strict,strict,abstract
note_strictly,strictly,abstract
note_stricture,stricture,mind
note_stride,stride,action
note_strident,strident,abstract
note_strife,strife,society
note_strike,strike,action
note_striking,striking,abstract
note_strikingly,strikingly,abstract
note_string,string,abstract
note_stringent,stringent,abstract
note_strings,strings,abstract
note_strip,strip,action
note_stripe,stripe,abstract
note_strive,strive,action
note_stroke,stroke,mind
note_stroll,stroll,action
note_strong,strong,abstract
note_stronger,stronger,abstract
note_strongly,strongly,abstract
note_structural,structural,abstract
note_structure,structure,abstract
note_struggle,struggle,action
note_strut,strut,action
note_stub,stub,action
note_stubborn,stubborn,mind
note_stubbornness,stubbornness,mind
note_student,student,abstract
note_studied,studied,abstract
note_studies,studies,abstract
note_studio,studio,arts
note_study,study,action
note_stuff,stuff,abstract
note_stuffy,stuffy,abstract
note_stultify,stultify,mind
note_stumble,stumble,action
note_stun,stun,action
note_stunning,stunning,abstract
note_stunt,stunt,action
note_stupefy,stupefy,mind
note_stupendous,stupendous,abstract
note_stupid,stupid,mind
note_stupor,stupor,mind
note_sturdy,sturdy,abstract
note_stutter,stutter,action
note_stygian,stygian,abstract
note_style,style,abstract
note_styles,styles,abstract
note_stylized,stylized,abstract
note_stylus,stylus,tech
note_stymie,stymie,action
note_subcommittee,subcommittee,society
note_subdiscipline,subdiscipline,abstract
note_subdivide,subdivide,action
note_subdivision,subdivision,abstract
note_subduct,subduct,action
note_subdue,subdue,action
note_subdued,subdued,abstract
note_subject,subject,abstract
note_subjected,subjected,abstract
note_subjection,subjection,abstract
note_subjective,subjective,abstract
note_subjects,subjects,abstract
note_subjugate,subjugate,action
note_subjugation,subjugation,action
note_sublimate,sublimate,action
note_sublime,sublime,abstract
note_subliminal,subliminal,mind
note_submarine,submarine,tech
note_submerge,submerge,action
note_submerged,submerged,action
note_submission,submission,abstract
note_submissive,submissive,mind
note_submit,submit,action
note_subordinate,subordinate,abstract
note_suborn,suborn,action
note_subpoena,subpoena,society
note_subscribe,subscribe,business
note_subscript,subscript,tech
note_subscription,subscription,business
note_subsection,subsection,abstract
note_subsequent,subsequent,abstract
note_subsequently,subsequently,abstract
note_subside,subside,action
note_subsidiary,subsidiary,business
note_subsidize,subsidize,business
note_subsidy,subsidy,business
note_subsist,subsist,life
note_subsistence,subsistence,life
note_subspecies,subspecies,science
note_substance,substance,abstract
note_substantial,substantial,abstract
note_substantially,substantially,abstract
note_substantiate,substantiate,action
note_substantive,substantive,abstract
note_substitute,substitute,action
note_substratum,substratum,abstract
note_subsume,subsume,action
note_subterfuge,subterfuge,action
note_subterranean,subterranean,nature
note_subtitle,subtitle,arts
note_subtitles,subtitles,arts
note_subtle,subtle,abstract
note_subtract,subtract,action
note_subtraction,subtraction,science
note_subtractive,subtractive,abstract
note_suburb,suburb,society
note_suburbanite,suburbanite,society
note_suburbanization,suburbanization,society
note_subvention,subvention,business
note_subversive,subversive,society
note_subvert,subvert,action
note_subway,subway,tech
note_succeed,succeed,action
note_success,success,abstract
note_successful,successful,abstract
note_successfully,successfully,abstract
note_succession,succession,abstract
note_successive,successive,abstract
note_successor,successor,society
note_succinct,succinct,abstract
note_succor,succor,life
note_succumb,succumb,action
note_such,such,none
note_suck,suck,action
note_sudden,sudden,abstract
note_suddenly,suddenly,abstract
note_sue,sue,society
note_suffer,suffer,mind
note_suffering,suffering,mind
note_suffice,suffice,action
note_sufficiency,sufficiency,abstract
note_sufficient,sufficient,abstract
note_sufficiently,sufficiently,abstract
note_suffocate,suffocate,action
note_suffrage,suffrage,society
note_suffragist,suffragist,society
note_suffuse,suffuse,action
note_sugar,sugar,life
note_suggest,suggest,action
note_suggestion,suggestion,abstract
note_suggestions,suggestions,abstract
note_suggestive,suggestive,mind
note_suicide,suicide,mind
note_suit,suit,business
note_suitable,suitable,abstract
note_suitcase,suitcase,life
note_suite,suite,life
note_suited,suited,abstract
note_sulfur,sulfur,nature
note_sulky,sulky,mind
note_sullen,sullen,mind
note_sully,sully,action
note_sulphur,sulphur,nature
note_sultry,sultry,nature
note_sum,sum,abstract
note_summarily,summarily,abstract
note_summarize,summarize,action
note_summary,summary,abstract
note_summation,summation,abstract
note_summer,summer,nature
note_summit,summit,abstract
note_summon,summon,action
note_sumptuous,sumptuous,abstract
note_sun,sun,nature
note_sunburn,sunburn,mind
note_sunburnt,sunburnt,nature
note_sunday,sunday,life
note_sunder,sunder,action
note_sundial,sundial,tech
note_sundry,sundry,abstract
note_sunflower,sunflower,nature
note_sunglasses,sunglasses,life
note_sunlight,sunlight,nature
note_sunlit,sunlit,nature
note_sunny,sunny,nature
note_sunrise,sunrise,nature
note_sunset,sunset,nature
note_sunshine,sunshine,nature
note_super,super,abstract
note_superannuated,superannuated,abstract
note_superb,superb,abstract
note_supercilious,supercilious,mind
note_supercontinent,supercontinent,nature
note_superficial,superficial,abstract
note_superficiality,superficiality,abstract
note_superficially,superficially,abstract
note_superfluity,superfluity,abstract
note_superfluous,superfluous,abstract
note_superheat,superheat,action
note_superimpose,superimpose,action
note_superintend,superintend,action
note_superintendent,superintendent,society
note_superior,superior,abstract
note_superiority,superiority,abstract
note_superlative,superlative,arts
note_superman,superman,arts
note_supermarket,supermarket,business
note_supernatural,supernatural,abstract
note_supernova,supernova,nature
note_supersede,supersede,action
note_supersonic,supersonic,tech
note_superstition,superstition,mind
note_superstitious,superstitious,mind
note_superstructure,superstructure,abstract
note_supervise,supervise,action
note_supervision,supervision,abstract
note_supervisor,supervisor,business
note_supine,supine,action
note_supper,supper,life
note_supplant,supplant,action
note_supple,supple,abstract
note_supplement,supplement,action
note_supplementary,supplementary,abstract
note_supplementation,supplementation,action
note_suppliant,suppliant,society
note_supplicant,supplicant,society
note_supplicate,supplicate,action
note_supply,supply,business
note_support,support,action
note_suppose,suppose,mind
note_supposedly,supposedly,abstract
note_supposition,supposition,abstract
note_suppress,suppress,action
note_supremacy,supremacy,society
note_supreme,supreme,abstract
note_supremely,supremely,abstract
note_surcharge,surcharge,business
note_sure,sure,abstract
note_surely,surely,abstract
note_surface,surface,abstract
note_surfeit,surfeit,life
note_surge,surge,action
note_surgeon,surgeon,mind
note_surgery,surgery,mind
note_surging,surging,action
note_surly,surly,mind
note_surmise,surmise,mind
note_surmount,surmount,action
note_surname,surname,society
note_surpass,surpass,action
note_surpassingly,surpassingly,abstract
note_surplus,surplus,business
note_surprise,surprise,mind
note_surprising,surprising,mind
note_surprisingly,surprisingly,mind
note_surrealism,surrealism,arts
note_surrender,surrender,action
note_surreptitious,surreptitious,mind
note_surrogate,surrogate,society
note_surround,surround,action
note_surrounding,surrounding,abstract
note_surroundings,surroundings,abstract
note_surveillance,surveillance,society
note_survey,survey,business
note_surveyor,surveyor,business
note_survivability,survivability,abstract
note_survival,survival,abstract
note_survive,survive,action
note_survivor,survivor,life
note_susceptibility,susceptibility,mind
note_susceptible,susceptible,mind
note_suspect,suspect,mind
note_suspend,suspend,action
note_suspender,suspender,life
note_suspense,suspense,mind
note_suspension,suspension,action
note_suspicion,suspicion,mind
note_suspicious,suspicious,mind
note_sustain,sustain,action
note_sustained,sustained,abstract
note_sustenance,sustenance,life
note_suture,suture,mind
note_svelte,svelte,abstract
note_swagger,swagger,action
note_swallow,swallow,action
note_swamp,swamp,nature
note_swampy,swampy,nature
note_swan,swan,nature
note_swank,swank,mind
note_swap,swap,action
note_swarm,swarm,action
note_swarthy,swarthy,life
note_sway,sway,action
note_swear,swear,action
note_sweat,sweat,life
note_sweater,sweater,life
note_sweep,sweep,action
note_sweeping,sweeping,abstract
note_sweet,sweet,life
note_sweeten,sweeten,action
note_sweetness,sweetness,abstract
note_swell,swell,action
note_swelling,swelling,mind
note_swelter,swelter,action
note_sweltering,sweltering,nature
note_swerve,swerve,action
note_swift,swift,abstract
note_swiftness,swiftness,abstract
note_swill,swill,life
note_swim,swim,action
note_swimming,swimming,life
note_swindle,swindle,action
note_swine,swine,nature
note_swing,swing,action
note_swipe,swipe,action
note_swirl,swirl,action
note_swiss,swiss,society
note_switch,switch,tech
note_switzerland,switzerland,society
note_sword,sword,life
note_sybarite,sybarite,mind
note_sybaritic,sybaritic,mind
note_sycophant,sycophant,mind
note_sydney,sydney,society
note_syllable,syllable,arts
note_syllabus,syllabus,abstract
note_symbiosis,symbiosis,nature
note_symbiotic,symbiotic,nature
note_symbol,symbol,arts
note_symbolism,symbolism,arts
note_symbolize,symbolize,action
note_symbology,symbology,arts
note_symmetrical,symmetrical,abstract
note_symmetry,symmetry,abstract
note_sympathetic,sympathetic,mind
note_sympathize,sympathize,action
note_sympathy,sympathy,mind
note_symphony,symphony,arts
note_symposium,symposium,abstract
note_symptom,symptom,mind
note_synchronize,synchronize,action
note_synchronous,synchronous,tech
note_syndicate,syndicate,business
note_syndrome,syndrome,mind
note_synergic,synergic,abstract
note_synonym,synonym,arts
note_synonymous,synonymous,abstract
note_synopsis,synopsis,abstract
note_synoptic,synoptic,abstract
note_synthesis,synthesis,science
note_synthesize,synthesize,action
note_synthesizer,synthesizer,tech
note_synthetic,synthetic,science
note_syringe,syringe,mind
note_syrup,syrup,life
note_system,system,abstract
note_systematic,systematic,abstract
note_systematical,systematical,abstract
note_systematically,systematically,abstract
note_systematize,systematize,action
note_systems,systems,abstract
note_t-shirt,t-shirt,life
note_table,table,life
note_tableland,tableland,nature
note_tables,tables,life
note_tablet,tablet,tech
note_tablets,tablets,tech
note_tableware,tableware,life
note_taboo,taboo,society
note_tabulate,tabulate,action
note_tacit,tacit,abstract
note_taciturn,taciturn,mind
note_tack,tack,life
note_tackiness,tackiness,abstract
note_tackle,tackle,action
note_tact,tact,mind
note_tactic,tactic,abstract
note_tactics,tactics,abstract
note_tactile,tactile,mind
note_tadpole,tadpole,nature
note_tag,tag,abstract
note_tail,tail,nature
note_tailor,tailor,business
note_taint,taint,action
note_take,take,action
note_taking,taking,abstract
note_tale,tale,arts
note_talent,talent,abstract
note_talented,talented,abstract
note_talisman,talisman,arts
note_talk,talk,action
note_tall,tall,abstract
note_tally,tally,action
note_talon,talon,nature
note_tambourine,tambourine,arts
note_tame,tame,action
note_tamp,tamp,action
note_tamper,tamper,action
note_tan,tan,life
note_tangential,tangential,abstract
note_tangible,tangible,abstract
note_tangle,tangle,action
note_tango,tango,arts
note_tangy,tangy,life
note_tank,tank,tech
note_tanker,tanker,tech
note_tantalize,tantalize,action
note_tantamount,tantamount,abstract
note_tantrum,tantrum,mind
note_tap,tap,action
note_tape,tape,tech
note_taper,taper,action
note_tapering,tapering,abstract
note_tapestry,tapestry,arts
note_tapeworm,tapeworm,nature
note_tar,tar,life
note_tardiness,tardiness,abstract
note_tardy,tardy,abstract
note_tare,tare,nature
note_target,target,abstract
note_tariff,tariff,business
note_tarnish,tarnish,action
note_tarpaulin,tarpaulin,life
note_tarry,tarry,action
note_tart,tart,life
note_task,task,abstract
note_taste,taste,life
note_tasteless,tasteless,abstract
note_tasty,tasty,life
note_tattered,tattered,abstract
note_tatty,tatty,abstract
note_taunt,taunt,action
note_taut,taut,abstract
note_tauten,tauten,action
note_tautological,tautological,abstract
note_tavern,tavern,life
note_tawdry,tawdry,abstract
note_tax,tax,business
note_taxation,taxation,business
note_taxi,taxi,life
note_taxicab,taxicab,life
note_taxing,taxing,abstract
note_taxonomist,taxonomist,science
note_tea,tea,life
note_teach,teach,action
note_teacher,teacher,society
note_teaching,teaching,abstract
note_team,team,abstract
note_teams,teams,abstract
note_teamwork,teamwork,abstract
note_teapot,teapot,life
note_tear,tear,action
note_tease,tease,action
note_technical,technical,tech
note_technician,technician,tech
note_technique,technique,abstract
note_techniques,techniques,abstract
note_technocrat,technocrat,society
note_technology,technology,tech
note_tectonics,tectonics,science
note_tedious,tedious,abstract
note_tedium,tedium,mind
note_teem,teem,action
note_teenager,teenager,life
note_teens,teens,life
note_teeter,teeter,action
note_teeth,teeth,life
note_teetotal,teetotal,life
note_telecommuter,telecommuter,business
note_telegram,telegram,tech
note_telegraph,telegraph,tech
note_telephone,telephone,tech
note_telescope,telescope,tech
note_televise,televise,tech
note_television,television,tech
note_telex,telex,tech
note_tell,tell,action
note_telling,telling,abstract
note_temerity,temerity,mind
note_temp,temp,abstract
note_temper,temper,mind
note_temperament,temperament,mind
note_temperamental,temperamental,mind
note_temperance,temperance,mind
note_temperate,temperate,nature
note_temperature,temperature,nature
note_tempest,tempest,nature
note_tempestuous,tempestuous,nature
note_temple,temple,arts
note_temples,temples,arts
note_tempo,tempo,arts
note_temporal,temporal,abstract
note_temporarily,temporarily,abstract
note_temporary,temporary,abstract
note_temporize,temporize,action
note_tempt,tempt,action
note_temptation,temptation,mind
note_tempting,tempting,mind
note_ten,ten,abstract
note_tenable,tenable,abstract
note_tenacious,tenacious,mind
note_tenacity,tenacity,mind
note_tenancy,tenancy,business
note_tenant,tenant,business
note_tend,tend,action
note_tendency,tendency,abstract
note_tendentious,tendentious,abstract
note_tender,tender,abstract
note_tenderness,tenderness,mind
note_tendinous,tendinous,mind
note_tenement,tenement,society
note_tenet,tenet,abstract
note_tennis,tennis,life
note_tenor,tenor,arts
note_tense,tense,mind
note_tensile,tensile,science
note_tension,tension,mind
note_tent,tent,life
note_tentacle,tentacle,nature
note_tentative,tentative,abstract
note_tenth,tenth,abstract
note_tenuous,tenuous,abstract
note_tenure,tenure,abstract
note_tepid,tepid,abstract
note_term,term,abstract
note_terminal,terminal,tech
note_terminate,terminate,action
note_termination,termination,action
note_terminology,terminology,abstract
note_terminus,terminus,nature
note_termite,termite,nature
note_terms,terms,abstract
note_terrace,terrace,life
note_terrain,terrain,nature
note_terrestrial,terrestrial,nature
note_terrible,terrible,abstract
note_terribly,terribly,abstract
note_terrific,terrific,abstract
note_terrify,terrify,action
note_terrifying,terrifying,mind
note_territorial,territorial,society
note_territory,territory,society
note_terror,terror,mind
note_terrorist,terrorist,society
note_terse,terse,abstract
note_tertiary,tertiary,abstract
note_test,test,action
note_testament,testament,society
note_testator,testator,society
note_testify,testify,action
note_testimony,testimony,abstract
note_testiness,testiness,mind
note_testy,testy,mind
note_tether,tether,action
note_text,text,arts
note_textbook,textbook,abstract
note_textile,textile,business
note_texture,texture,abstract
note_textured,textured,abstract
note_than,than,none
note_thank,thank,action
note_thankful,thankful,mind
note_thanksgiving,thanksgiving,life
note_that,that,none
note_thatch,thatch,life
note_thaw,thaw,nature
note_the,the,none
note_theater,theater,arts
note_theatre,theatre,arts
note_theft,theft,society
note_their,their,none
note_theirs,theirs,none
note_theist,theist,arts
note_them,them,none
note_thematic,thematic,abstract
note_theme,theme,abstract
note_themselves,themselves,none
note_then,then,none
note_theocracy,theocracy,society
note_theological,theological,abstract
note_theorem,theorem,abstract
note_theoretical,theoretical,abstract
note_theory,theory,abstract
note_therapeutic,therapeutic,mind
note_therapist,therapist,mind
note_therapy,therapy,mind
note_there,there,none
note_thereafter,thereafter,none
note_thereby,thereby,none
note_therefore,therefore,none
note_therein,therein,none
note_thereof,thereof,none
note_thermal,thermal,science
note_thermodynamics,thermodynamics,science
note_thermometer,thermometer,tech
note_thermos,thermos,life
note_thesaurus,thesaurus,arts
note_these,these,none
note_thesis,thesis,abstract
note_thespian,thespian,arts
note_they,they,none
note_thick,thick,abstract
note_thicken,thicken,action
note_thicket,thicket,nature
note_thickness,thickness,abstract
note_thief,thief,society
note_thigh,thigh,life
note_thin,thin,abstract
note_thing,thing,abstract
note_think,think,mind
note_thinking,thinking,mind
note_third,third,abstract
note_thirdly,thirdly,abstract
note_thirst,thirst,life
note_thirsty,thirsty,life
note_thirteen,thirteen,abstract
note_thirty,thirty,abstract
note_this,this,none
note_thorn,thorn,nature
note_thorny,thorny,abstract
note_thorough,thorough,abstract
note_thoroughly,thoroughly,abstract
note_those,those,none
note_though,though,none
note_thought,thought,mind
note_thoughtful,thoughtful,mind
note_thoughtless,thoughtless,mind
note_thoughts,thoughts,mind
note_thousand,thousand,abstract
note_thousand-fold,thousand-fold,abstract
note_thousandfold,thousandfold,abstract
note_thrall,thrall,abstract
note_thrash,thrash,action
note_thread,thread,life
note_threadbare,threadbare,abstract
note_threadlike,threadlike,abstract
note_threat,threat,mind
note_threaten,threaten,action
note_threateningly,threateningly,mind
note_threats,threats,mind
note_three,three,abstract
note_three-dimensional,three-dimensional,abstract
note_thresh,thresh,action
note_threshold,threshold,abstract
note_thrift,thrift,abstract
note_thriftless,thriftless,abstract
note_thrifty,thrifty,abstract
note_thrill,thrill,mind
note_thriller,thriller,arts
note_thrive,thrive,action
note_throat,throat,life
note_throes,throes,mind
note_throne,throne,society
note_throng,throng,action
note_throttle,throttle,action
note_through,through,none
note_throughout,throughout,none
note_throw,throw,action
note_throwback,throwback,abstract
note_thrust,thrust,action
note_thumb,thumb,life
note_thump,thump,action
note_thunder,thunder,nature
note_thunderstorm,thunderstorm,nature
note_thursday,thursday,life
note_thus,thus,none
note_thwart,thwart,action
note_tibet,tibet,society
note_tick,tick,action
note_ticket,ticket,business
note_tickets,tickets,business
note_tickle,tickle,action
note_tickler,tickler,mind
note_ticklish,ticklish,mind
note_tide,tide,nature
note_tidy,tidy,abstract
note_tie,tie,life
note_tiff,tiff,mind
note_tiger,tiger,nature
note_tight,tight,abstract
note_tighten,tighten,action
note_tightfisted,tightfisted,mind
note_tightly,tightly,abstract
note_tile,tile,life
note_tiles,tiles,life
note_till,till,action
note_tilt,tilt,action
note_timber,timber,life
note_timbre,timbre,arts
note_time,time,abstract
note_time-consuming,time-consuming,abstract
note_timely,timely,abstract
note_timetable,timetable,abstract
note_timeworn,timeworn,abstract
note_timid,timid,mind
note_timidity,timidity,mind
note_timorous,timorous,mind
note_tin,tin,life
note_tinder,tinder,life
note_tined,tined,nature
note_tinge,tinge,action
note_tingle,tingle,action
note_tinker,tinker,action
note_tinplate,tinplate,tech
note_tint,tint,action
note_tiny,tiny,abstract
note_tip,tip,action
note_tipple,tipple,life
note_tirade,tirade,action
note_tire,tire,action
note_tired,tired,mind
note_tiresome,tiresome,abstract
note_tissue,tissue,mind
note_titanic,titanic,abstract
note_title,title,abstract
note_titular,titular,abstract
note_to,to,none
note_toad,toad,nature
note_toady,toady,mind
note_toast,toast,life
note_tobacco,tobacco,life
note_today,today,none
note_toddle,toddle,action
note_toe,toe,life
note_toed,toed,nature
note_together,together,none
note_toil,toil,action
note_toilet,toilet,life
note_token,token,abstract
note_tokyo,tokyo,society
note_tolerable,tolerable,abstract
note_tolerance,tolerance,mind
note_tolerant,tolerant,mind
note_tolerate,tolerate,action
note_toll,toll,business
note_tomato,tomato,life
note_tomb,tomb,life
note_tombstone,tombstone,life
note_tomorrow,tomorrow,none
note_ton,ton,abstract
note_tone,tone,abstract
note_tones,tones,abstract
note_tongs,tongs,life
note_tongue,tongue,life
note_tonic,tonic,mind
note_tonight,tonight,none
note_tonsorial,tonsorial,life
note_too,too,none
note_tool,tool,tech
note_tools,tools,tech
note_tooth,tooth,life
note_toothache,toothache,mind
note_toothbrush,toothbrush,life
note_toothed,toothed,nature
note_toothpaste,toothpaste,life
note_top,top,abstract
note_topic,topic,abstract
note_topics,topics,abstract
note_topographical,topographical,science
note_topography,topography,science
note_topple,topple,action
note_topsoil,topsoil,nature
note_topsy-turvy,topsy-turvy,abstract
note_torch,torch,life
note_torment,torment,mind
note_tornado,tornado,nature
note_torpedo,torpedo,tech
note_torpid,torpid,mind
note_torpor,torpor,mind
note_torque,torque,science
note_torrent,torrent,nature
note_torrential,torrential,nature
note_torrid,torrid,nature
note_torso,torso,life
note_tortoise,tortoise,nature
note_tortuous,tortuous,abstract
note_torture,torture,action
note_toss,toss,action
note_total,total,abstract
note_totalitarian,totalitarian,society
note_totality,totality,abstract
note_totally,totally,abstract
note_totem,totem,arts
note_totter,totter,action
note_touch,touch,action
note_touchable,touchable,mind
note_touchdown,touchdown,life
note_touched,touched,mind
note_touching,touching,mind
note_touchstone,touchstone,abstract
note_touchy,touchy,mind
note_tough,tough,abstract
note_toupee,toupee,life
note_tour,tour,life
note_touring,touring,life
note_tourism,tourism,business
note_tourist,tourist,life
note_tourists,tourists,life
note_tournament,tournament,life
note_tourniquet,tourniquet,mind
note_tours,tours,life
note_tousle,tousle,action
note_tout,tout,action
note_tow,tow,action
note_toward,toward,none
note_towards,towards,none
note_towel,towel,life
note_tower,tower,life
note_towering,towering,abstract
note_town,town,society
note_toxic,toxic,mind
note_toxin,toxin,mind
note_toy,toy,life
note_toys,toys,life
note_trace,trace,action
note_traceable,traceable,abstract
note_track,track,life
note_tract,tract,abstract
note_tractability,tractability,abstract
note_tractable,tractable,abstract
note_traction,traction,science
note_tractor,tractor,tech
note_trade,trade,business
note_trademark,trademark,business
note_trader,trader,business
note_tradesman,tradesman,business
note_tradition,tradition,abstract
note_traditional,traditional,abstract
note_traditionally,traditionally,abstract
note_traduce,traduce,action
note_traffic,traffic,business
note_tragedy,tragedy,arts
note_tragic,tragic,abstract
note_trail,trail,life
note_train,train,tech
note_trainer,trainer,life
note_training,training,abstract
note_trainload,trainload,abstract
note_trains,trains,tech
note_trait,trait,abstract
note_traitor,traitor,society
note_trajectory,trajectory,science
note_tram,tram,tech
note_trammel,trammel,action
note_tramp,tramp,life
note_trample,trample,action
note_trance,trance,mind
note_tranquil,tranquil,mind
note_tranquility,tranquility,mind
note_transact,transact,business
note_transaction,transaction,business
note_transcend,transcend,action
note_transcendent,transcendent,abstract
note_transcendental,transcendental,abstract
note_transcontinental,transcontinental,abstract
note_transcribe,transcribe,action
note_transcript,transcript,abstract
note_transfer,transfer,action
note_transfigure,transfigure,action
note_transfix,transfix,action
note_transform,transform,action
note_transformation,transformation,action
note_transformer,transformer,tech
note_transfuse,transfuse,action
note_transgress,transgress,action
note_transgression,transgression,society
note_transience,transience,abstract
note_transient,transient,abstract
note_transistor,transistor,tech
note_transit,transit,tech
note_transition,transition,action
note_transitory,transitory,abstract
note_translate,translate,action
note_translation,translation,arts
note_translator,translator,arts
note_translucent,translucent,abstract
note_transmission,transmission,tech
note_transmit,transmit,action
note_transmitter,transmitter,tech
note_transmute,transmute,action
note_transparent,transparent,abstract
note_transpire,transpire,action
note_transplant,transplant,action
note_transplantation,transplantation,mind
note_transport,transport,action
note_transportation,transportation,business
note_transpose,transpose,action
note_transverse,transverse,abstract
note_trap,trap,action
note_trapeze,trapeze,life
note_trapper,trapper,life
note_trash,trash,life
note_trauma,trauma,mind
note_travel,travel,action
note_traveler,traveler,life
note_travelers,travelers,life
note_traveling,traveling,life
note_traverse,traverse,action
note_travesty,travesty,abstract
note_trawl,trawl,action
note_tray,tray,life
note_treacherous,treacherous,mind
note_treachery,treachery,society
note_tread,tread,action
note_treadmill,treadmill,life
note_treason,treason,society
note_treasure,treasure,abstract
note_treasurer,treasurer,business
note_treat,treat,action
note_treatise,treatise,abstract
note_treatment,treatment,mind
note_treaty,treaty,society
note_treble,treble,arts
note_tree,tree,nature
note_trees,trees,nature
note_trek,trek,action
note_tremble,tremble,action
note_tremendous,tremendous,abstract
note_tremendously,tremendously,abstract
note_tremor,tremor,nature
note_tremulous,tremulous,mind
note_trench,trench,society
note_trenchant,trenchant,abstract
note_trend,trend,abstract
note_trends,trends,abstract
note_trepidation,trepidation,mind
note_trespass,trespass,action
note_trespasser,trespasser,society
note_tresses,tresses,life
note_trial,trial,society
note_triangle,triangle,science
note_triangular,triangular,abstract
note_tribal,tribal,society
note_tribe,tribe,society
note_tribulation,tribulation,mind
note_tribunal,tribunal,society
note_tributary,tributary,nature
note_tribute,tribute,abstract
note_tributes,tributes,abstract
note_trick,trick,action
note_trickery,trickery,action
note_trickle,trickle,action
note_trident,trident,life
note_trifle,trifle,action
note_trifling,trifling,abstract
note_trigger,trigger,action
note_trillion,trillion,abstract
note_trilogy,trilogy,arts
note_trim,trim,action
note_trinity,trinity,abstract
note_trinket,trinket,life
note_trio,trio,arts
note_trip,trip,life
note_triple,triple,abstract
note_tripod,tripod,tech
note_trite,trite,abstract
note_triumph,triumph,mind
note_triumphant,triumphant,mind
note_trivia,trivia,abstract
note_trivial,trivial,abstract
note_trolley,trolley,tech
note_troop,troop,society
note_trophy,trophy,life
note_tropic,tropic,nature
note_tropical,tropical,nature
note_tropics,tropics,nature
note_trot,trot,action
note_trouble,trouble,mind
note_troublesome,troublesome,abstract
note_troubling,troubling,mind
note_trough,trough,life
note_troupe,troupe,arts
note_trousers,trousers,life
note_trove,trove,abstract
note_trowel,trowel,life
note_truancy,truancy,society
note_truant,truant,action
note_truce,truce,society
note_truck,truck,tech
note_truculent,truculent,mind
note_trudge,trudge,action
note_true,true,abstract
note_truism,truism,abstract
note_truly,truly,abstract
note_trumpery,trumpery,abstract
note_trumpet,trumpet,arts
note_trumpeter,trumpeter,arts
note_truncate,truncate,action
note_trunk,trunk,life
note_truss,truss,action
note_trust,trust,abstract
note_trustworthy,trustworthy,mind
note_truth,truth,abstract
note_try,try,action
note_trying,trying,mind
note_tub,tub,life
note_tube,tube,tech
note_tuber,tuber,nature
note_tuberculosis,tuberculosis,mind
note_tuck,tuck,action
note_tuesday,tuesday,life
note_tug,tug,action
note_tuition,tuition,business
note_tulip,tulip,nature
note_tumble,tumble,action
note_tumid,tumid,abstract
note_tumour,tumour,mind
note_tumult,tumult,mind
note_tuna,tuna,nature
note_tundra,tundra,nature
note_tune,tune,arts
note_tunnel,tunnel,life
note_tunnels,tunnels,life
note_turbine,turbine,tech
note_turbulence,turbulence,abstract
note_turbulent,turbulent,abstract
note_turf,turf,life
note_turgid,turgid,abstract
note_turkey,turkey,life
note_turmoil,turmoil,mind
note_turn,turn,action
note_turncoat,turncoat,society
note_turning,turning,action
note_turnip,turnip,life
note_turnover,turnover,business
note_turnpike,turnpike,life
note_turpitude,turpitude,mind
note_turquoise,turquoise,nature
note_turret,turret,life
note_turtle,turtle,nature
note_tusk,tusk,nature
note_tussle,tussle,action
note_tutelage,tutelage,abstract
note_tutor,tutor,action
note_tutorial,tutorial,abstract
note_tuxedo,tuxedo,life
note_tv,tv,tech
note_twaddle,twaddle,action
note_tweezers,tweezers,life
note_twelfth,twelfth,abstract
note_twelve,twelve,abstract
note_twentieth,twentieth,abstract
note_twenty,twenty,abstract
note_twice,twice,none
note_twig,twig,nature
note_twilight,twilight,nature
note_twin,twin,abstract
note_twine,twine,life
note_twinge,twinge,mind
note_twinkle,twinkle,action
note_twist,twist,action
note_two,two,abstract
note_tycoon,tycoon,business
note_type,type,abstract
note_types,types,abstract
note_typewriter,typewriter,tech
note_typhoon,typhoon,nature
note_typical,typical,abstract
note_typify,typify,action
note_typist,typist,tech
note_typo,typo,abstract
note_typographical,typographical,abstract
note_tyrannical,tyrannical,society
note_tyranny,tyranny,society
note_tyrant,tyrant,society
note_tyre,tyre,life
note_tyro,tyro,abstract
note_ubiquitous,ubiquitous,abstract
note_ugly,ugly,abstract
note_ulcer,ulcer,mind
note_ulcerate,ulcerate,action
note_ulterior,ulterior,abstract
note_ultimate,ultimate,abstract
note_ultimately,ultimately,abstract
note_ultimatum,ultimatum,society
note_ultramundane,ultramundane,abstract
note_ultrasonic,ultrasonic,science
note_ultrasonics,ultrasonics,science
note_ultraviolet,ultraviolet,science
note_umbrage,umbrage,mind
note_umbrella,umbrella,life
note_umpire,umpire,society
note_unable,unable,abstract
note_unadorned,unadorned,abstract
note_unaffected,unaffected,mind
note_unaided,unaided,action
note_unanimity,unanimity,abstract
note_unanimous,unanimous,abstract
note_unassuming,unassuming,mind
note_unavoidable,unavoidable,abstract
note_unbearable,unbearable,mind
note_unbecoming,unbecoming,mind
note_unbelievable,unbelievable,mind
note_unbend,unbend,action
note_unbiased,unbiased,abstract
note_unbidden,unbidden,action
note_unblemished,unblemished,abstract
note_unbridgeable,unbridgeable,abstract
note_unbridled,unbridled,mind
note_unbroken,unbroken,abstract
note_uncanny,uncanny,mind
note_uncertain,uncertain,mind
note_uncharted,uncharted,abstract
note_uncle,uncle,life
note_uncomfortable,uncomfortable,mind
note_uncommitted,uncommitted,mind
note_unconditional,unconditional,abstract
note_unconscionable,unconscionable,mind
note_unconscious,unconscious,mind
note_unconventional,unconventional,abstract
note_unconvincing,unconvincing,mind
note_uncooperative,uncooperative,mind
note_uncouth,uncouth,mind
note_uncover,uncover,action
note_unctuous,unctuous,mind
note_undaunted,undaunted,mind
note_under,under,abstract
note_underbid,underbid,business
note_undercut,undercut,business
note_underdeveloped,underdeveloped,society
note_underdog,underdog,society
note_underestimate,underestimate,mind
note_underestimated,underestimated,mind
note_undergird,undergird,action
note_undergo,undergo,action
note_undergraduate,undergraduate,abstract
note_underground,underground,society
note_underhanded,underhanded,mind
note_underlie,underlie,abstract
note_underline,underline,action
note_underling,underling,society
note_underlying,underlying,abstract
note_undermine,undermine,action
note_underneath,underneath,abstract
note_underplay,underplay,action
note_underrate,underrate,mind
note_underscore,underscore,action
note_understand,understand,mind
note_understanding,understanding,mind
note_understate,understate,action
note_understated,understated,mind
note_understatement,understatement,abstract
note_understudy,understudy,arts
note_undertake,undertake,action
note_undertaking,undertaking,business
note_underutilized,underutilized,abstract
note_underwater,underwater,nature
note_underwear,underwear,life
note_underwrite,underwrite,business
note_undeserved,undeserved,mind
note_undesirable,undesirable,mind
note_undifferentiated,undifferentiated,abstract
note_undirected,undirected,abstract
note_undisputable,undisputable,abstract
note_undistorted,undistorted,abstract
note_undisturbed,undisturbed,abstract
note_undivided,undivided,abstract
note_undo,undo,action
note_undoubtedly,undoubtedly,abstract
note_undue,undue,abstract
note_undulate,undulate,action
note_unearth,unearth,action
note_unearthly,unearthly,mind
note_uneasy,uneasy,mind
note_unemployed,unemployed,society
note_unemployment,unemployment,society
note_unenlightened,unenlightened,mind
note_uneven,uneven,abstract
note_unevenly,unevenly,abstract
note_unexceptionable,unexceptionable,abstract
note_unexceptional,unexceptional,abstract
note_unexpected,unexpected,mind
note_unexplored,unexplored,abstract
note_unfailing,unfailing,abstract
note_unfair,unfair,mind
note_unfasten,unfasten,action
note_unfavorable,unfavorable,mind
note_unfeigned,unfeigned,mind
note_unfertilized,unfertilized,nature
note_unfit,unfit,mind
note_unflappable,unflappable,mind
note_unfold,unfold,action
note_unfortunate,unfortunate,mind
note_unfortunately,unfortunately,mind
note_unfounded,unfounded,abstract
note_ungainly,ungainly,mind
note_ungrudging,ungrudging,mind
note_unguarded,unguarded,mind
note_unguent,unguent,life
note_unhappy,unhappy,mind
note_unhealthy,unhealthy,mind
note_unicorn,unicorn,nature
note_unidimensional,unidimensional,abstract
note_unification,unification,abstract
note_uniform,uniform,abstract
note_uniformity,uniformity,abstract
note_uniformly,uniformly,abstract
note_unify,unify,action
note_unilateral,unilateral,society
note_unimaginable,unimaginable,mind
note_unimpassioned,unimpassioned,mind
note_unimpeachable,unimpeachable,abstract
note_unimportant,unimportant,abstract
note_uninhabited,uninhabited,nature
note_uninitiated,uninitiated,mind
note_union,union,society
note_unique,unique,abstract
note_uniqueness,uniqueness,abstract
note_unison,unison,arts
note_unit,unit,abstract
note_unite,unite,action
note_united,united,abstract
note_unity,unity,abstract
note_universal,universal,abstract
note_universally,universally,abstract
note_universe,universe,science
note_universities,universities,abstract
note_university,university,abstract
note_univocal,univocal,abstract
note_unjust,unjust,mind
note_unjustified,unjustified,mind
note_unjustly,unjustly,mind
note_unkempt,unkempt,mind
note_unkind,unkind,mind
note_unknown,unknown,abstract
note_unleash,unleash,action
note_unless,unless,abstract
note_unlike,unlike,abstract
note_unlikely,unlikely,mind
note_unlimited,unlimited,abstract
note_unload,unload,action
note_unlock,unlock,action
note_unlucky,unlucky,mind
note_unmarried,unmarried,life
note_unmatched,unmatched,abstract
note_unmitigated,unmitigated,abstract
note_unmoved,unmoved,mind
note_unnecessary,unnecessary,abstract
note_unnoticed,unnoticed,mind
note_unobstructed,unobstructed,abstract
note_unobtrusive,unobtrusive,mind
note_unorthodox,unorthodox,mind
note_unpack,unpack,action
note_unpaid,unpaid,business
note_unpalatable,unpalatable,mind
note_unparalleled,unparalleled,abstract
note_unpleasant,unpleasant,mind
note_unprecedented,unprecedented,abstract
note_unpredictable,unpredictable,mind
note_unpremeditated,unpremeditated,mind
note_unprepossessing,unprepossessing,mind
note_unpretentious,unpretentious,mind
note_unprincipled,unprincipled,mind
note_unproductive,unproductive,abstract
note_unpromising,unpromising,mind
note_unprovoked,unprovoked,mind
note_unqualified,unqualified,mind
note_unquestionably,unquestionably,abstract
note_unquestioning,unquestioning,mind
note_unravel,unravel,action
note_unreasonable,unreasonable,mind
note_unregenerate,unregenerate,mind
note_unregulated,unregulated,society
note_unreliable,unreliable,mind
note_unremitting,unremitting,mind
note_unrepentant,unrepentant,mind
note_unrequited,unrequited,mind
note_unreserved,unreserved,mind
note_unrest,unrest,society
note_unrestrained,unrestrained,mind
note_unrestricted,unrestricted,abstract
note_unruly,unruly,mind
note_unsafe,unsafe,mind
note_unsatisfactory,unsatisfactory,mind
note_unscathed,unscathed,abstract
note_unscented,unscented,life
note_unscrupulous,unscrupulous,mind
note_unscrupulously,unscrupulously,mind
note_unscrupulousness,unscrupulousness,mind
note_unseasonably,unseasonably,abstract
note_unseemly,unseemly,mind
note_unselfish,unselfish,mind
note_unsettle,unsettle,mind
note_unsettling,unsettling,mind
note_unsocial,unsocial,mind
note_unsophisticated,unsophisticated,mind
note_unsound,unsound,mind
note_unspoiled,unspoiled,abstract
note_unspotted,unspotted,abstract
note_unstable,unstable,abstract
note_unstinting,unstinting,mind
note_unsubstantiated,unsubstantiated,abstract
note_unsuccessful,unsuccessful,mind
note_unsuitable,unsuitable,mind
note_untamed,untamed,nature
note_untapped,untapped,abstract
note_unthreatening,unthreatening,mind
note_untie,untie,action
note_until,until,abstract
note_untimely,untimely,abstract
note_untold,untold,abstract
note_untouched,untouched,abstract
note_untoward,untoward,abstract
note_untrue,untrue,mind
note_untutored,untutored,mind
note_unusual,unusual,mind
note_unusually,unusually,abstract
note_unveil,unveil,action
note_unwarranted,unwarranted,abstract
note_unwieldy,unwieldy,abstract
note_unwilling,unwilling,mind
note_unwitting,unwitting,mind
note_unwonted,unwonted,mind
note_unworldly,unworldly,mind
note_up,up,abstract
note_up-to-date,up-to-date,abstract
note_upbraid,upbraid,mind
note_update,update,tech
note_upfront,upfront,business
note_upgrade,upgrade,tech
note_upheaval,upheaval,abstract
note_uphold,uphold,action
note_upkeep,upkeep,life
note_upland,upland,nature
note_upon,upon,abstract
note_upper,upper,abstract
note_upright,upright,abstract
note_uprising,uprising,society
note_uproar,uproar,society
note_uproarious,uproarious,mind
note_uproot,uproot,action
note_upscale,upscale,business
note_upset,upset,mind
note_upside-down,upside-down,abstract
note_upstage,upstage,arts
note_upstairs,upstairs,life
note_upstart,upstart,society
note_upsurge,upsurge,abstract
note_upswing,upswing,abstract
note_uptight,uptight,mind
note_uptodate,uptodate,abstract
note_upward,upward,abstract
note_upwards,upwards,abstract
note_uranium,uranium,science
note_urban,urban,society
note_urbane,urbane,mind
note_urbanism,urbanism,society
note_urbanite,urbanite,society
note_urbanization,urbanization,society
note_urbanize,urbanize,society
note_urchin,urchin,life
note_urge,urge,mind
note_urgency,urgency,mind
note_urgent,urgent,mind
note_ursine,ursine,nature
note_us,us,abstract
note_usage,usage,abstract
note_use,use,action
note_used,used,abstract
note_useful,useful,mind
note_useless,useless,mind
note_user,user,tech
note_usher,usher,life
note_usual,usual,mind
note_usually,usually,abstract
note_usurp,usurp,action
note_usury,usury,business
note_utensil,utensil,life
note_utensils,utensils,life
note_utilitarian,utilitarian,abstract
note_utility,utility,abstract
note_utilization,utilization,abstract
note_utilize,utilize,action
note_utmost,utmost,abstract
note_utopia,utopia,abstract
note_utopian,utopian,abstract
note_utter,utter,action
note_utterance,utterance,arts
note_utterly,utterly,abstract
note_uxorious,uxorious,mind
note_vacancies,vacancies,business
note_vacancy,vacancy,business
note_vacant,vacant,abstract
note_vacate,vacate,action
note_vacation,vacation,life
note_vaccinate,vaccinate,mind
note_vaccine,vaccine,science
note_vacillate,vacillate,mind
note_vacillation,vacillation,mind
note_vacuous,vacuous,mind
note_vacuum,vacuum,science
note_vagabond,vagabond,society
note_vagary,vagary,abstract
note_vagrancy,vagrancy,society
note_vagrant,vagrant,society
note_vague,vague,mind
note_vain,vain,mind
note_valediction,valediction,arts
note_valedictory,valedictory,arts
note_valetudinarian,valetudinarian,mind
note_valiant,valiant,mind
note_valid,valid,abstract
note_validate,validate,action
note_validity,validity,abstract
note_valley,valley,nature
note_valor,valor,mind
note_valorous,valorous,mind
note_valuable,valuable,abstract
note_valuation,valuation,business
note_value,value,abstract
note_valve,valve,science
note_vampire,vampire,mind
note_van,van,life
note_vandalism,vandalism,society
note_vandalize,vandalize,action
note_vanguard,vanguard,society
note_vanilla,vanilla,life
note_vanish,vanish,action
note_vanity,vanity,mind
note_vanquish,vanquish,action
note_vantage,vantage,abstract
note_vapid,vapid,mind
note_vapor,vapor,nature
note_vaporization,vaporization,science
note_vaporize,vaporize,action
note_vaporous,vaporous,abstract
note_vapour,vapour,nature
note_variability,variability,abstract
note_variable,variable,abstract
note_variance,variance,abstract
note_variant,variant,abstract
note_variation,variation,abstract
note_varied,varied,abstract
note_variegate,variegate,action
note_variegation,variegation,abstract
note_variety,variety,abstract
note_various,various,abstract
note_varnish,varnish,arts
note_vary,vary,action
note_vascular,vascular,science
note_vase,vase,arts
note_vast,vast,abstract
note_vastness,vastness,abstract
note_vault,vault,action
note_vaulted,vaulted,abstract
note_vaunting,vaunting,mind
note_vcd,vcd,tech
note_veal,veal,life
note_vector,vector,science
note_veer,veer,action
note_vegetable,vegetable,nature
note_vegetarian,vegetarian,life
note_vegetate,vegetate,action
note_vegetation,vegetation,nature
note_vehement,vehement,mind
note_vehicle,vehicle,tech
note_veil,veil,arts
note_vein,vein,science
note_veining,veining,abstract
note_velocity,velocity,science
note_velvet,velvet,nature
note_venal,venal,mind
note_vendetta,vendetta,society
note_vendor,vendor,business
note_veneer,veneer,arts
note_venerable,venerable,mind
note_venerate,venerate,mind
note_veneration,veneration,mind
note_vengeance,vengeance,mind
note_vengeful,vengeful,mind
note_venial,venial,abstract
note_venom,venom,nature
note_venomous,venomous,nature
note_vent,vent,life
note_ventilate,ventilate,life
note_ventilation,ventilation,life
note_ventral,ventral,science
note_ventriloquist,ventriloquist,arts
note_venture,venture,business
note_venturesome,venturesome,mind
note_venue,venue,society
note_venus,venus,science
note_veracious,veracious,mind
note_veracity,veracity,mind
note_verb,verb,arts
note_verbal,verbal,arts
note_verbatim,verbatim,arts
note_verbiage,verbiage,arts
note_verbose,verbose,arts
note_verdant,verdant,nature
note_verdict,verdict,society
note_verdigris,verdigris,nature
note_verge,verge,abstract
note_verified,verified,action
note_verify,verify,action
note_verisimilar,verisimilar,abstract
note_veritable,veritable,abstract
note_vermin,vermin,nature
note_vernacular,vernacular,arts
note_vernal,vernal,nature
note_versatile,versatile,abstract
note_verse,verse,arts
note_versed,versed,abstract
note_versemonger,versemonger,arts
note_version,version,abstract
note_versus,versus,abstract
note_vertebrate,vertebrate,nature
note_vertex,vertex,science
note_vertical,vertical,abstract
note_vertigo,vertigo,mind
note_verve,verve,mind
note_very,very,abstract
note_vessel,vessel,nature
note_vest,vest,life
note_vestige,vestige,science
note_vestigial,vestigial,science
note_vestment,vestment,arts
note_vesture,vesture,life
note_veteran,veteran,society
note_veterinarian,veterinarian,society
note_veterinary,veterinary,nature
note_veto,veto,society
note_vex,vex,mind
note_vexation,vexation,mind
note_via,via,abstract
note_viability,viability,science
note_viable,viable,abstract
note_viaduct,viaduct,tech
note_viands,viands,life
note_vibrancy,vibrancy,mind
note_vibrant,vibrant,mind
note_vibrate,vibrate,action
note_vibration,vibration,science
note_vicar,vicar,society
note_vicarious,vicarious,mind
note_vice,vice,mind
note_vicinity,vicinity,abstract
note_vicious,vicious,mind
note_vicissitude,vicissitude,mind
note_vicissitudinous,vicissitudinous,mind
note_victim,victim,mind
note_victimize,victimize,mind
note_victor,victor,society
note_victorious,victorious,mind
note_victory,victory,society
note_video,video,tech
note_videocassette,videocassette,tech
note_videophone,videophone,tech
note_videos,videos,tech
note_videotape,videotape,tech
note_vie,vie,action
note_view,view,mind
note_viewer,viewer,arts
note_viewpoint,viewpoint,mind
note_vigilance,vigilance,mind
note_vigilant,vigilant,mind
note_vigor,vigor,mind
note_vigorous,vigorous,mind
note_vigour,vigour,mind
note_vile,vile,mind
note_vilify,vilify,mind
note_villa,villa,life
note_village,village,life
note_villager,villager,life
note_villainous,villainous,mind
note_vim,vim,mind
note_vindicate,vindicate,mind
note_vindication,vindication,mind
note_vindictive,vindictive,mind
note_vine,vine,nature
note_vinegar,vinegar,life
note_vintner,vintner,business
note_violate,violate,society
note_violation,violation,society
note_violence,violence,society
note_violent,violent,mind
note_violently,violently,mind
note_violet,violet,nature
note_violin,violin,arts
note_violinist,violinist,arts
note_virago,virago,mind
note_viral,viral,science
note_virgin,virgin,life
note_virile,virile,mind
note_virility,virility,mind
note_virtual,virtual,tech
note_virtually,virtually,abstract
note_virtue,virtue,mind
note_virtuosity,virtuosity,arts
note_virtuoso,virtuoso,arts
note_virtuous,virtuous,mind
note_virulent,virulent,science
note_virus,virus,science
note_visa,visa,society
note_visage,visage,mind
note_visas,visas,society
note_visceral,visceral,mind
note_viscid,viscid,science
note_viscosity,viscosity,science
note_viscous,viscous,science
note_visibility,visibility,abstract
note_visible,visible,abstract
note_vision,vision,mind
note_visionary,visionary,mind
note_visit,visit,life
note_visitor,visitor,life
note_visitors,visitors,life
note_vista,vista,nature
note_visual,visual,arts
note_visualize,visualize,mind
note_vital,vital,mind
note_vitalism,vitalism,abstract
note_vitalist,vitalist,abstract
note_vitality,vitality,mind
note_vitalize,vitalize,mind
note_vitally,vitally,abstract
note_vitamin,vitamin,science
note_vitamine,vitamine,science
note_vitiate,vitiate,mind
note_vitreous,vitreous,science
note_vitrify,vitrify,science
note_vitriolic,vitriolic,mind
note_vituperate,vituperate,mind
note_vituperative,vituperative,mind
note_vivacious,vivacious,mind
note_vivacity,vivacity,mind
note_vivid,vivid,mind
note_vividly,vividly,abstract
note_vocabulary,vocabulary,arts
note_vocal,vocal,arts
note_vocalist,vocalist,arts
note_vocation,vocation,society
note_vocational,vocational,abstract
note_vogue,vogue,mind
note_voice,voice,arts
note_void,void,abstract
note_volatile,volatile,science
note_volcanic,volcanic,nature
note_volcano,volcano,nature
note_volition,volition,mind
note_volley,volley,action
note_volleyball,volleyball,life
note_volt,volt,science
note_voltage,voltage,science
note_voluble,voluble,mind
note_volume,volume,abstract
note_voluminous,voluminous,abstract
note_voluntary,voluntary,mind
note_volunteer,volunteer,society
note_volunteers,volunteers,society
note_voluptuous,voluptuous,mind
note_vomit,vomit,life
note_voracious,voracious,mind
note_voracity,voracity,mind
note_votary,votary,society
note_vote,vote,society
note_voter,voter,society
note_vouch,vouch,action
note_voucher,voucher,business
note_vow,vow,society
note_vowel,vowel,arts
note_voyage,voyage,action
note_vulgar,vulgar,mind
note_vulgarity,vulgarity,mind
note_vulnerable,vulnerable,mind
note_vulpine,vulpine,nature
note_vulture,vulture,nature
note_vying,vying,action
note_waddle,waddle,action
note_wade,wade,action
note_waffle,waffle,life
note_waft,waft,action
note_wag,wag,action
note_wage,wage,business
note_wager,wager,business
note_waggish,waggish,mind
note_waggon,waggon,life
note_wagon,wagon,life
note_wail,wail,mind
note_waist,waist,life
note_wait,wait,action
note_waiter,waiter,life
note_waitress,waitress,life
note_waive,waive,action
note_wake,wake,action
note_waken,waken,action
note_walk,walk,action
note_walking,walking,life
note_walkman,walkman,tech
note_walkout,walkout,society
note_wall,wall,life
note_wallet,wallet,life
note_wallop,wallop,action
note_wallow,wallow,action
note_walls,walls,life
note_walnut,walnut,nature
note_walrus,walrus,nature
note_wan,wan,mind
note_wand,wand,arts
note_wander,wander,action
note_wanderlust,wanderlust,mind
note_wane,wane,action
note_wangle,wangle,action
note_want,want,mind
note_wanton,wanton,mind
note_war,war,society
note_warble,warble,action
note_ward,ward,society
note_warden,warden,society
note_wardrobe,wardrobe,life
note_ware,ware,business
note_warehouse,warehouse,business
note_warfare,warfare,society
note_warm,warm,mind
note_warming,warming,nature
note_warmonger,warmonger,society
note_warmth,warmth,mind
note_warn,warn,mind
note_warning,warning,mind
note_warp,warp,action
note_warrant,warrant,business
note_warrantable,warrantable,abstract
note_warranted,warranted,business
note_warranty,warranty,business
note_warrior,warrior,society
note_wary,wary,mind
note_wash,wash,action
note_washing,washing,life
note_washroom,washroom,life
note_wasp,wasp,nature
note_waspish,waspish,mind
note_waste,waste,abstract
note_wasteful,wasteful,mind
note_wastrel,wastrel,society
note_watch,watch,action
note_watchdog,watchdog,society
note_watchful,watchful,mind
note_water,water,nature
note_water-clock,water-clock,science
note_water-proof,water-proof,abstract
note_water-skiing,water-skiing,life
note_watercourse,watercourse,nature
note_waterfall,waterfall,nature
note_watermelon,watermelon,life
note_waterproof,waterproof,abstract
note_watershed,watershed,nature
note_watertight,watertight,abstract
note_watery,watery,nature
note_watt,watt,science
note_wave,wave,nature
note_wavelength,wavelength,science
note_waver,waver,mind
note_wavy,wavy,nature
note_wax,wax,nature
note_waxy,waxy,abstract
note_way,way,abstract
note_waylay,waylay,action
note_wayside,wayside,nature
note_we,we,abstract
note_weak,weak,mind
note_weaken,weaken,action
note_weakness,weakness,mind
note_wealth,wealth,business
note_wealthy,wealthy,business
note_wean,wean,life
note_weapon,weapon,society
note_wear,wear,action
note_weariness,weariness,mind
note_wearisome,wearisome,mind
note_weary,weary,mind
note_weasel,weasel,nature
note_weather,weather,nature
note_weathering,weathering,nature
note_weatherman,weatherman,nature
note_weave,weave,action
note_weaver,weaver,life
note_weaverbird,weaverbird,nature
note_web,web,tech
note_website,website,tech
note_wed,wed,life
note_wedding,wedding,life
note_wedge,wedge,action
note_wedge-shaped,wedge-shaped,abstract
note_wednesday,wednesday,life
note_weed,weed,nature
note_weeds,weeds,nature
note_week,week,life
note_weekday,weekday,life
note_weekdays,weekdays,life
note_weekend,weekend,life
note_weekends,weekends,life
note_weekly,weekly,abstract
note_weep,weep,action
note_weigh,weigh,action
note_weight,weight,science
note_weird,weird,mind
note_welcome,welcome,mind
note_weld,weld,action
note_welfare,welfare,society
note_well,well,life
note_well-being,well-being,mind
note_well-groomed,well-groomed,abstract
note_well-known,well-known,abstract
note_welsh,welsh,nature
note_welter,welter,action
note_west,west,nature
note_western,western,nature
note_westerner,westerner,society
note_westward,westward,abstract
note_westwards,westwards,abstract
note_wet,wet,nature
note_wetland,wetland,nature
note_whale,whale,nature
note_whales,whales,nature
note_wharf,wharf,life
note_what,what,abstract
note_whatever,whatever,abstract
note_whatsoever,whatsoever,abstract
note_wheat,wheat,nature
note_wheedle,wheedle,mind
note_wheel,wheel,tech
note_wheels,wheels,tech
note_whelm,whelm,action
note_whelp,whelp,nature
note_when,when,abstract
note_whenever,whenever,abstract
note_where,where,abstract
note_whereas,whereas,abstract
note_whereby,whereby,abstract
note_wherever,wherever,abstract
note_whet,whet,action
note_whether,whether,abstract
note_which,which,abstract
note_whichever,whichever,abstract
note_whiff,whiff,action
note_while,while,abstract
note_whilst,whilst,abstract
note_whim,whim,mind
note_whimsical,whimsical,mind
note_whimsy,whimsy,mind
note_whine,whine,mind
note_whip,whip,action
note_whir,whir,action
note_whirl,whirl,action
note_whirlpool,whirlpool,nature
note_whisker,whisker,nature
note_whisky,whisky,life
note_whisper,whisper,action
note_whistle,whistle,action
note_whit,whit,abstract
note_white,white,abstract
note_whitewash,whitewash,action
note_whittle,whittle,action
note_who,who,abstract
note_whoever,whoever,abstract
note_whole,whole,abstract
note_wholesale,wholesale,business
note_wholesaler,wholesaler,business
note_wholesome,wholesome,mind
note_wholly,wholly,abstract
note_whom,whom,abstract
note_whose,whose,abstract
note_why,why,abstract
note_wick,wick,life
note_wicked,wicked,mind
note_wide,wide,abstract
note_widely,widely,abstract
note_widen,widen,action
note_widespread,widespread,abstract
note_widow,widow,life
note_width,width,abstract
note_wield,wield,action
note_wife,wife,life
note_wig,wig,life
note_wiggle,wiggle,action
note_wild,wild,nature
note_wilderness,wilderness,nature
note_wildlife,wildlife,nature
note_wile,wile,mind
note_wilful,wilful,mind
note_will,will,mind
note_willful,willful,mind
note_willing,willing,mind
note_willingly,willingly,abstract
note_willingness,willingness,mind
note_willow,willow,nature
note_willowy,willowy,abstract
note_wilt,wilt,action
note_wily,wily,mind
note_win,win,action
note_wince,wince,mind
note_wind,wind,nature
note_windbag,windbag,mind
note_windbreaker,windbreaker,life
note_windfall,windfall,business
note_winding,winding,abstract
note_windmill,windmill,tech
note_window,window,life
note_windswept,windswept,nature
note_windy,windy,nature
note_wine,wine,life
note_wing,wing,nature
note_wingspan,wingspan,nature
note_wink,wink,action
note_winkle,winkle,action
note_winner,winner,society
note_winnow,winnow,action
note_winsome,winsome,mind
note_winter,winter,nature
note_wipe,wipe,action
note_wire,wire,tech
note_wireless,wireless,tech
note_wiretap,wiretap,action
note_wisdom,wisdom,mind
note_wise,wise,mind
note_wish,wish,mind
note_wispy,wispy,abstract
note_wistful,wistful,mind
note_wit,wit,mind
note_witch,witch,arts
note_with,with,abstract
note_withdraw,withdraw,action
note_withdrawal,withdrawal,action
note_wither,wither,action
note_withhold,withhold,action
note_within,within,abstract
note_without,without,abstract
note_withstand,withstand,action
note_witness,witness,society
note_witticism,witticism,arts
note_witty,witty,mind
note_wizardry,wizardry,arts
note_wizen,wizen,action
note_wizened,wizened,mind
note_wobble,wobble,action
note_woe,woe,mind
note_wolf,wolf,nature
note_wollongong,wollongong,nature
note_woman,woman,life
note_wonder,wonder,mind
note_wonderful,wonderful,mind
note_wont,wont,abstract
note_woo,woo,action
note_wood,wood,nature
note_woodcut,woodcut,arts
note_wooden,wooden,abstract
note_woodpecker,woodpecker,nature
note_woods,woods,nature
note_wool,wool,nature
note_woolen,woolen,life
note_woollen,woollen,life
note_woolly,woolly,abstract
note_word,word,arts
note_wording,wording,arts
note_words,words,arts
note_work,work,business
note_workday,workday,life
note_worker,worker,business
note_workforce,workforce,business
note_working,working,business
note_workload,workload,business
note_workman,workman,business
note_workmate,workmate,life
note_workpiece,workpiece,tech
note_workplace,workplace,life
note_works,works,business
note_workshop,workshop,arts
note_workshops,workshops,arts
note_world,world,abstract
note_world-wide,world-wide,abstract
note_worldly,worldly,mind
note_worldwide,worldwide,abstract
note_worm,worm,nature
note_worn,worn,abstract
note_worried,worried,mind
note_worry,worry,mind
note_worse,worse,abstract
note_worship,worship,arts
note_worst,worst,abstract
note_worth,worth,abstract
note_worthless,worthless,abstract
note_worthwhile,worthwhile,abstract
note_worthy,worthy,mind
note_would,would,abstract
note_wound,wound,mind
note_wounded,wounded,mind
note_wraith,wraith,mind
note_wrangle,wrangle,action
note_wrangler,wrangler,life
note_wrap,wrap,action
note_wrath,wrath,mind
note_wreak,wreak,action
note_wreath,wreath,arts
note_wreathe,wreathe,action
note_wreck,wreck,action
note_wreckage,wreckage,action
note_wren,wren,nature
note_wrench,wrench,action
note_wrestle,wrestle,action
note_wrestling,wrestling,life
note_wretched,wretched,mind
note_wright,wright,life
note_wring,wring,action
note_wrinkle,wrinkle,action
note_wrist,wrist,life
note_wristwatch,wristwatch,tech
note_writ,writ,society
note_write,write,action
note_writer,writer,arts
note_writing,writing,arts
note_wrong,wrong,mind
note_wrought,wrought,abstract
note_wry,wry,mind
note_x-ray,x-ray,science
note_xenophobe,xenophobe,mind
note_xenophobia,xenophobia,mind
note_xerophyte,xerophyte,nature
note_xerox,xerox,tech
note_yacht,yacht,life
note_yard,yard,life
note_yardstick,yardstick,abstract
note_yarn,yarn,life
note_yaw,yaw,action
note_yawn,yawn,action
note_year,year,life
note_yearly,yearly,abstract
note_yearn,yearn,mind
note_yeast,yeast,nature
note_yell,yell,action
note_yellow,yellow,abstract
note_yelp,yelp,action
note_yen,yen,business
note_yeoman,yeoman,society
note_yes,yes,abstract
note_yesterday,yesterday,life
note_yet,yet,abstract
note_yield,yield,action
note_yielding,yielding,abstract
note_yoga,yoga,life
note_yoghurt,yoghurt,life
note_yoke,yoke,action
note_yokel,yokel,society
note_yolk,yolk,nature
note_york,york,nature
note_you,you,abstract
note_young,young,life
note_youngster,youngster,life
note_your,your,abstract
note_yours,yours,abstract
note_yourself,yourself,abstract
note_yourselves,yourselves,abstract
note_youth,youth,life
note_youthful,youthful,abstract
note_yummy,yummy,mind
note_zeal,zeal,mind
note_zealot,zealot,society
note_zealotry,zealotry,mind
note_zealous,zealous,mind
note_zebra,zebra,nature
note_zenith,zenith,abstract
note_zephyr,zephyr,nature
note_zero,zero,abstract
note_zest,zest,mind
note_zesty,zesty,mind
note_zigzag,zigzag,action
note_zinc,zinc,science
note_zip,zip,action
note_zipper,zipper,life
note_zone,zone,abstract
note_zoo,zoo,nature
note_zoology,zoology,science
note_zoom,zoom,action
note_dilapidate,dilapidate,action
note_dilapidated,dilapidated,nature
note_dilapidation,dilapidation,nature
note_dilate,dilate,action
note_dilatory,dilatory,abstract
note_dilemma,dilemma,mind
note_dilettante,dilettante,arts
note_diligence,diligence,mind
note_diligent,diligent,mind
note_diligently,diligently,action
note_dilute,dilute,action
note_dilution,dilution,science
note_dim,dim,abstract
note_dime,dime,business
note_dimension,dimension,abstract
note_dimensional,dimensional,abstract
note_diminish,diminish,action
note_diminuendo,diminuendo,arts
note_diminution,diminution,action
note_diminutive,diminutive,abstract
note_dimly,dimly,abstract
note_dimple,dimple,mind
note_din,din,abstract
note_dine,dine,life
note_dingy,dingy,abstract
note_dining,dining,life
note_dinner,dinner,life
note_dinosaur,dinosaur,nature
note_diocesan,diocesan,society
note_dioxide,dioxide,science
note_dip,dip,action
note_diploma,diploma,abstract
note_diplomacy,diplomacy,society
note_diplomas,diplomas,abstract
note_diplomat,diplomat,society
note_diplomatic,diplomatic,society
note_dipsomania,dipsomania,mind
note_dire,dire,mind
note_direct,direct,action
note_direction,direction,abstract
note_directly,directly,abstract
note_director,director,society
note_directory,directory,tech
note_dirge,dirge,arts
note_dirt,dirt,nature
note_dirty,dirty,action
note_disability,disability,mind
note_disable,disable,action
note_disabled,disabled,mind
note_disabuse,disabuse,action
note_disadvantage,disadvantage,abstract
note_disaffect,disaffect,action
note_disagree,disagree,action
note_disagreeable,disagreeable,mind
note_disagreement,disagreement,abstract
note_disallow,disallow,action
note_disappear,disappear,action
note_disappearance,disappearance,action
note_disappoint,disappoint,mind
note_disappointment,disappointment,mind
note_disapproval,disapproval,mind
note_disapprove,disapprove,action
note_disarm,disarm,action
note_disarrange,disarrange,action
note_disarray,disarray,abstract
note_disaster,disaster,abstract
note_disastrous,disastrous,action
note_disavow,disavow,action
note_disband,disband,action
note_disbar,disbar,society
note_disburse,disburse,business
note_disc,disc,tech
note_discard,discard,action
note_discern,discern,mind
note_discernible,discernible,abstract
note_discerning,discerning,mind
note_discharge,discharge,action
note_disciple,disciple,arts
note_discipline,discipline,abstract
note_disciplined,disciplined,mind
note_disclaim,disclaim,action
note_disclaimer,disclaimer,abstract
note_disclose,disclose,action
note_disco,disco,arts
note_discography,discography,arts
note_discombobulate,discombobulate,mind
note_discombobulated,discombobulated,mind
note_discomfit,discomfit,mind
note_discomfited,discomfited,mind
note_discomfiture,discomfiture,mind
note_discomfort,discomfort,mind
note_discompose,discompose,mind
note_disconcert,disconcert,mind
note_disconnect,disconnect,tech
note_discontent,discontent,mind
note_discontented,discontented,mind
note_discord,discord,abstract
note_discount,discount,business
note_discourage,discourage,action
note_discouraging,discouraging,mind
note_discourse,discourse,arts
note_discover,discover,action
note_discovery,discovery,abstract
note_discredit,discredit,abstract
note_discreet,discreet,mind
note_discrepancy,discrepancy,abstract
note_discrete,discrete,abstract
note_discretion,discretion,mind
note_discretionary,discretionary,abstract
note_discriminate,discriminate,action
note_discrimination,discrimination,abstract
note_discriminatory,discriminatory,abstract
note_discursive,discursive,abstract
note_discuss,discuss,action
note_discussion,discussion,abstract
note_disdain,disdain,mind
note_disease,disease,mind
note_diseases,diseases,mind
note_disembodied,disembodied,abstract
note_disembody,disembody,action
note_disenchant,disenchant,mind
note_disengage,disengage,action
note_disentangle,disentangle,action
note_disfigure,disfigure,action
note_disfranchise,disfranchise,society
note_disgorge,disgorge,action
note_disgrace,disgrace,abstract
note_disgruntle,disgruntle,mind
note_disguise,disguise,action
note_disgust,disgust,mind
note_disgusted,disgusted,mind
note_disgusting,disgusting,mind
note_dish,dish,life
note_dishearten,dishearten,mind
note_dishes,dishes,life
note_dishevel,dishevel,action
note_disheveled,disheveled,life
note_dishonour,dishonour,abstract
note_disillusion,disillusion,mind
note_disillusioned,disillusioned,mind
note_disinfect,disinfect,action
note_disinfectant,disinfectant,science
note_disintegrate,disintegrate,action
note_disinter,disinter,action
note_disinterested,disinterested,mind
note_disjunction,disjunction,abstract
note_disjunctive,disjunctive,abstract
note_disk,disk,tech
note_dislike,dislike,mind
note_dislocate,dislocate,action
note_dislodge,dislodge,action
note_dismal,dismal,mind
note_dismantle,dismantle,action
note_dismay,dismay,mind
note_dismember,dismember,action
note_dismembered,dismembered,action
note_dismiss,dismiss,action
note_disobedience,disobedience,abstract
note_disobey,disobey,action
note_disorder,disorder,abstract
note_disorganize,disorganize,action
note_disorient,disorient,mind
note_disown,disown,action
note_disparage,disparage,action
note_disparate,disparate,abstract
note_disparity,disparity,abstract
note_dispassionate,dispassionate,mind
note_dispatch,dispatch,action
note_dispel,dispel,action
note_dispensable,dispensable,abstract
note_dispense,dispense,action
note_dispersal,dispersal,action
note_disperse,disperse,action
note_displace,displace,action
note_displacement,displacement,abstract
note_display,display,action
note_displease,displease,mind
note_disport,disport,action
note_disposable,disposable,life
note_disposal,disposal,action
note_dispose,dispose,action
note_disposed,disposed,mind
note_disposition,disposition,mind
note_disproof,disproof,abstract
note_disproportionate,disproportionate,abstract
note_disprove,disprove,action
note_dispute,dispute,society
note_disputes,disputes,society
note_disquisition,disquisition,abstract
note_disregard,disregard,action
note_disreputable,disreputable,abstract
note_disrepute,disrepute,abstract
note_disrespect,disrespect,abstract
note_disrespectful,disrespectful,mind
note_disrupt,disrupt,action
note_disruptive,disruptive,action
note_dissatisfaction,dissatisfaction,mind
note_dissatisfy,dissatisfy,mind
note_dissect,dissect,action
note_dissection,dissection,science
note_dissemble,dissemble,action
note_disseminate,disseminate,action
note_dissension,dissension,abstract
note_dissent,dissent,society
note_dissenter,dissenter,society
note_dissenting,dissenting,society
note_dissertation,dissertation,abstract
note_disservice,disservice,abstract
note_dissident,dissident,society
note_dissimilar,dissimilar,abstract
note_dissimulate,dissimulate,action
note_dissipate,dissipate,action
note_dissipated,dissipated,mind
note_dissociate,dissociate,action
note_dissociation,dissociation,mind
note_dissolute,dissolute,mind
note_dissolve,dissolve,action
note_dissonance,dissonance,arts
note_dissonant,dissonant,arts
note_dissuade,dissuade,action
note_distain,distain,action
note_distal,distal,science
note_distance,distance,abstract
note_distant,distant,abstract
note_distasteful,distasteful,mind
note_distend,distend,action
note_distension,distension,mind
note_distent,distent,abstract
note_distention,distention,mind
note_distil,distil,action
note_distill,distill,action
note_distillation,distillation,science
note_distinct,distinct,abstract
note_distinction,distinction,abstract
note_distinctive,distinctive,abstract
note_distinctively,distinctively,abstract
note_distinctly,distinctly,abstract
note_distinguish,distinguish,action
note_distinguished,distinguished,abstract
note_distort,distort,action
note_distortion,distortion,abstract
note_distract,distract,mind
note_distracted,distracted,mind
note_distraction,distraction,mind
note_distrait,distrait,mind
note_distraught,distraught,mind
note_distress,distress,mind
note_distribute,distribute,action
note_distribution,distribution,business
note_district,district,society
note_disturb,disturb,action
note_disturbance,disturbance,abstract
note_disturbing,disturbing,mind
note_disunite,disunite,action
note_ditch,ditch,life
note_ditty,ditty,arts
note_diurnal,diurnal,abstract
note_diva,diva,arts
note_divagate,divagate,action
note_dive,dive,action
note_diver,diver,life
note_diverge,diverge,action
note_divergence,divergence,abstract
note_divergent,divergent,abstract
note_diverse,diverse,abstract
note_diversification,diversification,business
note_diversified,diversified,abstract
note_diversify,diversify,action
note_diversion,diversion,abstract
note_diversity,diversity,abstract
note_divert,divert,action
note_divest,divest,action
note_divestiture,divestiture,business
note_divide,divide,action
note_dividend,dividend,business
note_divine,divine,arts
note_division,division,abstract
note_divorce,divorce,society
note_divulge,divulge,action
note_dizziness,dizziness,mind
note_dizzy,dizzy,mind
note_dizzying,dizzying,mind
note_do,do,action
note_docile,docile,mind
note_dock,dock,life
note_doctor,doctor,life
note_doctorate,doctorate,abstract
note_doctors,doctors,life
note_doctrinaire,doctrinaire,abstract
note_doctrine,doctrine,abstract
note_document,document,business
note_documentary,documentary,arts
note_documentation,documentation,abstract
note_documents,documents,business
note_dodder,dodder,action
note_dodge,dodge,action
note_does,does,action
note_doff,doff,action
note_dog,dog,nature
note_dogged,dogged,mind
note_doggerel,doggerel,arts
note_doggo,doggo,life
note_dogma,dogma,abstract
note_dogmatic,dogmatic,mind
note_dogmatism,dogmatism,abstract
note_doldrums,doldrums,mind
note_dole,dole,society
note_doleful,doleful,mind
note_doll,doll,life
note_dollar,dollar,business
note_dolorous,dolorous,mind
note_dolphin,dolphin,nature
note_dolt,dolt,mind
note_domain,domain,abstract
note_dome,dome,life
note_domestic,domestic,life
note_domesticate,domesticate,action
note_domesticated,domesticated,nature
note_domicile,domicile,life
note_dominant,dominant,abstract
note_dominate,dominate,action
note_domination,domination,abstract
note_dominion,dominion,abstract
note_donate,donate,action
note_donation,donation,business
note_donations,donations,business
note_donkey,donkey,nature
note_donor,donor,society
note_doodle,doodle,arts
note_doom,doom,abstract
note_door,door,life
note_doors,doors,life
note_doorway,doorway,life
note_dorm,dorm,life
note_dormancy,dormancy,nature
note_dormant,dormant,abstract
note_dormitory,dormitory,life
note_dorsal,dorsal,mind
note_dose,dose,mind
note_dossier,dossier,business
note_dot,dot,abstract
note_dotage,dotage,life
note_dote,dote,mind
note_doting,doting,mind
note_double,double,abstract
note_double-cross,double-cross,action
note_doubt,doubt,mind
note_doubtful,doubtful,mind
note_doubtless,doubtless,mind
note_dour,dour,mind
note_douse,douse,action
note_dove,dove,nature
note_dowdy,dowdy,life
note_down,down,abstract
note_down-to-earth,down-to-earth,abstract
note_downcast,downcast,mind
note_download,download,tech
note_downplay,downplay,action
note_downpour,downpour,nature
note_downstairs,downstairs,life
note_downtown,downtown,society
note_downturn,downturn,business
note_downward,downward,abstract
note_dowry,dowry,society
note_doyen,doyen,society
note_doze,doze,life
note_dozen,dozen,abstract
note_dr,dr,abstract
note_drab,drab,abstract
note_draconian,draconian,society
note_draft,draft,action
note_draftsmanship,draftsmanship,arts
note_drag,drag,action
note_dragon,dragon,nature
note_dragonfly,dragonfly,nature
note_drain,drain,action
note_drainage,drainage,nature
note_drama,drama,arts
note_dramatic,dramatic,arts
note_dramatically,dramatically,arts
note_dramatize,dramatize,arts
note_drastic,drastic,abstract
note_draw,draw,action
note_drawback,drawback,abstract
note_drawbridge,drawbridge,life
note_drawer,drawer,life
note_drawing,drawing,arts
note_drawl,drawl,action
note_draws,draws,action
note_dread,dread,mind
note_dreadful,dreadful,mind
note_dreadfully,dreadfully,mind
note_dream,dream,mind
note_dreary,dreary,mind
note_dregs,dregs,abstract
note_drench,drench,action
note_drenched,drenched,action
note_dress,dress,life
note_dressing,dressing,life
note_dribble,dribble,action
note_drier,drier,life
note_drift,drift,action
note_driftwood,driftwood,nature
note_drill,drill,action
note_drink,drink,life
note_drinking,drinking,life
note_drinks,drinks,life
note_drip,drip,action
note_dripstone,dripstone,nature
note_drive,drive,action
note_drivel,drivel,mind
note_driver,driver,business
note_driving,driving,action
note_drizzle,drizzle,nature
note_drizzly,drizzly,nature
note_droll,droll,mind
note_drollery,drollery,arts
note_drone,drone,nature
note_droop,droop,action
note_drop,drop,action
note_drop-off,drop-off,action
note_drop-out,drop-out,action
note_droplet,droplet,nature
note_dropout,dropout,society
note_dross,dross,abstract
note_drought,drought,nature
note_drove,drove,nature
note_drown,drown,action
note_drowse,drowse,life
note_drowsiness,drowsiness,mind
note_drowsy,drowsy,mind
note_drub,drub,action
note_drudgery,drudgery,life
note_drug,drug,mind
note_drugs,drugs,mind
note_drum,drum,arts
note_drunk,drunk,life
note_dry,dry,nature
note_dual,dual,abstract
note_dub,dub,arts
note_dubious,dubious,mind
note_duck,duck,nature
note_duckling,duckling,nature
note_duct,duct,life
note_ductile,ductile,science
note_due,due,abstract
note_duel,duel,society
note_dues,dues,business
note_duet,duet,arts
note_duke,duke,society
note_dulcet,dulcet,arts
note_dull,dull,abstract
note_dullard,dullard,mind
note_dully,dully,abstract
note_duly,duly,abstract
note_dumb,dumb,mind
note_dumbfound,dumbfound,mind
note_dummy,dummy,life
note_dump,dump,action
note_dumpling,dumpling,life
note_dunce,dunce,society
note_dune,dune,nature
note_dungeon,dungeon,life
note_dupe,dupe,action
note_duplicate,duplicate,abstract
note_duplicitous,duplicitous,mind
note_duplicity,duplicity,mind
note_durable,durable,abstract
note_duration,duration,abstract
note_duress,duress,society
note_during,during,none
note_dusk,dusk,nature
note_dusky,dusky,nature
note_dust,dust,nature
note_dustbin,dustbin,life
note_dusty,dusty,nature
note_duties,duties,society
note_dutiful,dutiful,mind
note_duty,duty,society
note_dvd,dvd,tech
note_dwarf,dwarf,mind
note_dwell,dwell,life
note_dweller,dweller,life
note_dwelling,dwelling,life
note_dwindle,dwindle,action
note_dye,dye,arts
note_dying,dying,life
note_dynamic,dynamic,abstract
note_dynamical,dynamical,science
note_dynamics,dynamics,science
note_dynamo,dynamo,tech
note_dynasty,dynasty,society
note_dysfunctional,dysfunctional,mind
note_dyslexia,dyslexia,mind
note_dyspeptic,dyspeptic,mind
note_each,each,none
note_eager,eager,mind
note_eagle,eagle,nature
note_eaglet,eaglet,nature
note_ear,ear,mind
note_early,early,abstract
note_earn,earn,business
note_earnest,earnest,mind
note_earnings,earnings,business
note_earplug,earplug,life
note_earring,earring,life
note_earshot,earshot,abstract
note_earsplitting,earsplitting,abstract
note_earth,earth,nature
note_earthenware,earthenware,arts
note_earthly,earthly,abstract
note_earthquake,earthquake,nature
note_earthshaking,earthshaking,abstract
note_earthy,earthy,abstract
note_ease,ease,mind
note_easel,easel,arts
note_easily,easily,abstract
note_east,east,nature
note_easter,easter,arts
note_eastern,eastern,nature
note_eastward,eastward,nature
note_eastwards,eastwards,nature
note_easy,easy,abstract
note_eat,eat,life
note_eavesdrop,eavesdrop,action
note_ebb,ebb,nature
note_ebullience,ebullience,mind
note_eccentric,eccentric,mind
note_eccentricity,eccentricity,mind
note_ecdysis,ecdysis,nature
note_echo,echo,action
note_eclat,eclat,abstract
note_eclectic,eclectic,abstract
note_eclecticism,eclecticism,abstract
note_eclipse,eclipse,nature
note_eclogue,eclogue,arts
note_ecological,ecological,nature
note_ecologist,ecologist,science
note_ecology,ecology,science
note_economic,economic,business
note_economical,economical,business
note_economically,economically,business
note_economics,economics,business
note_economize,economize,business
note_economy,economy,business
note_ecosystem,ecosystem,nature
note_ecstasy,ecstasy,mind
note_ecstatic,ecstatic,mind
note_ecumenical,ecumenical,arts
note_eddy,eddy,nature
note_edentate,edentate,nature
note_edge,edge,abstract
note_edible,edible,life
note_edict,edict,society
note_edifice,edifice,life
note_edify,edify,abstract
note_edit,edit,arts
note_edition,edition,arts
note_editor,editor,arts
note_editorial,editorial,arts
note_educable,educable,abstract
note_educate,educate,action
note_educated,educated,abstract
note_education,education,abstract
note_educational,educational,abstract
note_educator,educator,society
note_educe,educe,abstract
note_eerie,eerie,mind
note_efface,efface,action
note_effect,effect,abstract
note_effective,effective,abstract
note_effectively,effectively,abstract
note_effectiveness,effectiveness,abstract
note_effects,effects,abstract
note_effeminate,effeminate,mind
note_effervesce,effervesce,science
note_effete,effete,abstract
note_efficacious,efficacious,abstract
note_efficacy,efficacy,abstract
note_efficiency,efficiency,abstract
note_efficient,efficient,abstract
note_effigy,effigy,arts
note_effluent,effluent,nature
note_effluvia,effluvia,abstract
note_effort,effort,action
note_effrontery,effrontery,society
note_effulgent,effulgent,nature
note_egalitarian,egalitarian,society
note_egg,egg,life
note_eggplant,eggplant,life
note_eggshell,eggshell,life
note_ego,ego,mind
note_egocentric,egocentric,mind
note_egoism,egoism,abstract
note_egotist,egotist,mind
note_egregious,egregious,abstract
note_egress,egress,action
note_egyptian,egyptian,society
note_eight,eight,abstract
note_eighteen,eighteen,abstract
note_eighth,eighth,abstract
note_eighty,eighty,abstract
note_either,either,none
note_ejaculate,ejaculate,mind
note_eject,eject,action
note_eke,eke,action
note_elaborate,elaborate,abstract
note_elaborately,elaborately,abstract
note_elaboration,elaboration,abstract
note_elapse,elapse,abstract
note_elastic,elastic,science
note_elasticity,elasticity,science
note_elated,elated,mind
note_elation,elation,mind
note_elbow,elbow,mind
note_elder,elder,life
note_elderly,elderly,life
note_elect,elect,society
note_election,election,society
note_electorate,electorate,society
note_electric,electric,tech
note_electrical,electrical,tech
note_electrician,electrician,business
note_electricity,electricity,tech
note_electrode,electrode,tech
note_electromagnetic,electromagnetic,science
note_electron,electron,science
note_electronic,electronic,tech
note_electronics,electronics,tech
note_elegance,elegance,abstract
note_elegant,elegant,abstract
note_elegy,elegy,arts
note_element,element,science
note_elemental,elemental,science
note_elementary,elementary,abstract
note_elements,elements,science
note_elephant,elephant,nature
note_elephantine,elephantine,nature
note_elevate,elevate,action
note_elevation,elevation,abstract
note_elevator,elevator,tech
note_eleven,eleven,abstract
note_elicit,elicit,action
note_eligible,eligible,society
note_eliminate,eliminate,action
note_elimination,elimination,action
note_elite,elite,society
note_elixir,elixir,mind
note_ellipsis,ellipsis,abstract
note_elliptical,elliptical,science
note_elm,elm,nature
note_elocution,elocution,arts
note_elongate,elongate,action
note_eloquence,eloquence,arts
note_eloquent,eloquent,arts
note_else,else,none
note_elsewhere,elsewhere,none
note_elucidate,elucidate,abstract
note_elude,elude,mind
note_elusive,elusive,mind
note_emaciate,emaciate,mind
note_emaciated,emaciated,mind
note_emaciation,emaciation,mind
note_email,email,tech
note_emanate,emanate,action
note_emancipate,emancipate,abstract
note_emancipation,emancipation,abstract
note_emasculate,emasculate,mind
note_embalm,embalm,action
note_embankment,embankment,life
note_embargo,embargo,society
note_embark,embark,action
note_embarrass,embarrass,mind
note_embassy,embassy,society
note_embed,embed,tech
note_embellish,embellish,arts
note_embellishment,embellishment,arts
note_embezzle,embezzle,action
note_embezzlement,embezzlement,society
note_embitter,embitter,mind
note_emblazon,emblazon,arts
note_emblem,emblem,arts
note_emblematic,emblematic,abstract
note_embodiment,embodiment,abstract
note_embody,embody,abstract
note_embolden,embolden,mind
note_embosom,embosom,mind
note_emboss,emboss,arts
note_embrace,embrace,action
note_embroider,embroider,arts
note_embroidery,embroidery,arts
note_embroil,embroil,action
note_embryo,embryo,science
note_embryological,embryological,science
note_embryonic,embryonic,science
note_emend,emend,action
note_emerald,emerald,nature
note_emerge,emerge,action
note_emergence,emergence,action
note_emergencies,emergencies,mind
note_emergency,emergency,mind
note_emerging,emerging,action
note_emigrant,emigrant,society
note_emigrate,emigrate,action
note_eminence,eminence,society
note_eminent,eminent,society
note_emissary,emissary,society
note_emission,emission,science
note_emit,emit,action
note_emollient,emollient,mind
note_emolument,emolument,business
note_emote,emote,action
note_emotion,emotion,mind
note_emotional,emotional,mind
note_empathy,empathy,mind
note_emperor,emperor,society
note_emphasis,emphasis,arts
note_emphasize,emphasize,arts
note_emphatic,emphatic,arts
note_empire,empire,society
note_empirical,empirical,abstract
note_empiricism,empiricism,abstract
note_employ,employ,business
note_employee,employee,business
note_employees,employees,business
note_employer,employer,business
note_employment,employment,business
note_empower,empower,mind
note_empty,empty,action
note_empyreal,empyreal,nature
note_empyrean,empyrean,nature
note_emulate,emulate,action
note_emulsify,emulsify,science
note_enable,enable,action
note_enact,enact,society
note_enactment,enactment,society
note_enamel,enamel,tech
note_enamored,enamored,mind
note_encapsulate,encapsulate,action
note_encase,encase,action
note_enchant,enchant,arts
note_encipher,encipher,tech
note_enclose,enclose,action
note_enclosure,enclosure,action
note_encomiast,encomiast,arts
note_encomium,encomium,arts
note_encompass,encompass,action
note_encounter,encounter,action
note_encourage,encourage,mind
note_encouragement,encouragement,mind
note_encroach,encroach,action
note_encumber,encumber,action
note_encyclopedia,encyclopedia,abstract
note_encyclopedic,encyclopedic,abstract
note_end,end,action
note_endanger,endanger,action
note_endangered,endangered,nature
note_endearing,endearing,mind
note_endeavor,endeavor,action
note_endeavour,endeavour,action
note_endemic,endemic,science
note_ending,ending,action
note_endless,endless,abstract
note_endlessly,endlessly,abstract
note_endorse,endorse,action
note_endotherm,endotherm,science
note_endotoxin,endotoxin,science
note_endow,endow,action
note_endowment,endowment,business
note_endue,endue,mind
note_endurance,endurance,mind
note_endure,endure,action
note_enduring,enduring,abstract
note_enemy,enemy,society
note_energetic,energetic,science
note_energies,energies,science
note_energize,energize,action
note_energy,energy,science
note_enervate,enervate,mind
note_enfeeble,enfeeble,action
note_enfetter,enfetter,action
note_enflame,enflame,action
note_enforce,enforce,society
note_engage,engage,action
note_engaged,engaged,mind
note_engagement,engagement,action
note_engaging,engaging,mind
note_engender,engender,action
note_engine,engine,tech
note_engineer,engineer,tech
note_engineering,engineering,tech
note_engineers,engineers,tech
note_england,england,society
note_english,english,arts
note_englishman,englishman,society
note_engrave,engrave,arts
note_engraving,engraving,arts
note_engross,engross,mind
note_engrossment,engrossment,mind
note_engulf,engulf,action
note_enhance,enhance,action
note_enigma,enigma,abstract
note_enigmatic,enigmatic,abstract
note_enjoin,enjoin,action
note_enjoy,enjoy,mind
note_enjoyable,enjoyable,mind
note_enlarge,enlarge,action
note_enlighten,enlighten,mind
note_enlightening,enlightening,mind
note_enlightenment,enlightenment,mind
note_enlist,enlist,society
note_enliven,enliven,action
note_enmesh,enmesh,action
note_enmity,enmity,mind
note_ennoble,ennoble,mind
note_ennui,ennui,mind
note_enormity,enormity,abstract
note_enormous,enormous,abstract
note_enough,enough,abstract
note_enquire,enquire,action
note_enquiry,enquiry,action
note_enrage,enrage,mind
note_enrapture,enrapture,mind
note_enrich,enrich,action
note_enroll,enroll,action
note_enrollment,enrollment,action
note_enrolment,enrolment,action
note_ensconce,ensconce,action
note_ensemble,ensemble,arts
note_enshrine,enshrine,mind
note_ensign,ensign,society
note_enslave,enslave,society
note_ensnare,ensnare,action
note_ensue,ensue,action
note_ensure,ensure,action
note_entail,entail,action
note_entangle,entangle,action
note_entanglement,entanglement,abstract
note_enter,enter,action
note_enterprise,enterprise,business
note_enterprising,enterprising,mind
note_entertain,entertain,action
note_entertainer,entertainer,arts
note_entertainment,entertainment,arts
note_enthral,enthral,mind
note_enthrall,enthrall,mind
note_enthralling,enthralling,mind
note_enthusiasm,enthusiasm,mind
note_enthusiastic,enthusiastic,mind
note_enthusiastically,enthusiastically,mind
note_entice,entice,mind
note_entire,entire,abstract
note_entirety,entirety,abstract
note_entitle,entitle,action
note_entitled,entitled,action
note_entity,entity,abstract
note_entourage,entourage,society
note_entrance,entrance,action
note_entrancing,entrancing,mind
note_entrap,entrap,action
note_entreat,entreat,mind
note_entreaty,entreaty,mind
note_entrench,entrench,action
note_entrenched,entrenched,abstract
note_entrepreneur,entrepreneur,business
note_entrust,entrust,action
note_entry,entry,action
note_entwine,entwine,action
note_enumerate,enumerate,action
note_enunciate,enunciate,action
note_envelop,envelop,action
note_envelope,envelope,life
note_envious,envious,mind
note_environ,environ,action
note_environment,environment,nature
note_environmental,environmental,nature
note_environs,environs,nature
note_envisage,envisage,mind
note_envision,envision,mind
note_envoy,envoy,society
note_envy,envy,mind
note_enzyme,enzyme,science
note_epaulet,epaulet,life
note_ephemeral,ephemeral,abstract
note_epic,epic,arts
note_epicure,epicure,mind
note_epicurean,epicurean,mind
note_epidemic,epidemic,science
note_epidermis,epidermis,science
note_epigram,epigram,arts
note_epilogue,epilogue,arts
note_episode,episode,abstract
note_episodic,episodic,abstract
note_epitaph,epitaph,arts
note_epithet,epithet,arts
note_epitome,epitome,abstract
note_epitomize,epitomize,action
note_epoch,epoch,abstract
note_equable,equable,mind
note_equal,equal,abstract
note_equality,equality,abstract
note_equanimity,equanimity,mind
note_equate,equate,action
note_equation,equation,science
note_equator,equator,nature
note_equestrian,equestrian,arts
note_equilibrium,equilibrium,science
note_equine,equine,nature
note_equip,equip,action
note_equipe,equipe,abstract
note_equipment,equipment,tech
note_equitable,equitable,abstract
note_equity,equity,business
note_equivalent,equivalent,abstract
note_equivocal,equivocal,abstract
note_equivocate,equivocate,mind
note_equivocation,equivocation,abstract
note_era,era,abstract
note_eradicate,eradicate,action
note_erase,erase,action
note_eraser,eraser,life
note_erasure,erasure,action
note_erect,erect,action
note_erode,erode,action
note_erosion,erosion,action
note_err,err,mind
note_errand,errand,life
note_erratic,erratic,abstract
note_erratically,erratically,abstract
note_erroneous,erroneous,abstract
note_error,error,abstract
note_ersatz,ersatz,abstract
note_erstwhile,erstwhile,abstract
note_erudite,erudite,mind
note_erupt,erupt,action
note_eruption,eruption,nature
note_escalate,escalate,action
note_escalation,escalation,abstract
note_escalator,escalator,tech
note_escape,escape,action
note_escapism,escapism,mind
note_escapist,escapist,mind
note_eschew,eschew,action
note_escort,escort,action
note_esophagus,esophagus,mind
note_esoteric,esoteric,abstract
note_especially,especially,abstract
note_espionage,espionage,society
note_espousal,espousal,abstract
note_espouse,espouse,action
note_espy,espy,action
note_essay,essay,arts
note_essence,essence,abstract
note_essential,essential,abstract
note_establish,establish,action
note_establishment,establishment,society
note_estate,estate,business
note_esteem,esteem,mind
note_esthetic,esthetic,arts
note_estimable,estimable,abstract
note_estimate,estimate,business
note_estrange,estrange,mind
note_estranged,estranged,mind
note_estuary,estuary,nature
note_etch,etch,action
note_etching,etching,arts
note_eternal,eternal,abstract
note_ethereal,ethereal,abstract
note_ethic,ethic,abstract
note_ethical,ethical,abstract
note_ethically,ethically,abstract
note_ethics,ethics,abstract
note_ethnic,ethnic,society
note_ethnology,ethnology,science
note_ethos,ethos,abstract
note_etiquette,etiquette,society
note_etymology,etymology,arts
note_eucalyptus,eucalyptus,nature
note_eugenic,eugenic,science
note_eulogistic,eulogistic,arts
note_eulogize,eulogize,action
note_eulogy,eulogy,arts
note_euphemism,euphemism,arts
note_euphonious,euphonious,arts
note_euphony,euphony,arts
note_euphoria,euphoria,mind
note_europe,europe,society
note_european,european,society
note_evacuate,evacuate,action
note_evade,evade,action
note_evaluate,evaluate,mind
note_evaluation,evaluation,abstract
note_evanescent,evanescent,abstract
note_evaporate,evaporate,science
note_evaporation,evaporation,science
note_evasion,evasion,abstract
note_evasive,evasive,mind
note_eve,eve,life
note_even,even,abstract
note_even-tempered,even-tempered,mind
note_evenhanded,evenhanded,abstract
note_evening,evening,life
note_evenly,evenly,abstract
note_event,event,abstract
note_eventful,eventful,abstract
note_eventual,eventual,abstract
note_eventually,eventually,abstract
note_ever,ever,abstract
note_evergreen,evergreen,nature
note_everlasting,everlasting,abstract
note_every,every,abstract
note_everybody,everybody,abstract
note_everyday,everyday,life
note_everyone,everyone,abstract
note_everything,everything,abstract
note_everywhere,everywhere,abstract
note_evict,evict,action
note_eviction,eviction,society
note_evidence,evidence,abstract
note_evident,evident,abstract
note_evil,evil,abstract
note_evince,evince,action
note_eviscerate,eviscerate,action
note_evocative,evocative,mind
note_evoke,evoke,mind
note_evolution,evolution,science
note_evolutionary,evolutionary,science
note_evolve,evolve,action
note_ewe,ewe,nature
note_ewer,ewer,life
note_exacerbate,exacerbate,action
note_exact,exact,abstract
note_exacting,exacting,abstract
note_exactitude,exactitude,abstract
note_exactly,exactly,abstract
note_exaggerate,exaggerate,action
note_exaggeration,exaggeration,abstract
note_exalt,exalt,action
note_exaltation,exaltation,mind
note_exalted,exalted,mind
note_exam,exam,education
note_examination,examination,education
note_examine,examine,action
note_example,example,abstract
note_examples,examples,abstract
note_exams,exams,education
note_exasperate,exasperate,mind
note_excavate,excavate,action
note_excavation,excavation,action
note_exceed,exceed,action
note_exceedingly,exceedingly,abstract
note_excel,excel,action
note_excellent,excellent,abstract
note_except,except,abstract
note_exception,exception,abstract
note_exceptionable,exceptionable,abstract
note_exceptional,exceptional,abstract
note_exceptionally,exceptionally,abstract
note_excerpt,excerpt,arts
note_excess,excess,abstract
note_excessive,excessive,abstract
note_excessively,excessively,abstract
note_exchange,exchange,business
note_exchequer,exchequer,business
note_excise,excise,action
note_excitability,excitability,mind
note_excitable,excitable,mind
note_excite,excite,mind
note_excitement,excitement,mind
note_exciting,exciting,mind
note_exclaim,exclaim,action
note_exclamation,exclamation,arts
note_exclude,exclude,action
note_exclusion,exclusion,abstract
note_exclusive,exclusive,abstract
note_exclusively,exclusively,abstract
note_excogitate,excogitate,mind
note_excoriate,excoriate,action
note_excrement,excrement,nature
note_excrete,excrete,action
note_excruciate,excruciate,mind
note_exculpate,exculpate,action
note_excursion,excursion,life
note_excursive,excursive,mind
note_excuse,excuse,action
note_execrable,execrable,abstract
note_execrate,execrate,mind
note_execration,execration,mind
note_execute,execute,action
note_execution,execution,society
note_executive,executive,society
note_exemplary,exemplary,abstract
note_exemplify,exemplify,action
note_exempt,exempt,action
note_exemption,exemption,society
note_exercise,exercise,life
note_exert,exert,action
note_exertion,exertion,action
note_exhale,exhale,action
note_exhaust,exhaust,action
note_exhausted,exhausted,mind
note_exhausting,exhausting,mind
note_exhaustion,exhaustion,mind
note_exhaustive,exhaustive,abstract
note_exhibit,exhibit,action
note_exhibition,exhibition,arts
note_exhilarate,exhilarate,mind
note_exhilarating,exhilarating,mind
note_exhilaration,exhilaration,mind
note_exhort,exhort,action
note_exhume,exhume,action
note_exigent,exigent,abstract
note_exiguous,exiguous,abstract
note_exile,exile,society
note_exist,exist,action
note_existence,existence,abstract
note_existent,existent,abstract
note_existential,existential,abstract
note_existing,existing,abstract
note_exit,exit,action
note_exocrine,exocrine,science
note_exodus,exodus,society
note_exonerate,exonerate,society
note_exorbitant,exorbitant,abstract
note_exorcise,exorcise,arts
note_exotic,exotic,abstract
note_expand,expand,action
note_expanding,expanding,action
note_expanse,expanse,abstract
note_expansion,expansion,action
note_expansive,expansive,abstract
note_expatiate,expatiate,arts
note_expatriate,expatriate,society
note_expect,expect,mind
note_expectancy,expectancy,mind
note_expectation,expectation,mind
note_expediency,expediency,abstract
note_expedient,expedient,abstract
note_expedite,expedite,action
note_expedition,expedition,society
note_expeditious,expeditious,abstract
note_expel,expel,action
note_expend,expend,business
note_expenditure,expenditure,business
note_expense,expense,business
note_expenses,expenses,business
note_expensive,expensive,abstract
note_experience,experience,mind
note_experienced,experienced,mind
note_experiment,experiment,science
note_experimental,experimental,science
note_experimentally,experimentally,science
note_experimentation,experimentation,science
note_experiments,experiments,science
note_expert,expert,mind
note_expertise,expertise,mind
note_expiate,expiate,mind
note_expiation,expiation,mind
note_expiration,expiration,action
note_expire,expire,action
note_explain,explain,arts
note_explanation,explanation,arts
note_explicable,explicable,abstract
note_explicate,explicate,arts
note_explicit,explicit,abstract
note_explode,explode,action
note_exploit,exploit,action
note_exploitation,exploitation,abstract
note_exploration,exploration,action
note_explore,explore,action
note_explorer,explorer,society
note_explosion,explosion,action
note_explosive,explosive,action
note_exponent,exponent,abstract
note_exponential,exponential,science
note_exponentially,exponentially,science
note_export,export,business
note_expose,expose,action
note_exposition,exposition,arts
note_expository,expository,arts
note_expostulate,expostulate,arts
note_exposure,exposure,abstract
note_expound,expound,arts
note_express,express,action
note_expression,expression,arts
note_expressive,expressive,abstract
note_expressly,expressly,abstract
note_expropriate,expropriate,society
note_expulsion,expulsion,action
note_expunge,expunge,action
note_expurgate,expurgate,action
note_exquisite,exquisite,abstract
note_extant,extant,abstract
note_extemporaneous,extemporaneous,mind
note_extemporize,extemporize,mind
note_extend,extend,action
note_extended,extended,action
note_extension,extension,abstract
note_extensive,extensive,abstract
note_extent,extent,abstract
note_extenuate,extenuate,mind
note_exterior,exterior,abstract
note_exterminate,exterminate,action
note_external,external,abstract
note_externalize,externalize,mind
note_extinct,extinct,nature
note_extinction,extinction,nature
note_extinguish,extinguish,action
note_extirpation,extirpation,action
note_extol,extol,action
note_extort,extort,action
note_extra,extra,abstract
note_extract,extract,action
note_extraction,extraction,action
note_extracurricular,extracurricular,society
note_extradite,extradite,society
note_extraneous,extraneous,abstract
note_extraordinarily,extraordinarily,abstract
note_extraordinary,extraordinary,abstract
note_extrapolate,extrapolate,science
note_extravagance,extravagance,abstract
note_extravagant,extravagant,abstract
note_extreme,extreme,abstract
note_extremely,extremely,abstract
note_extremist,extremist,society
note_extremity,extremity,abstract
note_extricable,extricable,abstract
note_extricate,extricate,action
note_extrinsic,extrinsic,abstract
note_extrovert,extrovert,mind
note_extrude,extrude,action
note_exuberance,exuberance,mind
note_exuberant,exuberant,mind
note_exude,exude,action
note_exult,exult,mind
note_exultant,exultant,mind
note_eye,eye,life
note_eye-catching,eye-catching,abstract
note_eyebrow,eyebrow,life
note_eyesight,eyesight,life
note_eyewitness,eyewitness,society
note_f,f,abstract
note_fable,fable,arts
note_fabric,fabric,life
note_fabricate,fabricate,action
note_fabrication,fabrication,action
note_fabulous,fabulous,abstract
note_facade,facade,life
note_face,face,life
note_facelift,facelift,action
note_facet,facet,abstract
note_facetious,facetious,mind
note_facial,facial,life
note_facile,facile,abstract
note_facilitate,facilitate,action
note_facilitation,facilitation,action
note_facilities,facilities,business
note_facility,facility,business
note_facsimile,facsimile,tech
note_fact,fact,abstract
note_faction,faction,society
note_factious,factious,mind
note_factitious,factitious,abstract
note_factor,factor,business
note_factorable,factorable,abstract
note_factories,factories,business
note_factors,factors,business
note_factory,factory,business
note_factotum,factotum,society
note_factual,factual,abstract
note_faculty,faculty,mind
note_fad,fad,mind
note_faddish,faddish,mind
note_fade,fade,action
note_fag,fag,life
note_fagot,fagot,life
note_fahrenheit,fahrenheit,science
note_fail,fail,action
note_fail-safe,fail-safe,tech
note_failure,failure,abstract
note_faint,faint,mind
note_fainthearted,fainthearted,mind
note_fair,fair,abstract
note_fairly,fairly,abstract
note_fairness,fairness,abstract
note_fairy,fairy,arts
note_faith,faith,mind
note_faithful,faithful,mind
note_faithfulness,faithfulness,mind
note_fake,fake,abstract
note_falcon,falcon,nature
note_falconer,falconer,society
note_falcons,falcons,nature
note_fall,fall,action
note_fallacious,fallacious,abstract
note_fallacy,fallacy,mind
note_fallibility,fallibility,mind
note_fallible,fallible,mind
note_fallow,fallow,nature
note_false,false,abstract
note_falsehood,falsehood,abstract
note_falsify,falsify,action
note_falter,falter,action
note_fame,fame,mind
note_familiar,familiar,mind
note_familiarity,familiarity,mind
note_familiarize,familiarize,mind
note_families,families,society
note_family,family,society
note_famine,famine,society
note_famish,famish,life
note_famous,famous,mind
note_fan,fan,life
note_fanatic,fanatic,mind
note_fanatical,fanatical,mind
note_fanaticism,fanaticism,mind
note_fanciful,fanciful,mind
note_fancy,fancy,mind
note_fanfare,fanfare,arts
note_fang,fang,nature
note_fantasia,fantasia,arts
note_fantastic,fantastic,abstract
note_fantasy,fantasy,abstract
note_far,far,none
note_far-reaching,far-reaching,abstract
note_farce,farce,arts
note_fare,fare,life
note_farewell,farewell,abstract
note_farm,farm,nature
note_farmer,farmer,life
note_farmers,farmers,life
note_farming,farming,nature
note_farms,farms,nature
note_farrow,farrow,nature
note_farther,farther,none
note_fascia,fascia,science
note_fascinate,fascinate,mind
note_fascinating,fascinating,mind
note_fascination,fascination,mind
note_fashion,fashion,arts
note_fashionable,fashionable,arts
note_fast,fast,action
note_fasten,fasten,action
note_fastener,fastener,action
note_fastidious,fastidious,mind
note_fastness,fastness,abstract
note_fat,fat,life
note_fatal,fatal,mind
note_fatalism,fatalism,mind
note_fate,fate,abstract
note_fateful,fateful,abstract
note_father,father,life
note_father-in-law,father-in-law,life
note_fathom,fathom,abstract
note_fatigue,fatigue,mind
note_fatten,fatten,action
note_fatuity,fatuity,mind
note_fatuous,fatuous,mind
note_faucet,faucet,life
note_fault,fault,abstract
note_faultfinder,faultfinder,mind
note_faultless,faultless,abstract
note_faulty,faulty,abstract
note_fauna,fauna,nature
note_favor,favor,mind
note_favorable,favorable,mind
note_favored,favored,mind
note_favorite,favorite,mind
note_favour,favour,mind
note_favourable,favourable,mind
note_favourite,favourite,mind
note_fawn,fawn,nature
note_fax,fax,tech
note_faze,faze,mind
note_fealty,fealty,society
note_fear,fear,mind
note_fearful,fearful,mind
note_fearless,fearless,mind
note_feasible,feasible,abstract
note_feast,feast,life
note_feat,feat,abstract
note_feather,feather,nature
note_feature,feature,abstract
note_features,features,abstract
note_febrile,febrile,mind
note_february,february,none
note_feckless,feckless,mind
note_fecund,fecund,nature
note_fecundity,fecundity,nature
note_federal,federal,society
note_federation,federation,society
note_fee,fee,business
note_feeble,feeble,mind
note_feed,feed,action
note_feedback,feedback,abstract
note_feeder,feeder,life
note_feel,feel,mind
note_feeling,feeling,mind
note_fees,fees,business
note_feet,feet,life
note_feign,feign,action
note_feigned,feigned,action
note_feint,feint,action
note_feisty,feisty,mind
note_felicitate,felicitate,mind
note_felicitous,felicitous,mind
note_feline,feline,nature
note_fell,fell,action
note_fellow,fellow,life
note_fellowship,fellowship,abstract
note_felon,felon,society
note_felony,felony,society
note_felt,felt,action
note_female,female,nature
note_feminine,feminine,mind
note_feminism,feminism,society
note_feminist,feminist,society
note_fence,fence,life
note_fencing,fencing,arts
note_fend,fend,action
note_fender,fender,life
note_feral,feral,nature
note_ferment,ferment,science
note_fermentation,fermentation,science
note_fern,fern,nature
note_ferocious,ferocious,mind
note_ferret,ferret,nature
note_ferries,ferries,life
note_ferromagnetic,ferromagnetic,science
note_ferrous,ferrous,science
note_ferry,ferry,life
note_fertile,fertile,nature
note_fertilize,fertilize,nature
note_fertilizer,fertilizer,nature
note_fervent,fervent,mind
note_fervid,fervid,mind
note_fervor,fervor,mind
note_festal,festal,arts
note_fester,fester,mind
note_festival,festival,arts
note_festive,festive,mind
note_fetch,fetch,action
note_fete,fete,life
note_fetid,fetid,nature
note_fetish,fetish,mind
note_fetter,fetter,action
note_fetus,fetus,science
note_feud,feud,society
note_feudal,feudal,society
note_fever,fever,mind
note_feverish,feverish,mind
note_few,few,none
note_fiasco,fiasco,abstract
note_fiat,fiat,society
note_fiber,fiber,science
note_fibre,fibre,science
note_fickle,fickle,mind
note_fiction,fiction,arts
note_fictional,fictional,arts
note_fictitious,fictitious,arts
note_fidelity,fidelity,abstract
note_fidget,fidget,mind
note_field,field,nature
note_fiend,fiend,mind
note_fierce,fierce,mind
note_fifteen,fifteen,none
note_fifth,fifth,none
note_fifty,fifty,none
note_fig,fig,nature
note_fight,fight,action
note_fighter,fighter,life
note_figment,figment,abstract
note_figurative,figurative,arts
note_figure,figure,abstract
note_figurehead,figurehead,society
note_figures,figures,abstract
note_figurine,figurine,arts
note_filament,filament,science
note_filch,filch,action
note_file,file,tech
note_filial,filial,mind
note_filibuster,filibuster,society
note_filigree,filigree,arts
note_filings,filings,science
note_fill,fill,action
note_fillet,fillet,life
note_filly,filly,nature
note_film,film,arts
note_filmed,filmed,arts
note_filter,filter,tech
note_filth,filth,life
note_filthy,filthy,life
note_finable,finable,society
note_final,final,abstract
note_finale,finale,arts
note_finally,finally,none
note_finance,finance,business
note_financial,financial,business
note_financing,financing,business
note_finch,finch,nature
note_find,find,action
note_finding,finding,abstract
note_fine,fine,abstract
note_finely,finely,abstract
note_finery,finery,arts
note_finesse,finesse,abstract
note_finger,finger,life
note_fingernail,fingernail,life
note_fingers,fingers,life
note_fingertip,fingertip,life
note_finicky,finicky,mind
note_finish,finish,action
note_finite,finite,abstract
note_fir,fir,nature
note_fire,fire,nature
note_firearm,firearm,society
note_firebrand,firebrand,society
note_firefighter,firefighter,life
note_firefly,firefly,nature
note_fireman,fireman,life
note_fireplace,fireplace,life
note_fireproof,fireproof,action
note_firewood,firewood,life
note_firework,firework,life
note_firm,firm,abstract
note_firmly,firmly,abstract
note_firmness,firmness,abstract
note_firms,firms,business
note_first,first,abstract
note_first-aid,first-aid,life
note_first-rate,first-rate,abstract
note_fiscal,fiscal,business
note_fish,fish,life
note_fisherman,fisherman,life
note_fishery,fishery,life
note_fishing,fishing,life
note_fishy,fishy,mind
note_fissile,fissile,science
note_fission,fission,science
note_fissure,fissure,science
note_fist,fist,life
note_fit,fit,mind
note_fitful,fitful,mind
note_fitness,fitness,mind
note_fitting,fitting,abstract
note_fittingly,fittingly,abstract
note_five,five,abstract
note_fix,fix,action
note_fixate,fixate,mind
note_fixed,fixed,abstract
note_fixture,fixture,life
note_flabby,flabby,life
note_flaccid,flaccid,life
note_flag,flag,society
note_flagella,flagella,science
note_flagellate,flagellate,science
note_flagging,flagging,action
note_flaggy,flaggy,nature
note_flagrant,flagrant,mind
note_flail,flail,action
note_flair,flair,mind
note_flak,flak,society
note_flake,flake,action
note_flamboyant,flamboyant,mind
note_flame,flame,nature
note_flaming,flaming,action
note_flammable,flammable,science
note_flange,flange,tech
note_flank,flank,action
note_flannel,flannel,life
note_flap,flap,action
note_flare,flare,action
note_flash,flash,action
note_flashlight,flashlight,tech
note_flashy,flashy,mind
note_flask,flask,life
note_flat,flat,life
note_flatcar,flatcar,tech
note_flats,flats,life
note_flatten,flatten,action
note_flatter,flatter,mind
note_flattering,flattering,mind
note_flatulence,flatulence,mind
note_flaunt,flaunt,action
note_flaunty,flaunty,mind
note_flavor,flavor,life
note_flavoring,flavoring,life
note_flavour,flavour,life
note_flaw,flaw,abstract
note_flax,flax,nature
note_flay,flay,action
note_flea,flea,nature
note_fleck,fleck,action
note_fledge,fledge,action
note_fledgling,fledgling,nature
note_flee,flee,action
note_fleece,fleece,life
note_fleet,fleet,society
note_fleeting,fleeting,action
note_flesh,flesh,life
note_flexibility,flexibility,mind
note_flexible,flexible,mind
note_flick,flick,action
note_flicker,flicker,action
note_flickering,flickering,action
note_flight,flight,action
note_flighty,flighty,mind
note_flimsy,flimsy,abstract
note_flinch,flinch,mind
note_fling,fling,action
note_flint,flint,nature
note_flip,flip,action
note_flippant,flippant,mind
note_flirt,flirt,mind
note_flit,flit,action
note_float,float,action
note_flock,flock,life
note_flood,flood,nature
note_floodgate,floodgate,tech
note_floodplain,floodplain,nature
note_floor,floor,life
note_floors,floors,life
note_floppy,floppy,abstract
note_flora,flora,nature
note_floral,floral,arts
note_florescence,florescence,nature
note_florid,florid,mind
note_flounder,flounder,action
note_flour,flour,life
note_flourish,flourish,action
note_flourishment,flourishment,abstract
note_flout,flout,action
note_flow,flow,action
note_flower,flower,nature
note_flowers,flowers,nature
note_flu,flu,mind
note_fluctuate,fluctuate,action
note_fluctuation,fluctuation,science
note_fluency,fluency,mind
note_fluent,fluent,mind
note_fluff,fluff,action
note_fluffy,fluffy,life
note_fluid,fluid,science
note_fluke,fluke,abstract
note_flunk,flunk,action
note_fluorescent,fluorescent,science
note_flush,flush,action
note_fluster,fluster,mind
note_flustered,flustered,mind
note_flutter,flutter,action
note_fluvial,fluvial,nature
note_flux,flux,science
note_fly,fly,nature
note_flyover,flyover,tech
note_flyspeck,flyspeck,life
note_foam,foam,nature
note_focus,focus,mind
note_fodder,fodder,life
note_foe,foe,society
note_fog,fog,nature
note_fogged,fogged,nature
note_foggy,foggy,nature
note_foghorn,foghorn,tech
note_foible,foible,mind
note_foil,foil,action
note_foist,foist,action
note_fold,fold,action
note_folder,folder,tech
note_folding,folding,action
note_foliage,foliage,nature
note_folk,folk,society
note_folklore,folklore,arts
note_follow,follow,action
note_follower,follower,society
note_following,following,abstract
note_folly,folly,mind
note_foment,foment,action
note_fond,fond,mind
note_fondle,fondle,mind
note_food,food,life
note_foodstuff,foodstuff,life
note_fool,fool,mind
note_foolish,foolish,mind
note_foolproof,foolproof,abstract
note_foot,foot,life
note_football,football,life
note_foothold,foothold,action
note_footle,footle,action
note_footnote,footnote,abstract
note_footpath,footpath,life
note_footstep,footstep,action
note_fop,fop,mind
note_foppish,foppish,mind
note_for,for,abstract
note_forage,forage,life
note_forager,forager,life
note_foray,foray,action
note_forbearance,forbearance,mind
note_forbes,forbes,abstract
note_forbid,forbid,action
note_forbidding,forbidding,abstract
note_force,force,action
note_forcible,forcible,abstract
note_ford,ford,nature
note_fore,fore,life
note_forebear,forebear,abstract
note_forebode,forebode,mind
note_forecast,forecast,mind
note_foreclose,foreclose,business
note_forefather,forefather,abstract
note_forefront,forefront,abstract
note_forehead,forehead,life
note_foreign,foreign,abstract
note_foreigner,foreigner,society
note_foreknowledge,foreknowledge,mind
note_foremost,foremost,abstract
note_forensic,forensic,science
note_forerunner,forerunner,abstract
note_foresee,foresee,mind
note_foreseeable,foreseeable,abstract
note_foreshadow,foreshadow,abstract
note_foresight,foresight,mind
note_forest,forest,nature
note_forestall,forestall,action
note_forestry,forestry,nature
note_foretell,foretell,mind
note_forever,forever,abstract
note_foreword,foreword,arts
note_forfeit,forfeit,action
note_forfeiture,forfeiture,business
note_forge,forge,action
note_forger,forger,arts
note_forgery,forgery,society
note_forget,forget,mind
note_forgetful,forgetful,mind
note_forgive,forgive,mind
note_forgo,forgo,action
note_fork,fork,life
note_forlorn,forlorn,mind
note_form,form,abstract
note_formal,formal,abstract
note_formality,formality,abstract
note_formalized,formalized,abstract
note_format,format,tech
note_formation,formation,abstract
note_formative,formative,abstract
note_former,former,abstract
note_formerly,formerly,abstract
note_formidable,formidable,abstract
note_forms,forms,abstract
note_formula,formula,science
note_formulate,formulate,abstract
note_formulation,formulation,abstract
note_forsake,forsake,action
note_forswear,forswear,mind
note_fort,fort,life
note_forte,forte,arts
note_forth,forth,abstract
note_forthcoming,forthcoming,abstract
note_forthright,forthright,mind
note_fortify,fortify,action
note_fortitude,fortitude,mind
note_fortnight,fortnight,abstract
note_fortress,fortress,life
note_fortuitous,fortuitous,abstract
note_fortuitously,fortuitously,abstract
note_fortunate,fortunate,mind
note_fortunately,fortunately,mind
note_fortune,fortune,abstract
note_forty,forty,abstract
note_forum,forum,society
note_forward,forward,action
note_fosse,fosse,life
note_fossil,fossil,nature
note_fossilize,fossilize,nature
note_fossilized,fossilized,nature
note_fossils,fossils,nature
note_foster,foster,action
note_foul,foul,life
note_found,found,action
note_foundation,foundation,abstract
note_founder,founder,business
note_founding,founding,abstract
note_fountain,fountain,life
note_four,four,abstract
note_four-poster,four-poster,life
note_fourteen,fourteen,abstract
note_fourth,fourth,abstract
note_fowl,fowl,life
note_fox,fox,nature
note_foyer,foyer,life
note_fracas,fracas,action
note_fraction,fraction,abstract
note_fractional,fractional,abstract
note_fractious,fractious,mind
note_fracture,fracture,action
note_fragile,fragile,abstract
note_fragility,fragility,abstract
note_fragment,fragment,abstract
note_fragmentary,fragmentary,abstract
note_fragrance,fragrance,nature
note_fragrant,fragrant,nature
note_frail,frail,mind
note_frame,frame,abstract
note_framework,framework,abstract
note_franc,franc,business
note_france,france,society
note_frank,frank,mind
note_frantic,frantic,mind
note_fraternal,fraternal,abstract
note_fraternity,fraternity,society
note_fraud,fraud,society
note_fraudulent,fraudulent,society
note_fraught,fraught,abstract
note_fray,fray,action
note_freak,freak,life
note_freckle,freckle,life
note_free,free,abstract
note_freedom,freedom,abstract
note_freelancer,freelancer,business
note_freely,freely,abstract
note_freeway,freeway,life
note_freeze,freeze,action
note_freezing,freezing,action
note_freight,freight,business
note_freighter,freighter,business
note_french,french,society
note_frenchman,frenchman,society
note_frenetic,frenetic,mind
note_frenzy,frenzy,mind
note_frequency,frequency,science
note_frequent,frequent,abstract
note_frequently,frequently,abstract
note_fresco,fresco,arts
note_fresh,fresh,life
note_freshen,freshen,action
note_freshly,freshly,abstract
note_freshness,freshness,abstract
note_fret,fret,mind
note_fretwork,fretwork,arts
note_friable,friable,abstract
note_friction,friction,science
note_friday,friday,abstract
note_fridge,fridge,life
note_fried,fried,life
note_friend,friend,life
note_friendly,friendly,mind
note_friendship,friendship,mind
note_frieze,frieze,arts
note_fright,fright,mind
note_frighten,frighten,mind
note_frightening,frightening,mind
note_frightful,frightful,mind
note_frigid,frigid,nature
note_frigidity,frigidity,mind
note_fringe,fringe,abstract
note_frisk,frisk,action
note_frisky,frisky,mind
note_fritter,fritter,action
note_frivolity,frivolity,mind
note_frivolous,frivolous,mind
note_fro,fro,abstract
note_frock,frock,life
note_frog,frog,nature
note_frolic,frolic,action
note_frolicsome,frolicsome,mind
note_from,from,abstract
note_frond,frond,nature
note_front,front,abstract
note_frontier,frontier,abstract
note_frost,frost,nature
note_frothy,frothy,abstract
note_frown,frown,action
note_frowzy,frowzy,abstract
note_fructify,fructify,nature
note_frugal,frugal,mind
note_frugality,frugality,mind
note_fruit,fruit,nature
note_fruitful,fruitful,abstract
note_fruitfulness,fruitfulness,abstract
note_fruition,fruition,abstract
note_fruitless,fruitless,abstract
note_fruitlessly,fruitlessly,abstract
note_frustrate,frustrate,mind
note_frustrating,frustrating,mind
note_frustration,frustration,mind
note_fry,fry,action
note_fuel,fuel,tech
note_fulcrum,fulcrum,science
note_fulfil,fulfil,action
note_fulfill,fulfill,action
note_full,full,abstract
note_full-blown,full-blown,abstract
note_full-bodied,full-bodied,abstract
note_full-fledged,full-fledged,abstract
note_full-time,full-time,abstract
note_fulminate,fulminate,action
note_fulsome,fulsome,abstract
note_fumble,fumble,action
note_fume,fume,nature
note_fumigate,fumigate,action
note_fun,fun,mind
note_function,function,tech
note_functional,functional,tech
note_functionary,functionary,society
note_functioning,functioning,tech
note_fund,fund,business
note_fund-raising,fund-raising,business
note_fundamental,fundamental,abstract
note_funding,funding,business
note_funeral,funeral,life
note_funereal,funereal,mind
note_fungi,fungi,nature
note_fungicide,fungicide,science
note_fungus,fungus,nature
note_funnel,funnel,tech
note_funny,funny,mind
note_fur,fur,nature
note_furbish,furbish,action
note_furious,furious,mind
note_furnace,furnace,life
note_furnish,furnish,action
note_furnished,furnished,life
note_furnishing,furnishing,life
note_furniture,furniture,life
note_furor,furor,mind
note_furrow,furrow,nature
note_furry,furry,abstract
note_further,further,abstract
note_furthermore,furthermore,abstract
note_furtive,furtive,mind
note_fury,fury,mind
note_fuse,fuse,action
note_fused,fused,tech
note_fusillade,fusillade,society
note_fusion,fusion,science
note_fuss,fuss,mind
note_fussy,fussy,mind
note_fustian,fustian,arts
note_fusty,fusty,abstract
note_futile,futile,mind
note_futility,futility,mind
note_future,future,abstract
note_fuzz,fuzz,nature
note_gab,gab,action
note_gabble,gabble,action
note_gadfly,gadfly,nature
note_gadget,gadget,tech
note_gaffe,gaffe,abstract
note_gag,gag,action
note_gage,gage,tech
note_gaggle,gaggle,nature
note_gaiety,gaiety,mind
note_gaily,gaily,mind
note_gain,gain,action
note_gainful,gainful,business
note_gainsay,gainsay,action
note_gait,gait,life
note_galaxy,galaxy,science
note_gale,gale,nature
note_gall,gall,life
note_gallant,gallant,mind
note_gallantry,gallantry,mind
note_gallery,gallery,arts
note_galley,galley,life
note_gallon,gallon,abstract
note_gallop,gallop,action
note_gallows,gallows,society
note_galvanization,galvanization,science
note_galvanize,galvanize,science
note_gamble,gamble,action
note_gambol,gambol,action
note_game,game,life
note_gamma,gamma,science
note_gamut,gamut,abstract
note_gander,gander,nature
note_gang,gang,society
note_gangling,gangling,abstract
note_gangly,gangly,abstract
note_gangrene,gangrene,mind
note_gangster,gangster,society
note_gangway,gangway,life
note_gaol,gaol,society
note_gap,gap,abstract
note_gape,gape,action
note_garage,garage,life
note_garb,garb,life
note_garbage,garbage,life
note_garble,garble,action
note_garbled,garbled,abstract
note_garden,garden,life
note_gardener,gardener,life
note_gardenia,gardenia,nature
note_gardening,gardening,life
note_gargantuan,gargantuan,abstract
note_gargoyle,gargoyle,arts
note_garish,garish,mind
note_garland,garland,arts
note_garlic,garlic,life
note_garment,garment,life
note_garner,garner,action
note_garnish,garnish,action
note_garret,garret,life
note_garrulity,garrulity,mind
note_garrulous,garrulous,mind
note_gas,gas,nature
note_gaseous,gaseous,science
note_gash,gash,action
note_gasification,gasification,science
note_gasoline,gasoline,tech
note_gasp,gasp,action
note_gastric,gastric,science
note_gastritis,gastritis,mind
note_gastronomy,gastronomy,life
note_gate,gate,life
note_gather,gather,action
note_gathering,gathering,life
note_gauche,gauche,mind
note_gaucherie,gaucherie,mind
note_gaudy,gaudy,mind
note_gauge,gauge,tech
note_gaunt,gaunt,mind
note_gavel,gavel,society
note_gay,gay,mind
note_gaze,gaze,action
note_gazette,gazette,arts
note_gazetteer,gazetteer,arts
note_gear,gear,tech
note_gem,gem,nature
note_gemstone,gemstone,nature
note_gender,gender,abstract
note_gene,gene,science
note_genealogist,genealogist,abstract
note_genealogy,genealogy,abstract
note_general,general,abstract
note_generality,generality,abstract
note_generalization,generalization,abstract
note_generalize,generalize,abstract
note_generally,generally,abstract
note_generate,generate,action
note_generation,generation,abstract
note_generator,generator,tech
note_generic,generic,abstract
note_generosity,generosity,mind
note_generous,generous,mind
note_genesis,genesis,abstract
note_genetic,genetic,science
note_genetically,genetically,science
note_genetics,genetics,science
note_genial,genial,mind
note_genius,genius,mind
note_genome,genome,science
note_genre,genre,arts
note_genteel,genteel,mind
note_gentility,gentility,mind
note_gentle,gentle,mind
note_gentleman,gentleman,society
note_gently,gently,abstract
note_gentry,gentry,society
note_genuflect,genuflect,action
note_genuine,genuine,abstract
note_genus,genus,science
note_geographic,geographic,science
note_geographical,geographical,science
note_geography,geography,science
note_geologic,geologic,science
note_geology,geology,science
note_geomagnetic,geomagnetic,science
note_geometric,geometric,science
note_geometrical,geometrical,science
note_geometrician,geometrician,science
note_geometry,geometry,science
note_germ,germ,science
note_german,german,society
note_germane,germane,abstract
note_germany,germany,society
note_germicide,germicide,science
note_germinate,germinate,nature
note_gerontocracy,gerontocracy,society
note_gerontology,gerontology,science
note_gerrymander,gerrymander,society
note_gestate,gestate,nature
note_gesticulate,gesticulate,action
note_gesture,gesture,action
note_get,get,action
note_geyser,geyser,nature
note_ghastly,ghastly,mind
note_ghost,ghost,abstract
note_giant,giant,abstract
note_gibbon,gibbon,nature
note_gibe,gibe,action
note_giddy,giddy,mind
note_gift,gift,life
note_gifted,gifted,mind
note_gigantic,gigantic,abstract
note_giggle,giggle,action
note_gild,gild,action
note_gilding,gilding,arts
note_gimmick,gimmick,abstract
note_ginger,ginger,life
note_gingerly,gingerly,abstract
note_giraffe,giraffe,nature
note_girder,girder,tech
note_girdle,girdle,life
note_girl,girl,life
note_girlfriend,girlfriend,life
note_girth,girth,abstract
note_gist,gist,abstract
note_give,give,action
note_glacial,glacial,nature
note_glacier,glacier,nature
note_glad,glad,mind
note_glade,glade,nature
note_gladiator,gladiator,society
note_glamor,glamor,mind
note_glamorous,glamorous,mind
note_glamour,glamour,mind
note_glance,glance,action
note_gland,gland,science
note_glandular,glandular,science
note_glare,glare,action
note_glaring,glaring,abstract
note_glass,glass,life
note_glasshouse,glasshouse,life
note_glassware,glassware,life
note_glassy,glassy,abstract
note_glaze,glaze,action
note_glazed,glazed,abstract
note_gleam,gleam,action
note_glean,glean,action
note_glee,glee,mind
note_glib,glib,mind
note_glide,glide,action
note_glider,glider,tech
note_glimmer,glimmer,action
note_glimpse,glimpse,mind
note_glisten,glisten,action
note_glitch,glitch,tech
note_glitter,glitter,action
note_gloaming,gloaming,nature
note_gloat,gloat,mind
note_global,global,abstract
note_globe,globe,science
note_gloom,gloom,mind
note_gloomy,gloomy,mind
note_glorify,glorify,action
note_glorious,glorious,mind
note_glory,glory,mind
note_gloss,gloss,action
note_glossary,glossary,arts
note_glossy,glossy,abstract
note_glove,glove,life
note_glow,glow,action
note_glower,glower,action
note_glowing,glowing,abstract
note_glucose,glucose,science
note_glue,glue,tech
note_glut,glut,action
note_glutinous,glutinous,abstract
note_gluttonous,gluttonous,mind
note_gnarled,gnarled,nature
note_gnat,gnat,nature
note_gnaw,gnaw,action
note_gnawing,gnawing,mind
note_gnome,gnome,abstract
note_gnomic,gnomic,arts
note_go,go,action
note_goad,goad,action
note_goal,goal,abstract
note_goals,goals,abstract
note_goat,goat,nature
note_gobble,gobble,action
note_goblet,goblet,life
note_god,god,arts
note_goddess,goddess,arts
note_goggle,goggle,action
note_gold,gold,nature
note_goldbrick,goldbrick,business
note_golden,golden,abstract
note_goldfish,goldfish,nature
note_golf,golf,life
note_gong,gong,arts
note_good,good,abstract
note_goodby,goodby,life
note_goodbye,goodbye,life
note_goodness,goodness,mind
note_goods,goods,business
note_goodwill,goodwill,business
note_goose,goose,nature
note_gorge,gorge,nature
note_gorgeous,gorgeous,mind
note_gorilla,gorilla,nature
note_gormandize,gormandize,life
note_gosling,gosling,nature
note_gospel,gospel,arts
note_gossamer,gossamer,nature
note_gossip,gossip,life
note_gouge,gouge,action
note_gourmand,gourmand,life
note_gourmet,gourmet,life
note_govern,govern,society
note_governance,governance,society
note_government,government,society
note_governments,governments,society
note_governor,governor,society
note_gown,gown,life
note_grab,grab,action
note_grace,grace,mind
note_graceful,graceful,abstract
note_gracious,gracious,mind
note_gradation,gradation,abstract
note_grade,grade,abstract
note_gradient,gradient,science
note_gradual,gradual,abstract
note_gradually,gradually,abstract
note_graduate,graduate,action
note_graduated,graduated,abstract
note_graduates,graduates,abstract
note_graduation,graduation,life
note_graft,graft,action
note_grain,grain,nature
note_gram,gram,abstract
note_grammar,grammar,arts
note_grammatical,grammatical,abstract
note_gramme,gramme,abstract
note_gramophone,gramophone,tech
note_granary,granary,life
note_grand,grand,abstract
note_grandchild,grandchild,life
note_granddaughter,granddaughter,life
note_grandeur,grandeur,mind
note_grandfather,grandfather,life
note_grandiose,grandiose,mind
note_grandma,grandma,life
note_grandmother,grandmother,life
note_grandpa,grandpa,life
note_grandparent,grandparent,life
note_grandparents,grandparents,life
note_grandson,grandson,life
note_grandstand,grandstand,life
note_granite,granite,nature
note_granny,granny,life
note_grant,grant,business
note_grants,grants,business
note_granular,granular,science
note_granule,granule,science
note_grape,grape,nature
note_graph,graph,tech
note_graphic,graphic,arts
note_graphics,graphics,tech
note_graphite,graphite,science
note_grasp,grasp,action
note_grasping,grasping,abstract
note_grass,grass,nature
note_grasshopper,grasshopper,nature
note_grassy,grassy,nature
note_grate,grate,life
note_grateful,grateful,mind
note_gratification,gratification,mind
note_gratify,gratify,action
note_grating,grating,tech
note_gratis,gratis,abstract
note_gratitude,gratitude,mind
note_gratuitous,gratuitous,abstract
note_gratuity,gratuity,business
note_grave,grave,life
note_gravel,gravel,nature
note_gravitation,gravitation,science
note_gravitational,gravitational,science
note_gravity,gravity,science
note_gray,gray,abstract
note_graze,graze,action
note_grease,grease,abstract
note_greasy,greasy,abstract
note_great,great,abstract
note_greatly,greatly,abstract
note_greece,greece,society
note_greed,greed,mind
note_greedy,greedy,mind
note_greek,greek,society
note_green,green,abstract
note_greengrocer,greengrocer,business
note_greenhorn,greenhorn,abstract
note_greenhouse,greenhouse,life
note_greet,greet,action
note_greeting,greeting,life
note_gregarious,gregarious,mind
note_gregariousness,gregariousness,mind
note_grenade,grenade,society
note_grey,grey,abstract
note_grid,grid,tech
note_gridiron,gridiron,life
note_grief,grief,mind
note_grievance,grievance,society
note_grieve,grieve,mind
note_grievous,grievous,abstract
note_grill,grill,life
note_grim,grim,mind
note_grimace,grimace,action
note_grin,grin,action
note_grind,grind,action
note_grip,grip,action
note_gripe,gripe,mind
note_gripping,gripping,abstract
note_grisly,grisly,mind
note_gristle,gristle,life
note_grit,grit,mind
note_groan,groan,action
note_grocer,grocer,business
note_grocery,grocery,business
note_groom,groom,life
note_groove,groove,abstract
note_grope,grope,action
note_gross,gross,abstract
note_grotesque,grotesque,abstract
note_grotto,grotto,nature
note_grouch,grouch,mind
note_grouchy,grouchy,mind
note_ground,ground,nature
note_grounded,grounded,mind
note_group,group,abstract
note_groups,groups,abstract
note_grouse,grouse,nature
note_grove,grove,nature
note_grovel,grovel,action
note_grow,grow,nature
note_growl,growl,action
note_growth,growth,abstract
note_grudge,grudge,mind
note_gruel,gruel,life
note_grueling,grueling,mind
note_gruesome,gruesome,mind
note_gruff,gruff,mind
note_grumble,grumble,action
note_grumpy,grumpy,mind
note_grunt,grunt,action
note_guarantee,guarantee,business
note_guard,guard,action
note_guardian,guardian,society
note_guess,guess,mind
note_guest,guest,life
note_guests,guests,life
note_guffaw,guffaw,action
note_guidance,guidance,abstract
note_guide,guide,action
note_guideline,guideline,abstract
note_guild,guild,society
note_guile,guile,mind
note_guileless,guileless,mind
note_guillotine,guillotine,society
note_guilt,guilt,mind
note_guilty,guilty,mind
note_guise,guise,abstract
note_guitar,guitar,arts
note_gulch,gulch,nature
note_gulf,gulf,nature
note_gull,gull,nature
note_gullible,gullible,mind
note_gully,gully,nature
note_gulp,gulp,action
note_gum,gum,life
note_gun,gun,society
note_gunpowder,gunpowder,tech
note_guru,guru,arts
note_gush,gush,action
note_gusher,gusher,nature
note_gust,gust,nature
note_gustation,gustation,science
note_gustatory,gustatory,science
note_gusto,gusto,mind
note_gusty,gusty,nature
note_gut,gut,life
note_gutless,gutless,mind
note_gutter,gutter,life
note_guttle,guttle,life
note_guy,guy,life
note_guzzle,guzzle,life
note_gym,gym,life
note_gymnasium,gymnasium,life
note_gymnastic,gymnastic,life
note_gymnastics,gymnastics,life
note_gynaecocracy,gynaecocracy,society
note_gyrate,gyrate,action
note_gyration,gyration,action
note_ha,ha,abstract
note_habit,habit,mind
note_habitable,habitable,life
note_habitat,habitat,nature
note_habits,habits,mind
note_habitual,habitual,mind
note_habituate,habituate,action
note_hack,hack,action
note_hackneyed,hackneyed,abstract
note_haft,haft,life
note_haggard,haggard,mind
note_haggle,haggle,business
note_hail,hail,nature
note_hair,hair,life
note_haircut,haircut,life
note_halcyon,halcyon,mind
note_hale,hale,mind
note_half,half,abstract
note_halfhearted,halfhearted,mind
note_hall,hall,life
note_hallmark,hallmark,abstract
note_hallow,hallow,arts
note_hallowed,hallowed,mind
note_hallucination,hallucination,mind
note_hallway,hallway,life
note_halo,halo,abstract
note_halt,halt,action
note_halting,halting,abstract
note_halve,halve,action
note_ham,ham,life
note_hamburger,hamburger,life
note_hamlet,hamlet,society
note_hammer,hammer,action
note_hamper,hamper,action
note_hamstring,hamstring,action
note_hand,hand,life
note_handbag,handbag,life
note_handball,handball,life
note_handbook,handbook,arts
note_handcrafted,handcrafted,action
note_handedness,handedness,abstract
note_handful,handful,abstract
note_handicap,handicap,mind
note_handicraft,handicraft,arts
note_handkerchief,handkerchief,life
note_handle,handle,action
note_handling,handling,action
note_handout,handout,arts
note_hands-on,hands-on,abstract
note_handsome,handsome,mind
note_handtruck,handtruck,life
note_handwriting,handwriting,arts
note_handy,handy,abstract
note_hang,hang,action
note_hangar,hangar,life
note_hangdog,hangdog,mind
note_hankering,hankering,mind
note_haphazard,haphazard,abstract
note_happen,happen,action
note_happily,happily,mind
note_happiness,happiness,mind
note_happy,happy,mind
note_harangue,harangue,action
note_harass,harass,action
note_harassment,harassment,mind
note_harbinger,harbinger,abstract
note_harbor,harbor,life
note_harbour,harbour,life
note_hard,hard,abstract
note_hard-working,hard-working,abstract
note_hardbitten,hardbitten,mind
note_harden,harden,action
note_hardheaded,hardheaded,mind
note_hardihood,hardihood,mind
note_hardly,hardly,abstract
note_hardness,hardness,abstract
note_hardship,hardship,mind
note_hardware,hardware,tech
note_hardworking,hardworking,abstract
note_hardy,hardy,mind
note_hare,hare,nature
note_harm,harm,action
note_harmful,harmful,abstract
note_harmless,harmless,abstract
note_harmonic,harmonic,science
note_harmonica,harmonica,arts
note_harmonious,harmonious,mind
note_harmonize,harmonize,action
note_harmony,harmony,mind
note_harness,harness,action
note_harp,harp,arts
note_harpoon,harpoon,life
note_harpsichord,harpsichord,arts
note_harridan,harridan,mind
note_harrow,harrow,action
note_harrowing,harrowing,mind
note_harry,harry,action
note_harsh,harsh,mind
note_harshly,harshly,abstract
note_harshness,harshness,abstract
note_harvest,harvest,life
note_hassle,hassle,mind
note_haste,haste,action
note_hasten,hasten,action
note_hasty,hasty,mind
note_hat,hat,life
note_hatch,hatch,action
note_hatchery,hatchery,life
note_hatchet,hatchet,life
note_hatchling,hatchling,nature
note_hate,hate,mind
note_hateful,hateful,mind
note_hatred,hatred,mind
note_hats,hats,life
note_haughty,haughty,mind
note_haul,haul,action
note_haunt,haunt,action
note_haunted,haunted,mind
note_hauteur,hauteur,mind
note_have,have,action
note_haven,haven,life
note_havoc,havoc,abstract
note_hawk,hawk,nature
note_hawker,hawker,business
note_hawser,hawser,life
note_hay,hay,nature
note_hazard,hazard,abstract
note_hazardous,hazardous,abstract
note_haze,haze,nature
note_hazel,hazel,nature
note_hazy,hazy,abstract
note_he,he,abstract
note_head,head,life
note_headache,headache,mind
note_heading,heading,abstract
note_headline,headline,arts
note_headlong,headlong,abstract
note_headmaster,headmaster,society
note_headmistress,headmistress,society
note_headquarters,headquarters,society
note_headstrong,headstrong,mind
note_headteacher,headteacher,society
note_headway,headway,abstract
note_heal,heal,action
note_healing,healing,mind
note_health,health,life
note_healthcare,healthcare,life
note_healthful,healthful,life
note_healthy,healthy,life
note_heap,heap,abstract
note_hear,hear,action
note_hearing,hearing,life
note_hearken,hearken,action
note_hearsay,hearsay,abstract
note_heart,heart,life
note_heartbeat,heartbeat,life
note_hearten,hearten,action
note_hearth,hearth,life
note_heartrending,heartrending,mind
note_hearty,hearty,mind
note_heat,heat,nature
note_heater,heater,life
note_heating,heating,life
note_heave,heave,action
note_heaven,heaven,abstract
note_heavenly,heavenly,abstract
note_heavily,heavily,abstract
note_heavy,heavy,abstract
note_heavy-handedness,heavy-handedness,mind
note_heckle,heckle,action
note_hectic,hectic,mind
note_hector,hector,action
note_hedge,hedge,life
note_hedgehog,hedgehog,nature
note_hedonic,hedonic,mind
note_hedonism,hedonism,mind
note_hedonist,hedonist,mind
note_heed,heed,action
note_heedless,heedless,mind
note_heel,heel,life
note_hegemony,hegemony,society
note_height,height,abstract
note_heighten,heighten,action
note_heinous,heinous,mind
note_heir,heir,abstract
note_heirloom,heirloom,life
note_helicopter,helicopter,tech
note_heliotrope,heliotrope,nature
note_helium,helium,science
note_hell,hell,abstract
note_hello,hello,life
note_helm,helm,life
note_helmet,helmet,life
note_helot,helot,society
note_help,help,action
note_helper,helper,abstract
note_helpful,helpful,abstract
note_helpless,helpless,mind
note_helpline,helpline,society
note_helve,helve,life
note_hem,hem,action
note_hemisphere,hemisphere,science
note_hemophilia,hemophilia,science
note_hemorrhage,hemorrhage,mind
note_hemostat,hemostat,science
note_hen,hen,nature
note_hence,hence,abstract
note_henceforth,henceforth,abstract
note_henpecked,henpecked,mind
note_hens,hens,nature
note_hepatitis,hepatitis,mind
note_her,her,abstract
note_herald,herald,action
note_herb,herb,nature
note_herbaceous,herbaceous,nature
note_herbicide,herbicide,science
note_herbivorous,herbivorous,nature
note_herculean,herculean,abstract
note_herd,herd,nature
note_herder,herder,life
note_herdsman,herdsman,life
note_here,here,abstract
note_hereditary,hereditary,science
note_heredity,heredity,science
note_heresy,heresy,arts
note_heretic,heretic,arts
note_heretical,heretical,arts
note_heritage,heritage,abstract
note_hermetic,hermetic,abstract
note_hermit,hermit,life
note_hero,hero,abstract
note_heroic,heroic,mind
note_heroin,heroin,mind
note_heroine,heroine,abstract
note_heroism,heroism,mind
note_herpetologist,herpetologist,science
note_hers,hers,abstract
note_herself,herself,abstract
note_hesitate,hesitate,mind
note_heterodox,heterodox,abstract
note_heterogeneous,heterogeneous,abstract
note_hew,hew,action
note_hexagon,hexagon,science
note_hey,hey,abstract
note_heyday,heyday,abstract
note_hi,hi,abstract
note_hiatus,hiatus,abstract
note_hibernate,hibernate,nature
note_hibernation,hibernation,nature
note_hide,hide,action
note_hidebound,hidebound,mind
note_hideous,hideous,mind
note_hie,hie,action
note_hierarchy,hierarchy,abstract
note_hieroglyph,hieroglyph,arts
note_hieroglyphic,hieroglyphic,arts
note_high,high,abstract
note_high-rise,high-rise,life
note_highbrow,highbrow,mind
note_higher,higher,abstract
note_highland,highland,nature
note_highlight,highlight,action
note_highly,highly,abstract
note_highway,highway,life
note_hijack,hijack,society
note_hike,hike,life
note_hilarious,hilarious,mind
note_hilarity,hilarity,mind
note_hill,hill,nature
note_hillbilly,hillbilly,society
note_hillside,hillside,nature
note_hilly,hilly,nature
note_hilt,hilt,life
note_him,him,abstract
note_himself,himself,abstract
note_hinder,hinder,action
note_hindrance,hindrance,abstract
note_hinge,hinge,tech
note_hint,hint,action
note_hinterland,hinterland,nature
note_hints,hints,abstract
note_hip,hip,life
note_hippopotamus,hippopotamus,nature
note_hire,hire,business
note_hiring,hiring,business
note_hirsute,hirsute,abstract
note_his,his,abstract
note_hispanic,hispanic,abstract
note_hiss,hiss,action
note_histology,histology,science
note_historian,historian,arts
note_historic,historic,abstract
note_historical,historical,abstract
note_history,history,arts
note_histrionic,histrionic,mind
note_hit,hit,action
note_hitchhike,hitchhike,action
note_hitherto,hitherto,abstract
note_hits,hits,abstract
note_hive,hive,nature
note_hoard,hoard,action
note_hoarse,hoarse,mind
note_hoary,hoary,abstract
note_hoax,hoax,abstract
note_hobbies,hobbies,life
note_hobble,hobble,action
note_hobby,hobby,life
note_hodgepodge,hodgepodge,abstract
note_hoe,hoe,life
note_hoist,hoist,action
note_hold,hold,action
note_holder,holder,abstract
note_hole,hole,life
note_holiday,holiday,life
note_hollow,hollow,nature
note_holocaust,holocaust,society
note_holograph,holograph,arts
note_holster,holster,life
note_holy,holy,arts
note_homage,homage,society
note_home,home,life
note_homeland,homeland,society
note_homely,homely,mind
note_homemade,homemade,life
note_homeostasis,homeostasis,science
note_homesick,homesick,mind
note_homespun,homespun,life
note_hometown,hometown,society
note_homework,homework,abstract
note_homicide,homicide,society
note_homiletics,homiletics,arts
note_homily,homily,arts
note_hominid,hominid,nature
note_homogeneity,homogeneity,abstract
note_homogeneous,homogeneous,abstract
note_homogenize,homogenize,action
note_homograph,homograph,abstract
note_hone,hone,action
note_honest,honest,mind
note_honesty,honesty,mind
note_honey,honey,nature
note_honeymoon,honeymoon,life
note_honor,honor,mind
note_honorable,honorable,mind
note_honorarium,honorarium,business
note_honour,honour,mind
note_honourable,honourable,mind
note_hoodwink,hoodwink,mind
note_hoof,hoof,nature
note_hook,hook,life
note_hoop,hoop,life
note_hooray,hooray,mind
note_hop,hop,action
note_hope,hope,mind
note_hopeful,hopeful,mind
note_hopeless,hopeless,mind
note_horde,horde,society
note_horizon,horizon,nature
note_horizontal,horizontal,abstract
note_hormone,hormone,science
note_horn,horn,nature
note_hornbill,hornbill,nature
note_horned,horned,nature
note_hornet,hornet,nature
note_horology,horology,science
note_horrendous,horrendous,mind
note_horrible,horrible,mind
note_horrific,horrific,mind
note_horror,horror,mind
note_horse,horse,nature
note_horsepower,horsepower,science
note_horses,horses,nature
note_hortative,hortative,abstract
note_horticulture,horticulture,science
note_hose,hose,life
note_hospitable,hospitable,mind
note_hospital,hospital,life
note_hospitality,hospitality,mind
note_host,host,life
note_hostage,hostage,society
note_hostess,hostess,life
note_hostile,hostile,mind
note_hostility,hostility,mind
note_hot,hot,nature
note_hotdog,hotdog,life
note_hotel,hotel,life
note_hound,hound,nature
note_hour,hour,abstract
note_house,house,life
note_household,household,life
note_households,households,society
note_housekeeping,housekeeping,life
note_housewife,housewife,life
note_housework,housework,life
note_housing,housing,life
note_hovel,hovel,life
note_hover,hover,action
note_hovercraft,hovercraft,tech
note_how,how,none
note_however,however,none
note_howl,howl,mind
note_howler,howler,nature
note_hub,hub,tech
note_hubbub,hubbub,mind
note_hubris,hubris,mind
note_huckster,huckster,business
note_huddle,huddle,action
note_hue,hue,abstract
note_hug,hug,action
note_huge,huge,abstract
note_hulk,hulk,life
note_hull,hull,nature
note_hum,hum,action
note_human,human,nature
note_humane,humane,mind
note_humanist,humanist,abstract
note_humanistic,humanistic,abstract
note_humanitarian,humanitarian,society
note_humanity,humanity,mind
note_humans,humans,nature
note_humble,humble,mind
note_humdrum,humdrum,abstract
note_humid,humid,nature
note_humidity,humidity,nature
note_humiliate,humiliate,mind
note_humiliation,humiliation,mind
note_humility,humility,mind
note_hummingbird,hummingbird,nature
note_humor,humor,mind
note_humorous,humorous,mind
note_humour,humour,mind
note_hump,hump,nature
note_hunch,hunch,mind
note_hundred,hundred,abstract
note_hunger,hunger,mind
note_hungry,hungry,mind
note_hunk,hunk,life
note_hunt,hunt,action
note_hunter,hunter,society
note_hunting,hunting,action
note_hurdle,hurdle,action
note_hurl,hurl,action
note_hurrah,hurrah,mind
note_hurricane,hurricane,nature
note_hurry,hurry,action
note_hurt,hurt,mind
note_husband,husband,life
note_husbandry,husbandry,life
note_hush,hush,action
note_husk,husk,nature
note_husky,husky,nature
note_hustle,hustle,action
note_hut,hut,life
note_hybrid,hybrid,science
note_hydrant,hydrant,life
note_hydrate,hydrate,science
note_hydraulic,hydraulic,tech
note_hydrocarbon,hydrocarbon,science
note_hydrogen,hydrogen,science
note_hydrosphere,hydrosphere,science
note_hygiene,hygiene,life
note_hymn,hymn,arts
note_hyperactivity,hyperactivity,mind
note_hyperbole,hyperbole,arts
note_hypersensitive,hypersensitive,mind
note_hypertension,hypertension,mind
note_hyphen,hyphen,abstract
note_hypnotic,hypnotic,mind
note_hypocrisy,hypocrisy,mind
note_hypocrite,hypocrite,mind
note_hypocritical,hypocritical,mind
note_hypodermic,hypodermic,science
note_hypotenuse,hypotenuse,science
note_hypotheses,hypotheses,abstract
note_hypothesis,hypothesis,abstract
note_hypothesize,hypothesize,abstract
note_hypothetical,hypothetical,abstract
note_hysteria,hysteria,mind
note_hysterical,hysterical,mind
note_i,i,none
note_ice,ice,nature
note_ice-cream,ice-cream,life
note_iceberg,iceberg,nature
note_iceland,iceland,nature
note_ichthyosaur,ichthyosaur,nature
note_icicle,icicle,nature
note_icing,icing,life
note_icon,icon,abstract
note_iconoclast,iconoclast,society
note_iconoclastic,iconoclastic,society
note_iconographic,iconographic,arts
note_icy,icy,nature
note_idea,idea,abstract
note_ideal,ideal,abstract
note_idealism,idealism,abstract
note_ideally,ideally,abstract
note_ideas,ideas,abstract
note_identical,identical,abstract
note_identifiable,identifiable,abstract
note_identification,identification,abstract
note_identify,identify,abstract
note_identities,identities,abstract
note_identity,identity,mind
note_ideological,ideological,abstract
note_ideology,ideology,abstract
note_idiocy,idiocy,mind
note_idiom,idiom,arts
note_idiomatic,idiomatic,arts
note_idiosyncrasy,idiosyncrasy,mind
note_idiot,idiot,mind
note_idiotic,idiotic,mind
note_idle,idle,mind
note_idleness,idleness,mind
note_idol,idol,arts
note_idolater,idolater,arts
note_idolatrize,idolatrize,action
note_idolize,idolize,mind
note_idyll,idyll,arts
note_idyllic,idyllic,mind
note_if,if,none
note_igneous,igneous,science
note_ignite,ignite,action
note_ignoble,ignoble,mind
note_ignominious,ignominious,mind
note_ignominy,ignominy,mind
note_ignorance,ignorance,mind
note_ignorant,ignorant,mind
note_ignore,ignore,action
note_ill,ill,mind
note_illegal,illegal,society
note_illegible,illegible,abstract
note_illegitimate,illegitimate,society
note_illiberal,illiberal,mind
note_illicit,illicit,society
note_illiterate,illiterate,mind
note_illness,illness,mind
note_illuminate,illuminate,action
note_illuminati,illuminati,society
note_illumination,illumination,abstract
note_illusion,illusion,mind
note_illusive,illusive,mind
note_illusory,illusory,mind
note_illustrate,illustrate,action
note_illustration,illustration,arts
note_illustrious,illustrious,mind
note_image,image,abstract
note_imagery,imagery,arts
note_imaginary,imaginary,abstract
note_imagination,imagination,mind
note_imaginative,imaginative,mind
note_imagine,imagine,mind
note_imbalance,imbalance,abstract
note_imbecile,imbecile,mind
note_imbibe,imbibe,action
note_imbroglio,imbroglio,mind
note_imbue,imbue,action
note_imitate,imitate,action
note_imitation,imitation,abstract
note_imitative,imitative,abstract
note_immaculate,immaculate,abstract
note_immanent,immanent,abstract
note_immediate,immediate,abstract
note_immediately,immediately,abstract
note_immemorial,immemorial,abstract
note_immense,immense,abstract
note_immensity,immensity,abstract
note_immerse,immerse,action
note_immigrant,immigrant,society
note_immigrate,immigrate,action
note_immigration,immigration,society
note_imminent,imminent,abstract
note_immobile,immobile,action
note_immobility,immobility,action
note_immobilize,immobilize,action
note_immodesty,immodesty,mind
note_immolate,immolate,action
note_immortal,immortal,abstract
note_immune,immune,science
note_immunity,immunity,science
note_immunize,immunize,science
note_immure,immure,action
note_imp,imp,nature
note_impact,impact,action
note_impair,impair,action
note_impale,impale,action
note_impalpable,impalpable,abstract
note_impart,impart,action
note_impartial,impartial,mind
note_impartially,impartially,mind
note_impasse,impasse,abstract
note_impassible,impassible,abstract
note_impassioned,impassioned,mind
note_impassive,impassive,mind
note_impatient,impatient,mind
note_impeach,impeach,society
note_impeccable,impeccable,abstract
note_impecunious,impecunious,business
note_impede,impede,action
note_impediment,impediment,abstract
note_impel,impel,action
note_impend,impend,abstract
note_impending,impending,abstract
note_impenetrable,impenetrable,abstract
note_impenitent,impenitent,mind
note_imperative,imperative,abstract
note_imperial,imperial,society
note_imperil,imperil,action
note_imperious,imperious,mind
note_impermanent,impermanent,abstract
note_impermeability,impermeability,abstract
note_impermeable,impermeable,abstract
note_impersonal,impersonal,abstract
note_impersonate,impersonate,action
note_impersonation,impersonation,arts
note_impertinence,impertinence,mind
note_impertinent,impertinent,mind
note_imperturbable,imperturbable,mind
note_impervious,impervious,abstract
note_impetuous,impetuous,mind
note_impetus,impetus,abstract
note_impinge,impinge,action
note_impious,impious,mind
note_implant,implant,science
note_implausible,implausible,abstract
note_implement,implement,action
note_implicate,implicate,action
note_implication,implication,abstract
note_implicit,implicit,abstract
note_implode,implode,action
note_implore,implore,action
note_imply,imply,mind
note_impolitic,impolitic,mind
note_imponderable,imponderable,abstract
note_import,import,business
note_importance,importance,abstract
note_important,important,abstract
note_imports,imports,business
note_importune,importune,action
note_impose,impose,action
note_imposing,imposing,mind
note_impossible,impossible,abstract
note_impostor,impostor,mind
note_imposture,imposture,mind
note_impotence,impotence,mind
note_impoverish,impoverish,business
note_impracticality,impracticality,abstract
note_imprecate,imprecate,action
note_imprecation,imprecation,mind
note_imprecise,imprecise,abstract
note_impregnable,impregnable,abstract
note_impresario,impresario,arts
note_impress,impress,mind
note_impressed,impressed,mind
note_impression,impression,mind
note_impressionable,impressionable,mind
note_impressive,impressive,mind
note_imprint,imprint,science
note_imprison,imprison,society
note_imprisonment,imprisonment,society
note_improbable,improbable,abstract
note_impromptu,impromptu,abstract
note_improper,improper,mind
note_impropriety,impropriety,mind
note_improve,improve,action
note_improvement,improvement,abstract
note_improvident,improvident,mind
note_improvise,improvise,action
note_improvised,improvised,action
note_improviser,improviser,action
note_imprudent,imprudent,mind
note_impudent,impudent,mind
note_impugn,impugn,action
note_impuissance,impuissance,abstract
note_impulse,impulse,mind
note_impulsive,impulsive,mind
note_impunity,impunity,society
note_impure,impure,abstract
note_impurity,impurity,abstract
note_imputation,imputation,abstract
note_impute,impute,abstract
note_in,in,none
note_inability,inability,abstract
note_inaccessible,inaccessible,abstract
note_inaccurate,inaccurate,abstract
note_inactivate,inactivate,science
note_inadequate,inadequate,abstract
note_inadvertence,inadvertence,mind
note_inadvertently,inadvertently,mind
note_inalienable,inalienable,abstract
note_inane,inane,abstract
note_inanimate,inanimate,nature
note_inappreciable,inappreciable,abstract
note_inappropriate,inappropriate,abstract
note_inapt,inapt,abstract
note_inasmuch,inasmuch,abstract
note_inaugural,inaugural,society
note_inaugurate,inaugurate,society
note_inborn,inborn,nature
note_incandescence,incandescence,science
note_incandescent,incandescent,science
note_incantation,incantation,arts
note_incapable,incapable,abstract
note_incapacitate,incapacitate,action
note_incarcerate,incarcerate,society
note_incarnate,incarnate,abstract
note_incendiary,incendiary,society
note_incense,incense,arts
note_incentive,incentive,abstract
note_inception,inception,abstract
note_incertitude,incertitude,abstract
note_incessant,incessant,abstract
note_inch,inch,action
note_inchoate,inchoate,abstract
note_incidence,incidence,science
note_incident,incident,society
note_incidentally,incidentally,none
note_incinerate,incinerate,action
note_incipient,incipient,abstract
note_incise,incise,action
note_incision,incision,science
note_incisive,incisive,abstract
note_incisor,incisor,science
note_incite,incite,action
note_inclement,inclement,nature
note_inclination,inclination,mind
note_incline,incline,action
note_inclined,inclined,mind
note_include,include,action
note_inclusive,inclusive,abstract
note_incogitant,incogitant,mind
note_incoherent,incoherent,abstract
note_income,income,business
note_incoming,incoming,abstract
note_incommensurate,incommensurate,abstract
note_incompatible,incompatible,abstract
note_incompetent,incompetent,abstract
note_incomplete,incomplete,abstract
note_incomprehensible,incomprehensible,abstract
note_inconceivable,inconceivable,abstract
note_inconclusive,inconclusive,abstract
note_incongruent,incongruent,abstract
note_incongruity,incongruity,abstract
note_incongruous,incongruous,abstract
note_inconsequential,inconsequential,abstract
note_inconstancy,inconstancy,mind
note_incontrovertible,incontrovertible,abstract
note_inconvenient,inconvenient,abstract
note_incorporate,incorporate,action
note_incorporation,incorporation,business
note_incorporeal,incorporeal,abstract
note_incorrect,incorrect,abstract
note_incorrigibility,incorrigibility,mind
note_incorrigible,incorrigible,mind
note_incorruptible,incorruptible,abstract
note_increase,increase,action
note_increasingly,increasingly,abstract
note_incredible,incredible,abstract
note_incredulity,incredulity,mind
note_increment,increment,abstract
note_incriminate,incriminate,society
note_incrustation,incrustation,science
note_incubate,incubate,science
note_incubation,incubation,science
note_incubator,incubator,science
note_incubus,incubus,mind
note_inculcate,inculcate,action
note_inculpate,inculpate,society
note_incumbent,incumbent,abstract
note_incur,incur,business
note_indebted,indebted,business
note_indecent,indecent,mind
note_indecipherable,indecipherable,abstract
note_indecisive,indecisive,mind
note_indeed,indeed,none
note_indefatigable,indefatigable,mind
note_indefinite,indefinite,abstract
note_indefinitely,indefinitely,abstract
note_indelible,indelible,abstract
note_indemnify,indemnify,business
note_indemnity,indemnity,business
note_indent,indent,action
note_indented,indented,abstract
note_indenture,indenture,business
note_independence,independence,abstract
note_independent,independent,abstract
note_indeterminate,indeterminate,abstract
note_index,index,abstract
note_india,india,nature
note_indian,indian,nature
note_indicate,indicate,action
note_indication,indication,abstract
note_indicative,indicative,abstract
note_indicator,indicator,abstract
note_indices,indices,abstract
note_indict,indict,society
note_indictment,indictment,society
note_indifference,indifference,mind
note_indifferent,indifferent,mind
note_indigence,indigence,society
note_indigenous,indigenous,nature
note_indigent,indigent,society
note_indigestion,indigestion,mind
note_indignant,indignant,mind
note_indignation,indignation,mind
note_indignity,indignity,mind
note_indirect,indirect,abstract
note_indiscriminately,indiscriminately,abstract
note_indiscrimination,indiscrimination,mind
note_indispensability,indispensability,abstract
note_indispensable,indispensable,abstract
note_indite,indite,abstract
note_individual,individual,abstract
note_individualism,individualism,abstract
note_indoctrinate,indoctrinate,mind
note_indolent,indolent,mind
note_indomitable,indomitable,mind
note_indoor,indoor,life
note_indoors,indoors,life
note_indubitable,indubitable,abstract
note_induce,induce,action
note_inducible,inducible,abstract
note_induct,induct,society
note_induction,induction,abstract
note_indulge,indulge,mind
note_indurate,indurate,action
note_industrial,industrial,business
note_industrialization,industrialization,business
note_industrialize,industrialize,business
note_industrialized,industrialized,business
note_industrious,industrious,mind
note_industry,industry,business
note_inebriate,inebriate,mind
note_ineffable,ineffable,abstract
note_ineffaceable,ineffaceable,abstract
note_ineffectual,ineffectual,abstract
note_inefficient,inefficient,abstract
note_inelastic,inelastic,abstract
note_inelasticity,inelasticity,abstract
note_ineligible,ineligible,abstract
note_ineluctable,ineluctable,abstract
note_inept,inept,mind
note_ineptitude,ineptitude,mind
note_inequity,inequity,society
note_inert,inert,science
note_inertia,inertia,science
note_inevitable,inevitable,abstract
note_inevitably,inevitably,abstract
note_inexhaustible,inexhaustible,abstract
note_inexorable,inexorable,abstract
note_inexpedient,inexpedient,abstract
note_inexpensive,inexpensive,abstract
note_inexpiable,inexpiable,abstract
note_inexplicable,inexplicable,abstract
note_inextricably,inextricably,abstract
note_infallible,infallible,abstract
note_infamous,infamous,society
note_infancy,infancy,abstract
note_infant,infant,life
note_infantile,infantile,mind
note_infantry,infantry,society
note_infatuate,infatuate,mind
note_infatuated,infatuated,mind
note_infatuation,infatuation,mind
note_infect,infect,science
note_infection,infection,science
note_infectious,infectious,science
note_infelicitous,infelicitous,mind
note_infelicity,infelicity,mind
note_infer,infer,abstract
note_inference,inference,abstract
note_inferior,inferior,abstract
note_inferiority,inferiority,abstract
note_infernal,infernal,mind
note_inferno,inferno,abstract
note_infertile,infertile,science
note_infest,infest,action
note_infiltrate,infiltrate,action
note_infinite,infinite,abstract
note_infinitely,infinitely,abstract
note_infinitesimal,infinitesimal,abstract
note_infinity,infinity,abstract
note_infirm,infirm,mind
note_infirmary,infirmary,life
note_infirmity,infirmity,mind
note_inflame,inflame,action
note_inflamed,inflamed,science
note_inflammation,inflammation,science
note_inflate,inflate,action
note_inflation,inflation,business
note_inflexible,inflexible,abstract
note_inflict,inflict,action
note_infliction,infliction,abstract
note_influence,influence,abstract
note_influential,influential,abstract
note_influenza,influenza,mind
note_influx,influx,abstract
note_inform,inform,action
note_informal,informal,abstract
note_information,information,abstract
note_informative,informative,abstract
note_informed,informed,abstract
note_informer,informer,society
note_infraction,infraction,society
note_infrared,infrared,science
note_infrastructure,infrastructure,society
note_infringe,infringe,action
note_infuriate,infuriate,mind
note_infuse,infuse,action
note_infusion,infusion,science
note_ingenious,ingenious,mind
note_ingeniously,ingeniously,mind
note_ingenuity,ingenuity,mind
note_ingenuous,ingenuous,mind
note_ingest,ingest,action
note_ingestion,ingestion,science
note_ingrained,ingrained,abstract
note_ingrate,ingrate,mind
note_ingratiate,ingratiate,mind
note_ingratiating,ingratiating,mind
note_ingredient,ingredient,life
note_ingress,ingress,abstract
note_inhabit,inhabit,action
note_inhabitant,inhabitant,life
note_inhale,inhale,action
note_inherent,inherent,abstract
note_inherit,inherit,action
note_inheritance,inheritance,abstract
note_inhibit,inhibit,action
note_inhibitor,inhibitor,science
note_inhumane,inhumane,mind
note_inimical,inimical,mind
note_inimitable,inimitable,abstract
note_iniquitous,iniquitous,mind
note_iniquity,iniquity,mind
note_initial,initial,abstract
note_initially,initially,abstract
note_initiate,initiate,action
note_initiative,initiative,abstract
note_inject,inject,science
note_injection,injection,science
note_injunction,injunction,society
note_injure,injure,action
note_injurious,injurious,mind
note_injury,injury,mind
note_injustice,injustice,society
note_ink,ink,life
note_inkling,inkling,abstract
note_inland,inland,nature
note_inlet,inlet,nature
note_inn,inn,life
note_innate,innate,abstract
note_inner,inner,abstract
note_innermost,innermost,abstract
note_innocence,innocence,mind
note_innocent,innocent,mind
note_innocuous,innocuous,abstract
note_innovate,innovate,action
note_innovation,innovation,abstract
note_innovative,innovative,abstract
note_innuendo,innuendo,mind
note_innumerable,innumerable,abstract
note_inoculate,inoculate,science
note_inoffensive,inoffensive,mind
note_inordinate,inordinate,abstract
note_inorganic,inorganic,science
note_input,input,tech
note_inquire,inquire,action
note_inquiries,inquiries,abstract
note_inquiry,inquiry,abstract
note_inquisitive,inquisitive,mind
note_inroad,inroad,abstract
note_insane,insane,mind
note_insanity,insanity,mind
note_insatiable,insatiable,mind
note_inscribe,inscribe,action
note_inscription,inscription,arts
note_inscrutable,inscrutable,mind
note_insect,insect,nature
note_insecticide,insecticide,science
note_insects,insects,nature
note_insensate,insensate,mind
note_insentient,insentient,nature
note_insert,insert,action
note_inside,inside,abstract
note_insider,insider,business
note_insidious,insidious,mind
note_insight,insight,mind
note_insightful,insightful,mind
note_insignia,insignia,abstract
note_insignificant,insignificant,abstract
note_insincerity,insincerity,mind
note_insinuate,insinuate,mind
note_insipid,insipid,mind
note_insist,insist,action
note_insistence,insistence,abstract
note_insistent,insistent,mind
note_insolate,insolate,action
note_insolence,insolence,mind
note_insolent,insolent,mind
note_insoluble,insoluble,abstract
note_insolvency,insolvency,business
note_insolvent,insolvent,business
note_insomnia,insomnia,mind
note_insouciance,insouciance,mind
note_insouciant,insouciant,mind
note_inspect,inspect,action
note_inspection,inspection,action
note_inspector,inspector,society
note_inspiration,inspiration,mind
note_inspire,inspire,mind
note_inspired,inspired,mind
note_inspiring,inspiring,mind
note_instability,instability,abstract
note_install,install,action
note_installation,installation,abstract
note_installment,installment,business
note_instalment,instalment,business
note_instance,instance,abstract
note_instant,instant,abstract
note_instantaneous,instantaneous,abstract
note_instantly,instantly,abstract
note_instate,instate,action
note_instead,instead,none
note_instigate,instigate,action
note_instill,instill,action
note_instinct,instinct,mind
note_instinctive,instinctive,mind
note_instinctively,instinctively,mind
note_institute,institute,action
note_institutes,institutes,society
note_institution,institution,society
note_institutionalize,institutionalize,action
note_institutionalized,institutionalized,society
note_institutions,institutions,society
note_instruct,instruct,action
note_instruction,instruction,abstract
note_instructive,instructive,abstract
note_instructor,instructor,society
note_instructors,instructors,society
note_instrument,instrument,abstract
note_instrumental,instrumental,abstract
note_instrumentalist,instrumentalist,arts
note_instruments,instruments,arts
note_insubordinate,insubordinate,mind
note_insubstantial,insubstantial,abstract
note_insufferable,insufferable,mind
note_insufficient,insufficient,abstract
note_insular,insular,mind
note_insularity,insularity,mind
note_insulate,insulate,action
note_insulation,insulation,tech
note_insulator,insulator,tech
note_insulin,insulin,science
note_insult,insult,mind
note_insulting,insulting,mind
note_insuperable,insuperable,abstract
note_insurance,insurance,business
note_insure,insure,business
note_insurgent,insurgent,society
note_insurmountable,insurmountable,abstract
note_insurrection,insurrection,society
note_intact,intact,abstract
note_intake,intake,abstract
note_intangibility,intangibility,abstract
note_intangible,intangible,abstract
note_integral,integral,abstract
note_integrate,integrate,action
note_integrated,integrated,tech
note_integrity,integrity,mind
note_intellect,intellect,mind
note_intellectual,intellectual,mind
note_intellectually,intellectually,mind
note_intelligence,intelligence,mind
note_intelligent,intelligent,mind
note_intelligible,intelligible,abstract
note_intend,intend,action
note_intense,intense,mind
note_intensify,intensify,action
note_intensity,intensity,abstract
note_intensive,intensive,abstract
note_intent,intent,abstract
note_intention,intention,abstract
note_intentional,intentional,abstract
note_intentionally,intentionally,abstract
note_inter,inter,action
note_interact,interact,action
note_interaction,interaction,abstract
note_interactive,interactive,tech
note_intercede,intercede,action
note_intercept,intercept,action
note_intercessor,intercessor,society
note_interchangeable,interchangeable,abstract
note_interconnect,interconnect,tech
note_interconnected,interconnected,tech
note_interconnecting,interconnecting,tech
note_intercourse,intercourse,life
note_interdependence,interdependence,abstract
note_interdependent,interdependent,abstract
note_interdict,interdict,action
note_interdisciplinary,interdisciplinary,abstract
note_interest,interest,abstract
note_interesting,interesting,abstract
note_interface,interface,tech
note_interfere,interfere,action
note_interference,interference,tech
note_interim,interim,abstract
note_interior,interior,abstract
note_interjection,interjection,abstract
note_interlace,interlace,action
note_interlock,interlock,action
note_interlocking,interlocking,abstract
note_interlocutor,interlocutor,society
note_interlope,interlope,action
note_interloper,interloper,action
note_interlude,interlude,abstract
note_intermediary,intermediary,abstract
note_intermediate,intermediate,abstract
note_interminable,interminable,abstract
note_intermingle,intermingle,action
note_intermission,intermission,abstract
note_intermittent,intermittent,abstract
note_intern,intern,action
note_internal,internal,abstract
note_international,international,society
note_internecine,internecine,society
note_internet,internet,tech
note_interpersonal,interpersonal,abstract
note_interplay,interplay,abstract
note_interpolate,interpolate,abstract
note_interpose,interpose,action
note_interpret,interpret,action
note_interpretation,interpretation,abstract
note_interpreter,interpreter,society
note_interregnum,interregnum,society
note_interrogate,interrogate,action
note_interrogative,interrogative,abstract
note_interrupt,interrupt,action
note_interruption,interruption,abstract
note_intersect,intersect,action
note_intersected,intersected,abstract
note_intersection,intersection,abstract
note_intersperse,intersperse,action
note_interstellar,interstellar,science
note_interstice,interstice,abstract
note_intertwine,intertwine,action
note_interval,interval,abstract
note_intervene,intervene,action
note_intervention,intervention,abstract
note_interview,interview,action
note_interviewee,interviewee,action
note_interviewer,interviewer,action
note_interviews,interviews,action
note_interweave,interweave,action
note_intestate,intestate,abstract
note_intestine,intestine,science
note_intimacy,intimacy,mind
note_intimate,intimate,action
note_intimidate,intimidate,mind
note_intimidation,intimidation,mind
note_into,into,none
note_intonation,intonation,arts
note_intoxicate,intoxicate,mind
note_intoxication,intoxication,mind
note_intractable,intractable,mind
note_intransigent,intransigent,mind
note_intrepid,intrepid,mind
note_intricacy,intricacy,abstract
note_intricate,intricate,abstract
note_intricately,intricately,abstract
note_intrigue,intrigue,mind
note_intriguing,intriguing,mind
note_intrinsic,intrinsic,abstract
note_introduce,introduce,action
note_introduction,introduction,abstract
note_introspective,introspective,mind
note_intrude,intrude,action
note_intruder,intruder,action
note_intruding,intruding,action
note_intrusion,intrusion,abstract
note_intrusive,intrusive,abstract
note_intuition,intuition,mind
note_intuitive,intuitive,mind
note_intumescence,intumescence,science
note_inundate,inundate,action
note_inure,inure,abstract
note_inured,inured,abstract
note_invade,invade,action
note_invader,invader,action
note_invalid,invalid,abstract
note_invalidate,invalidate,action
note_invaluable,invaluable,abstract
note_invariable,invariable,abstract
note_invariably,invariably,abstract
note_invasion,invasion,society
note_invective,invective,mind
note_inveigh,inveigh,action
note_inveigle,inveigle,action
note_invent,invent,action
note_invention,invention,abstract
note_inventor,inventor,society
note_inventory,inventory,business
note_inverse,inverse,abstract
note_inversely,inversely,abstract
note_invert,invert,action
note_invertebrate,invertebrate,nature
note_invest,invest,business
note_investigate,investigate,action
note_investigation,investigation,abstract
note_investigators,investigators,abstract
note_investiture,investiture,society
note_investment,investment,business
note_inveterate,inveterate,mind
note_invidious,invidious,mind
note_invigilate,invigilate,action
note_invigorate,invigorate,mind
note_invigorating,invigorating,mind
note_invincible,invincible,abstract
note_inviolable,inviolable,abstract
note_invisible,invisible,abstract
note_invitation,invitation,abstract
note_invite,invite,action
note_inviting,inviting,mind
note_invocation,invocation,arts
note_invoice,invoice,business
note_invoke,invoke,action
note_involuntary,involuntary,mind
note_involve,involve,action
note_involved,involved,abstract
note_invulnerable,invulnerable,abstract
note_inward,inward,abstract
note_iodine,iodine,science
note_ion,ion,science
note_ionosphere,ionosphere,science
note_iota,iota,abstract
note_irascible,irascible,mind
note_irate,irate,mind
note_ire,ire,mind
note_ireland,ireland,nature
note_iridescence,iridescence,abstract
note_iridescent,iridescent,abstract
note_irish,irish,nature
note_irk,irk,mind
note_irksome,irksome,mind
note_iron,iron,nature
note_ironclad,ironclad,abstract
note_ironic,ironic,mind
note_ironically,ironically,mind
note_irony,irony,mind
note_irradiate,irradiate,science
note_irradicable,irradicable,abstract
note_irreconcilable,irreconcilable,abstract
note_irredeemable,irredeemable,abstract
note_irreducible,irreducible,abstract
note_irregular,irregular,abstract
note_irregularity,irregularity,abstract
note_irregularly,irregularly,abstract
note_irrelevant,irrelevant,abstract
note_irremediable,irremediable,abstract
note_irreparable,irreparable,abstract
note_irrepressible,irrepressible,abstract
note_irreproachable,irreproachable,abstract
note_irresistible,irresistible,abstract
note_irresolute,irresolute,mind
note_irrespective,irrespective,abstract
note_irresponsible,irresponsible,mind
note_irreverence,irreverence,mind
note_irreverent,irreverent,mind
note_irreversible,irreversible,abstract
note_irrevocable,irrevocable,abstract
note_irrigate,irrigate,action
note_irrigation,irrigation,life
note_irritable,irritable,mind
note_irritate,irritate,mind
note_irritating,irritating,mind
note_irritation,irritation,mind
note_islam,islam,arts
note_island,island,nature
note_isle,isle,nature
note_isolate,isolate,action
note_isolated,isolated,abstract
note_isolation,isolation,abstract
note_isotope,isotope,science
note_issue,issue,abstract
note_issues,issues,abstract
note_isthmus,isthmus,nature
note_it,it,none
note_italian,italian,abstract
note_italy,italy,nature
note_item,item,abstract
note_items,items,abstract
note_iterate,iterate,action
note_itinerant,itinerant,action
note_itinerary,itinerary,abstract
note_its,its,none
note_itself,itself,none
note_ivory,ivory,nature
note_jabber,jabber,action
note_jack,jack,life
note_jacket,jacket,life
note_jade,jade,nature
note_jaded,jaded,mind
note_jagged,jagged,abstract
note_jail,jail,society
note_jam,jam,life
note_jamb,jamb,life
note_jamboree,jamboree,society
note_janitor,janitor,society
note_january,january,abstract
note_japan,japan,nature
note_japanese,japanese,nature
note_jape,jape,action
note_jar,jar,life
note_jargon,jargon,abstract
note_jarring,jarring,mind
note_jaundice,jaundice,mind
note_jaundiced,jaundiced,mind
note_jaunt,jaunt,action
note_jaunty,jaunty,mind
note_jaw,jaw,life
note_jazz,jazz,arts
note_jealous,jealous,mind
note_jealousy,jealousy,mind
note_jean,jean,life
note_jeans,jeans,life
note_jeep,jeep,tech
note_jeer,jeer,action
note_jejune,jejune,mind
note_jelly,jelly,life
note_jellyfish,jellyfish,nature
note_jeopardize,jeopardize,action
note_jeopardy,jeopardy,mind
note_jerk,jerk,action
note_jest,jest,action
note_jesting,jesting,action
note_jesus,jesus,arts
note_jet,jet,tech
note_jettison,jettison,action
note_jewel,jewel,life
note_jeweler,jeweler,business
note_jewellery,jewellery,life
note_jewelry,jewelry,life
note_jewels,jewels,life
note_jewish,jewish,society
note_jibe,jibe,action
note_jigsaw,jigsaw,action
note_jingle,jingle,action
note_jingoism,jingoism,society
note_jitter,jitter,mind
note_job,job,business
note_jobs,jobs,business
note_jockey,jockey,action
note_jocose,jocose,mind
note_jocular,jocular,mind
note_jocund,jocund,mind
note_jog,jog,action
note_jogging,jogging,action
note_join,join,action
note_joint,joint,life
note_joke,joke,action
note_jolly,jolly,mind
note_jolt,jolt,action
note_jolting,jolting,action
note_jot,jot,action
note_journal,journal,abstract
note_journalism,journalism,abstract
note_journalist,journalist,society
note_journalistic,journalistic,abstract
note_journey,journey,action
note_jovial,jovial,mind
note_joy,joy,mind
note_joyful,joyful,mind
note_joyous,joyous,mind
note_jubilant,jubilant,mind
note_jubilation,jubilation,mind
note_judge,judge,society
note_judgement,judgement,abstract
note_judicial,judicial,society
note_judicious,judicious,mind
note_judiciousness,judiciousness,mind
note_jug,jug,life
note_juggernaut,juggernaut,abstract
note_juggle,juggle,action
note_juice,juice,life
note_juicy,juicy,life
note_july,july,none
note_jumble,jumble,action
note_jump,jump,action
note_junction,junction,abstract
note_juncture,juncture,abstract
note_june,june,none
note_jungle,jungle,nature
note_junior,junior,abstract
note_junk,junk,life
note_jupiter,jupiter,nature
note_jurisdiction,jurisdiction,society
note_jurisprudence,jurisprudence,abstract
note_jury,jury,society
note_just,just,abstract
note_justice,justice,abstract
note_justifiable,justifiable,abstract
note_justification,justification,abstract
note_justify,justify,abstract
note_justly,justly,abstract
note_juvenile,juvenile,life
note_juxtapose,juxtapose,abstract
note_juxtaposition,juxtaposition,abstract
note_kaleidoscope,kaleidoscope,abstract
note_kaleidoscopic,kaleidoscopic,abstract
note_kangaroo,kangaroo,nature
note_keen,keen,mind
note_keep,keep,action
note_keeper,keeper,life
note_kelp,kelp,nature
note_ken,ken,mind
note_kennel,kennel,life
note_kernel,kernel,abstract
note_kerosene,kerosene,tech
note_kettle,kettle,life
note_key,key,action
note_keyboard,keyboard,tech
note_keys,keys,action
note_keywords,keywords,abstract
note_kick,kick,action
note_kid,kid,life
note_kidnap,kidnap,action
note_kidney,kidney,life
note_kids,kids,life
note_kill,kill,action
note_killer,killer,action
note_killjoy,killjoy,mind
note_kiln,kiln,tech
note_kilo,kilo,abstract
note_kilogram,kilogram,abstract
note_kilograms,kilograms,abstract
note_kilometer,kilometer,abstract
note_kilometre,kilometre,abstract
note_kilowatt,kilowatt,tech
note_kin,kin,life
note_kind,kind,mind
note_kindergarten,kindergarten,society
note_kindle,kindle,action
note_kindness,kindness,mind
note_kindred,kindred,life
note_kinetic,kinetic,science
note_king,king,society
note_kingdom,kingdom,society
note_kinship,kinship,abstract
note_kiosk,kiosk,life
note_kiss,kiss,action
note_kit,kit,life
note_kitchen,kitchen,life
note_kite,kite,action
note_kits,kits,life
note_knack,knack,mind
note_knapsack,knapsack,life
note_knave,knave,mind
note_knead,knead,action
note_knee,knee,life
note_kneel,kneel,action
note_knell,knell,action
note_knife,knife,life
note_knight,knight,society
note_knit,knit,action
note_knob,knob,life
note_knock,knock,action
note_knoll,knoll,nature
note_knot,knot,action
note_knotty,knotty,abstract
note_know,know,mind
note_know-how,know-how,abstract
note_knowledge,knowledge,abstract
note_knowledgeable,knowledgeable,mind
note_kudos,kudos,mind
note_kymograph,kymograph,science
note_lab,lab,science
note_label,label,abstract
note_labile,labile,abstract
note_labor,labor,business
note_laboratory,laboratory,science
note_labored,labored,action
note_laborer,laborer,business
note_laborious,laborious,mind
note_laboriously,laboriously,action
note_labour,labour,business
note_labourer,labourer,business
note_labyrinth,labyrinth,abstract
note_lace,lace,life
note_lacerate,lacerate,action
note_laceration,laceration,mind
note_lachrymose,lachrymose,mind
note_lack,lack,abstract
note_lackadaisical,lackadaisical,mind
note_lackey,lackey,society
note_lackluster,lackluster,mind
note_laconic,laconic,mind
note_lactic,lactic,science
note_lad,lad,life
note_ladder,ladder,life
note_laden,laden,abstract
note_lady,lady,society
note_lag,lag,action
note_laggard,laggard,mind
note_lagoon,lagoon,nature
note_lair,lair,life
note_laity,laity,arts
note_lake,lake,nature
note_lakes,lakes,nature
note_lamb,lamb,nature
note_lambaste,lambaste,action
note_lame,lame,mind
note_lament,lament,mind
note_lamentable,lamentable,mind
note_lamentation,lamentation,mind
note_laminate,laminate,action
note_lamp,lamp,life
note_lampoon,lampoon,arts
note_lampshade,lampshade,life
note_lance,lance,action
note_lancet,lancet,mind
note_land,land,nature
note_landfill,landfill,nature
note_landing,landing,action
note_landlady,landlady,society
note_landlocked,landlocked,nature
note_landlord,landlord,society
note_landmark,landmark,abstract
note_landmass,landmass,nature
note_landscape,landscape,nature
note_landslide,landslide,nature
note_lane,lane,life
note_language,language,arts
note_languid,languid,mind
note_languish,languish,mind
note_languor,languor,mind
note_lank,lank,life
note_lantern,lantern,life
note_lap,lap,life
note_lapidary,lapidary,arts
note_lapse,lapse,action
note_laptop,laptop,tech
note_larder,larder,life
note_large,large,abstract
note_largely,largely,abstract
note_largess,largess,action
note_largesse,largesse,action
note_lark,lark,nature
note_larva,larva,nature
note_larvae,larvae,nature
note_larynx,larynx,life
note_laser,laser,tech
note_lash,lash,action
note_lassitude,lassitude,mind
note_lasso,lasso,action
note_last,last,abstract
note_lasting,lasting,abstract
note_latch,latch,action
note_late,late,abstract
note_lately,lately,none
note_latency,latency,science
note_latent,latent,abstract
note_later,later,none
note_lateral,lateral,abstract
note_latest,latest,abstract
note_lathe,lathe,tech
note_latin,latin,arts
note_latitude,latitude,abstract
note_latter,latter,abstract
note_lattice,lattice,abstract
note_laud,laud,action
note_laudable,laudable,mind
note_laugh,laugh,action
note_laughter,laughter,mind
note_launch,launch,action
note_laundry,laundry,life
note_laurel,laurel,nature
note_laurels,laurels,abstract
note_lava,lava,nature
note_lavatory,lavatory,life
note_lave,lave,action
note_lavish,lavish,mind
note_law,law,society
note_lawn,lawn,nature
note_lawsuit,lawsuit,society
note_lawyer,lawyer,society
note_lax,lax,mind
note_laxative,laxative,mind
note_lay,lay,action
note_layer,layer,abstract
note_layering,layering,abstract
note_layman,layman,arts
note_layoff,layoff,business
note_layout,layout,abstract
note_layover,layover,action
note_lazy,lazy,mind
note_lead,lead,action
note_leader,leader,society
note_leadership,leadership,society
note_leading,leading,abstract
note_leaf,leaf,nature
note_leaflet,leaflet,abstract
note_league,league,society
note_leak,leak,action
note_leakage,leakage,abstract
note_leaky,leaky,abstract
note_lean,lean,action
note_leap,leap,action
note_learn,learn,mind
note_learned,learned,mind
note_learning,learning,abstract
note_lease,lease,business
note_leash,leash,action
note_least,least,abstract
note_leather,leather,life
note_leave,leave,action
note_leaven,leaven,action
note_lectern,lectern,abstract
note_lecture,lecture,action
note_ledge,ledge,nature
note_ledger,ledger,business
note_leer,leer,action
note_leery,leery,mind
note_leeward,leeward,nature
note_leeway,leeway,abstract
note_left,left,abstract
note_leftover,leftover,life
note_leg,leg,life
note_legacy,legacy,abstract
note_legal,legal,society
note_legalize,legalize,action
note_legend,legend,arts
note_legendary,legendary,abstract
note_legerdemain,legerdemain,action
note_legible,legible,abstract
note_legion,legion,society
note_legislate,legislate,action
note_legislation,legislation,society
note_legislature,legislature,society
note_legitimate,legitimate,abstract
note_legume,legume,nature
note_leisure,leisure,life
note_leisureliness,leisureliness,mind
note_leisurely,leisurely,mind
note_lemon,lemon,life
note_lemonade,lemonade,life
note_lend,lend,action
note_lender,lender,business
note_length,length,abstract
note_lengthen,lengthen,action
note_lengthy,lengthy,abstract
note_leniency,leniency,mind
note_lenient,lenient,mind
note_lens,lens,tech
note_leopard,leopard,nature
note_leprosy,leprosy,mind
note_lesion,lesion,mind
note_less,less,abstract
note_lessen,lessen,action
note_lesson,lesson,abstract
note_lessons,lessons,abstract
note_lest,lest,none
note_let,let,none
note_lethal,lethal,mind
note_lethargic,lethargic,mind
note_lethargy,lethargy,mind
note_letter,letter,abstract
note_lettuce,lettuce,life
note_levee,levee,nature
note_level,level,abstract
note_levelheaded,levelheaded,mind
note_levels,levels,abstract
note_lever,lever,tech
note_leverage,leverage,abstract
note_levity,levity,mind
note_levy,levy,society
note_lexical,lexical,abstract
note_lexicographer,lexicographer,arts
note_lexicon,lexicon,abstract
note_liability,liability,business
note_liable,liable,abstract
note_liaison,liaison,abstract
note_liar,liar,mind
note_libel,libel,society
note_libelous,libelous,society
note_liberal,liberal,society
note_liberality,liberality,mind
note_liberally,liberally,abstract
note_liberate,liberate,action
note_liberation,liberation,abstract
note_libertine,libertine,mind
note_liberty,liberty,abstract
note_libido,libido,mind
note_librarian,librarian,society
note_libraries,libraries,abstract
note_library,library,abstract
note_libretto,libretto,arts
note_licence,licence,society
note_license,license,society
note_licentious,licentious,mind
note_lichen,lichen,nature
note_licit,licit,abstract
note_lick,lick,action
note_lid,lid,life
note_lie,lie,action
note_lien,lien,society
note_lieutenant,lieutenant,society
note_life,life,life
note_lifesaver,lifesaver,life
note_lifestyle,lifestyle,life
note_lifetime,lifetime,abstract
note_lift,lift,action
note_ligature,ligature,action
note_light,light,nature
note_lighten,lighten,action
note_lighter,lighter,life
note_lighthouse,lighthouse,life
note_lightly,lightly,abstract
note_lightning,lightning,nature
note_lights,lights,life
note_ligneous,ligneous,nature
note_like,like,mind
note_likelihood,likelihood,abstract
note_likely,likely,abstract
note_liken,liken,action
note_likeness,likeness,abstract
note_likewise,likewise,none
note_lily,lily,nature
note_limb,limb,life
note_limber,limber,action
note_limbo,limbo,abstract
note_lime,lime,life
note_limerick,limerick,arts
note_limestone,limestone,nature
note_limit,limit,abstract
note_limitation,limitation,abstract
note_limited,limited,abstract
note_limn,limn,action
note_limner,limner,arts
note_limousine,limousine,life
note_limp,limp,action
note_limpid,limpid,abstract
note_line,line,abstract
note_lineage,lineage,abstract
note_lineal,lineal,abstract
note_lineaments,lineaments,abstract
note_linear,linear,science
note_linen,linen,life
note_liner,liner,life
note_linger,linger,action
note_lingual,lingual,arts
note_linguistic,linguistic,arts
note_linguistics,linguistics,arts
note_lining,lining,life
note_link,link,action
note_linoleum,linoleum,life
note_lint,lint,life
note_lion,lion,nature
note_lionize,lionize,action
note_lions,lions,nature
note_lip,lip,life
note_lipid,lipid,science
note_lipstick,lipstick,life
note_liquefy,liquefy,action
note_liquid,liquid,science
note_liquidate,liquidate,action
note_liquor,liquor,life
note_lissome,lissome,action
note_list,list,abstract
note_listen,listen,mind
note_listener,listener,mind
note_listless,listless,mind
note_liter,liter,abstract
note_literacy,literacy,abstract
note_literal,literal,abstract
note_literally,literally,abstract
note_literary,literary,arts
note_literate,literate,mind
note_literati,literati,arts
note_literature,literature,arts
note_lithe,lithe,action
note_lithograph,lithograph,arts
note_lithosphere,lithosphere,nature
note_litigant,litigant,society
note_litigation,litigation,society
note_litre,litre,abstract
note_litter,litter,action
note_little,little,abstract
note_littoral,littoral,nature
note_live,live,action
note_livelihood,livelihood,life
note_lively,lively,mind
note_liver,liver,life
note_livestock,livestock,nature
note_livid,livid,mind
note_living,living,life
note_living-room,living-room,life
note_lizard,lizard,nature
note_load,load,action
note_loaf,loaf,life
note_loam,loam,nature
note_loan,loan,business
note_loans,loans,business
note_loath,loath,mind
note_loathe,loathe,mind
note_loathsome,loathsome,mind
note_lobby,lobby,action
note_lobe,lobe,life
note_lobster,lobster,nature
note_local,local,abstract
note_locale,locale,abstract
note_locality,locality,abstract
note_locally,locally,abstract
note_locate,locate,action
note_location,location,abstract
note_locations,locations,abstract
note_lock,lock,action
note_locker,locker,life
note_locomote,locomote,action
note_locomotion,locomotion,action
note_locomotive,locomotive,tech
note_locoweed,locoweed,nature
note_locus,locus,abstract
note_locust,locust,nature
note_locution,locution,arts
note_lode,lode,nature
note_lodge,lodge,life
note_lodging,lodging,life
note_loft,loft,life
note_lofty,lofty,mind
note_log,log,abstract
note_logic,logic,abstract
note_logical,logical,mind
note_logistics,logistics,abstract
note_logjam,logjam,abstract
note_loiter,loiter,action
note_loll,loll,action
note_london,london,nature
note_lone,lone,abstract
note_lonely,lonely,mind
note_long,long,abstract
note_long-lasting,long-lasting,abstract
note_long-range,long-range,abstract
note_long-standing,long-standing,abstract
note_long-winded,long-winded,abstract
note_longevity,longevity,abstract
note_longing,longing,mind
note_longitude,longitude,abstract
note_look,look,action
note_loom,loom,action
note_loon,loon,nature
note_loop,loop,abstract
note_loophole,loophole,society
note_loose,loose,abstract
note_loosely,loosely,abstract
note_loosen,loosen,action
note_loot,loot,action
note_lope,lope,action
note_lopsided,lopsided,abstract
note_loquacious,loquacious,mind
note_lord,lord,society
note_lore,lore,abstract
note_lorry,lorry,life
note_lose,lose,action
note_loss,loss,abstract
note_lot,lot,abstract
note_loth,loth,mind
note_lottery,lottery,business
note_loud,loud,abstract
note_loudly,loudly,abstract
note_loudspeaker,loudspeaker,tech
note_lounge,lounge,life
note_lout,lout,mind
note_loutish,loutish,mind
note_love,love,mind
note_lovely,lovely,mind
note_lover,lover,life
note_low,low,abstract
note_low-risk,low-risk,abstract
note_lowbred,lowbred,mind
note_lower,lower,action
note_loyal,loyal,mind
note_loyalty,loyalty,mind
note_lubricant,lubricant,tech
note_lubricate,lubricate,action
note_lubrication,lubrication,tech
note_lubricious,lubricious,mind
note_lucid,lucid,mind
note_luck,luck,mind
note_lucky,lucky,mind
note_lucrative,lucrative,business
note_lucre,lucre,business
note_lucubrate,lucubrate,action
note_ludicrous,ludicrous,mind
note_lug,lug,action
note_luggage,luggage,life
note_lukewarm,lukewarm,abstract
note_lull,lull,action
note_lullaby,lullaby,arts
note_lumber,lumber,life
note_lumbering,lumbering,action
note_lumberjack,lumberjack,life
note_lumen,lumen,science
note_luminary,luminary,abstract
note_luminosity,luminosity,abstract
note_luminous,luminous,nature
note_lump,lump,abstract
note_lunar,lunar,nature
note_lunatic,lunatic,mind
note_lunch,lunch,life
note_luncheon,luncheon,life
note_lung,lung,life
note_lurch,lurch,action
note_lure,lure,action
note_lurid,lurid,mind
note_lurk,lurk,action
note_luscious,luscious,mind
note_lush,lush,nature
note_lust,lust,mind
note_luster,luster,abstract
note_lustrous,lustrous,abstract
note_lusty,lusty,mind
note_luxuriant,luxuriant,nature
note_luxurious,luxurious,mind
note_luxury,luxury,life
note_lynch,lynch,action
note_lyric,lyric,none
note_lyrically,lyrically,none
note_lyricist,lyricist,none
note_macabre,macabre,mind
note_macerate,macerate,action
note_machination,machination,abstract
note_machine,machine,tech
note_machinery,machinery,tech
note_machines,machines,tech
note_mackintosh,mackintosh,life
note_maculate,maculate,action
note_maculated,maculated,action
note_mad,mad,mind
note_madam,madam,life
note_madame,madame,life
note_madden,madden,mind
note_madrigal,madrigal,arts
note_maelstrom,maelstrom,nature
note_maestro,maestro,arts
note_magazine,magazine,business
note_magenta,magenta,abstract
note_magic,magic,arts
note_magical,magical,arts
note_magician,magician,arts
note_magisterial,magisterial,abstract
note_magistrate,magistrate,society
note_magma,magma,science
note_magnanimity,magnanimity,mind
note_magnanimous,magnanimous,mind
note_magnate,magnate,business
note_magnesium,magnesium,science
note_magnet,magnet,tech
note_magnetic,magnetic,tech
note_magnetism,magnetism,science
note_magnetize,magnetize,tech
note_magnetosphere,magnetosphere,science
note_magnificence,magnificence,abstract
note_magnificent,magnificent,abstract
note_magnify,magnify,tech
note_magniloquent,magniloquent,abstract
note_magnitude,magnitude,abstract
note_magpie,magpie,nature
note_maid,maid,life
note_maiden,maiden,life
note_mail,mail,life
note_mailbox,mailbox,life
note_mails,mails,life
note_maim,maim,action
note_main,main,abstract
note_mainland,mainland,nature
note_mainly,mainly,abstract
note_mainspring,mainspring,abstract
note_maintain,maintain,action
note_maintenance,maintenance,action
note_maize,maize,nature
note_majestic,majestic,abstract
note_majesty,majesty,abstract
note_major,major,abstract
note_majority,majority,abstract
note_majors,majors,abstract
note_make,make,action
note_makeshift,makeshift,life
note_makeup,makeup,life
note_making,making,action
note_maladroit,maladroit,mind
note_malady,malady,mind
note_malaise,malaise,mind
note_malapropism,malapropism,arts
note_malaria,malaria,mind
note_malaysia,malaysia,nature
note_malcontent,malcontent,mind
note_male,male,life
note_malediction,malediction,abstract
note_malefactor,malefactor,society
note_maleficent,maleficent,mind
note_malevolent,malevolent,mind
note_malfeasance,malfeasance,society
note_malfunction,malfunction,tech
note_malice,malice,mind
note_malicious,malicious,mind
note_malign,malign,mind
note_malignant,malignant,mind
note_malinger,malinger,mind
note_mall,mall,life
note_malleability,malleability,abstract
note_malleable,malleable,abstract
note_mallet,mallet,life
note_malnutrition,malnutrition,mind
note_malodor,malodor,mind
note_malpractice,malpractice,society
note_maltreat,maltreat,mind
note_mammal,mammal,nature
note_mammalian,mammalian,nature
note_mammoth,mammoth,nature
note_man,man,life
note_manacle,manacle,life
note_manage,manage,action
note_management,management,business
note_manager,manager,business
note_managerial,managerial,business
note_mandate,mandate,society
note_mandatory,mandatory,abstract
note_maneuver,maneuver,action
note_manful,manful,mind
note_mangle,mangle,action
note_mangy,mangy,life
note_mania,mania,mind
note_maniac,maniac,mind
note_manifest,manifest,action
note_manifestation,manifestation,abstract
note_manifesto,manifesto,society
note_manifold,manifold,abstract
note_manipulate,manipulate,action
note_manipulative,manipulative,mind
note_mankind,mankind,life
note_manly,manly,mind
note_manner,manner,abstract
note_mannered,mannered,abstract
note_mannerism,mannerism,arts
note_manoeuvre,manoeuvre,action
note_mansion,mansion,life
note_mantle,mantle,nature
note_manual,manual,life
note_manually,manually,action
note_manufacture,manufacture,business
note_manufacturer,manufacturer,business
note_manumit,manumit,society
note_manure,manure,nature
note_manuscript,manuscript,arts
note_many,many,abstract
note_map,map,tech
note_maple,maple,nature
note_mar,mar,action
note_marathon,marathon,life
note_maraud,maraud,action
note_marble,marble,nature
note_march,march,action
note_mare,mare,nature
note_margarine,margarine,life
note_margin,margin,business
note_marginal,marginal,abstract
note_marine,marine,nature
note_mariner,mariner,life
note_marionette,marionette,arts
note_marital,marital,life
note_maritime,maritime,society
note_mark,mark,action
note_marked,marked,abstract
note_markedly,markedly,abstract
note_market,market,business
note_marketing,marketing,business
note_marks,marks,abstract
note_maroon,maroon,life
note_marred,marred,action
note_marriage,marriage,life
note_married,married,life
note_marrow,marrow,mind
note_marry,marry,life
note_mars,mars,nature
note_marsh,marsh,nature
note_marshal,marshal,society
note_marshy,marshy,nature
note_marsupial,marsupial,nature
note_martial,martial,society
note_martinet,martinet,mind
note_martyr,martyr,society
note_marvel,marvel,mind
note_marvellous,marvellous,mind
note_marvelous,marvelous,mind
note_marxism,marxism,society
note_marxist,marxist,society
note_masculine,masculine,mind
note_masculinity,masculinity,mind
note_mash,mash,action
note_mask,mask,life
note_mason,mason,life
note_masonry,masonry,life
note_masquerade,masquerade,arts
note_mass,mass,science
note_massacre,massacre,society
note_massive,massive,abstract
note_mast,mast,life
note_master,master,life
note_masterpiece,masterpiece,arts
note_mastery,mastery,abstract
note_masticate,masticate,action
note_mat,mat,life
note_matador,matador,arts
note_match,match,life
note_matching,matching,abstract
note_matchless,matchless,abstract
note_matchstick,matchstick,life
note_mate,mate,life
note_material,material,abstract
note_materialism,materialism,abstract
note_materialize,materialize,action
note_materials,materials,abstract
note_maternal,maternal,mind
note_maternity,maternity,life
note_math,math,abstract
note_mathematic,mathematic,abstract
note_mathematical,mathematical,abstract
note_mathematics,mathematics,abstract
note_maths,maths,abstract
note_matriarchy,matriarchy,society
note_matriculate,matriculate,action
note_matrimony,matrimony,life
note_matrix,matrix,tech
note_matter,matter,abstract
note_mattress,mattress,life
note_maturation,maturation,mind
note_mature,mature,mind
note_maturity,maturity,mind
note_maudlin,maudlin,mind
note_maul,maul,action
note_mauve,mauve,abstract
note_maven,maven,abstract
note_maverick,maverick,mind
note_mawkish,mawkish,mind
note_maxim,maxim,abstract
note_maximize,maximize,action
note_maximum,maximum,abstract
note_may,may,abstract
note_maybe,maybe,abstract
note_mayhem,mayhem,society
note_mayor,mayor,society
note_maze,maze,life
note_me,me,none
note_meadow,meadow,nature
note_meager,meager,abstract
note_meagre,meagre,abstract
note_meal,meal,life
note_meals,meals,life
note_mean,mean,mind
note_meander,meander,action
note_meaning,meaning,abstract
note_meaningful,meaningful,abstract
note_means,means,abstract
note_meantime,meantime,abstract
note_meanwhile,meanwhile,abstract
note_measly,measly,abstract
note_measurable,measurable,abstract
note_measure,measure,action
note_measured,measured,abstract
note_measurement,measurement,abstract
note_measurements,measurements,abstract
note_measures,measures,abstract
note_meat,meat,life
note_mechanic,mechanic,tech
note_mechanical,mechanical,tech
note_mechanically,mechanically,tech
note_mechanics,mechanics,tech
note_mechanism,mechanism,tech
note_mechanized,mechanized,tech
note_medal,medal,life
note_meddle,meddle,action
note_meddlesome,meddlesome,mind
note_media,media,tech
note_mediate,mediate,action
note_mediator,mediator,society
note_medical,medical,mind
note_medicate,medicate,mind
note_medicine,medicine,mind
note_medieval,medieval,abstract
note_mediocre,mediocre,abstract
note_mediocrity,mediocrity,abstract
note_meditate,meditate,mind
note_meditation,meditation,mind
note_meditative,meditative,mind
note_mediterranean,mediterranean,nature
note_medium,medium,abstract
note_medley,medley,arts
note_meek,meek,mind
note_meet,meet,action
note_meeting,meeting,society
note_megalomania,megalomania,mind
note_melancholy,melancholy,mind
note_melbourne,melbourne,nature
note_meld,meld,action
note_mellifluous,mellifluous,arts
note_melodic,melodic,arts
note_melodious,melodious,arts
note_melodrama,melodrama,arts
note_melody,melody,arts
note_melon,melon,nature
note_melt,melt,action
note_member,member,society
note_membership,membership,society
note_membrane,membrane,science
note_memento,memento,life
note_memo,memo,business
note_memoir,memoir,arts
note_memorable,memorable,mind
note_memorandum,memorandum,business
note_memorial,memorial,arts
note_memorise,memorise,mind
note_memorize,memorize,mind
note_memory,memory,mind
note_menace,menace,mind
note_mend,mend,action
note_mendacious,mendacious,mind
note_mendacity,mendacity,mind
note_mendicant,mendicant,society
note_menial,menial,abstract
note_mental,mental,mind
note_mentality,mentality,mind
note_mentally,mentally,mind
note_menthol,menthol,mind
note_mention,mention,action
note_mentor,mentor,abstract
note_menu,menu,life
note_mercantile,mercantile,business
note_mercenary,mercenary,society
note_merchandise,merchandise,business
note_merchant,merchant,business
note_merciful,merciful,mind
note_merciless,merciless,mind
note_mercurial,mercurial,mind
note_mercury,mercury,science
note_mercy,mercy,mind
note_mere,mere,abstract
note_merely,merely,abstract
note_meretricious,meretricious,abstract
note_merge,merge,action
note_merger,merger,business
note_meridian,meridian,science
note_merit,merit,abstract
note_merited,merited,abstract
note_meritorious,meritorious,abstract
note_mermaid,mermaid,nature
note_merry,merry,mind
note_mesa,mesa,nature
note_mesh,mesh,tech
note_mesmerism,mesmerism,mind
note_mesmerize,mesmerize,mind
note_mesozoic,mesozoic,science
note_mess,mess,life
note_message,message,tech
note_messenger,messenger,life
note_messy,messy,life
note_metabolic,metabolic,science
note_metabolism,metabolism,science
note_metal,metal,science
note_metallic,metallic,science
note_metallurgy,metallurgy,science
note_metamorphose,metamorphose,action
note_metaphor,metaphor,arts
note_metaphysical,metaphysical,abstract
note_metaphysics,metaphysics,abstract
note_mete,mete,action
note_meteor,meteor,nature
note_meteoric,meteoric,nature
note_meteorite,meteorite,nature
note_meteorologist,meteorologist,science
note_meteorology,meteorology,science
note_methane,methane,science
note_method,method,abstract
note_methodical,methodical,abstract
note_methodically,methodically,abstract
note_methodology,methodology,abstract
note_methods,methods,abstract
note_meticulous,meticulous,mind
note_meticulously,meticulously,abstract
note_metre,metre,abstract
note_metric,metric,abstract
note_metrical,metrical,abstract
note_metropolis,metropolis,society
note_metropolitan,metropolitan,society
note_mettle,mettle,mind
note_mettlesome,mettlesome,mind
note_mexican,mexican,society
note_mexico,mexico,nature
note_miasma,miasma,mind
note_microbe,microbe,science
note_microbiology,microbiology,science
note_microcomputer,microcomputer,tech
note_microcosm,microcosm,abstract
note_microfilm,microfilm,tech
note_microorganism,microorganism,science
note_microphone,microphone,tech
note_microprocessor,microprocessor,tech
note_microscope,microscope,science
note_microscopic,microscopic,science
note_microwave,microwave,tech
note_mid,mid,none
note_midair,midair,nature
note_midday,midday,none
note_middle,middle,abstract
note_midget,midget,life
note_midmorning,midmorning,none
note_midnight,midnight,none
note_midst,midst,abstract
note_mien,mien,mind
note_miff,miff,action
note_might,might,abstract
note_mighty,mighty,abstract
note_migrant,migrant,society
note_migrate,migrate,nature
note_migration,migration,nature
note_migratory,migratory,nature
note_mild,mild,abstract
note_mildew,mildew,nature
note_mile,mile,abstract
note_mileage,mileage,abstract
note_miles,miles,abstract
note_milestone,milestone,abstract
note_milieu,milieu,abstract
note_militant,militant,society
note_military,military,society
note_militia,militia,society
note_milk,milk,life
note_milky,milky,nature
note_mill,mill,business
note_millennia,millennia,abstract
note_millennium,millennium,abstract
note_millimeter,millimeter,abstract
note_millimetre,millimetre,abstract
note_million,million,abstract
note_millionaire,millionaire,business
note_mills,mills,business
note_mime,mime,arts
note_mimetic,mimetic,arts
note_mimic,mimic,action
note_mimicry,mimicry,action
note_minaret,minaret,arts
note_minatory,minatory,mind
note_mince,mince,life
note_mincing,mincing,action
note_mind,mind,mind
note_mine,mine,nature
note_miner,miner,business
note_mineral,mineral,science
note_mingle,mingle,action
note_mingling,mingling,action
note_miniature,miniature,abstract
note_minibus,minibus,tech
note_minimal,minimal,abstract
note_minimalist,minimalist,arts
note_minimize,minimize,action
note_minimum,minimum,abstract
note_mining,mining,business
note_minion,minion,society
note_miniskirt,miniskirt,life
note_minister,minister,society
note_ministry,ministry,society
note_minnow,minnow,nature
note_minor,minor,abstract
note_minority,minority,society
note_mint,mint,life
note_minuet,minuet,arts
note_minus,minus,abstract
note_minuscule,minuscule,abstract
note_minute,minute,abstract
note_minutely,minutely,abstract
note_minutes,minutes,abstract
note_minutia,minutia,abstract
note_miracle,miracle,abstract
note_miraculous,miraculous,abstract
note_mirage,mirage,nature
note_mire,mire,nature
note_mirror,mirror,tech
note_mirth,mirth,mind
note_misanthrope,misanthrope,mind
note_miscarriage,miscarriage,life
note_miscellany,miscellany,abstract
note_mischance,mischance,mind
note_mischief,mischief,mind
note_mischievous,mischievous,mind
note_misconceive,misconceive,mind
note_misconception,misconception,mind
note_miscreant,miscreant,society
note_misdeed,misdeed,society
note_miser,miser,mind
note_miserable,miserable,mind
note_miserly,miserly,mind
note_misery,misery,mind
note_misfortune,misfortune,mind
note_misgiving,misgiving,mind
note_mishap,mishap,life
note_misinform,misinform,action
note_mislead,mislead,mind
note_misleading,misleading,mind
note_misnomer,misnomer,abstract
note_misogamy,misogamy,society
note_misperceive,misperceive,mind
note_misrepresent,misrepresent,society
note_misrepresentation,misrepresentation,society
note_miss,miss,action
note_misshapen,misshapen,nature
note_missile,missile,tech
note_missing,missing,abstract
note_mission,mission,society
note_missionary,missionary,religion
note_missive,missive,arts
note_mist,mist,nature
note_mistake,mistake,mind
note_mistaken,mistaken,mind
note_mister,mister,life
note_mistimed,mistimed,abstract
note_mistral,mistral,nature
note_mistress,mistress,society
note_mistrust,mistrust,mind
note_misunderstand,misunderstand,mind
note_misuse,misuse,action
note_mite,mite,nature
note_mitigate,mitigate,action
note_mitten,mitten,life
note_mix,mix,action
note_mixer,mixer,tech
note_mixture,mixture,science
note_mm,mm,abstract
note_mnemonics,mnemonics,mind
note_moan,moan,mind
note_moat,moat,life
note_mob,mob,society
note_mobile,mobile,tech
note_mobility,mobility,abstract
note_mobilize,mobilize,action
note_mock,mock,action
note_mockingbird,mockingbird,nature
note_mode,mode,abstract
note_model,model,abstract
note_modem,modem,tech
note_moderate,moderate,abstract
note_moderately,moderately,abstract
note_modern,modern,abstract
note_modernization,modernization,abstract
note_modest,modest,mind
note_modesty,modesty,mind
note_modicum,modicum,abstract
note_modification,modification,action
note_modify,modify,action
note_modish,modish,abstract
note_modulate,modulate,action
note_module,module,tech
note_mogul,mogul,business
note_moiety,moiety,abstract
note_moist,moist,abstract
note_moisten,moisten,action
note_moisture,moisture,nature
note_molar,molar,life
note_mold,mold,nature
note_molding,molding,arts
note_moldy,moldy,nature
note_molecular,molecular,science
note_molecule,molecule,science
note_molest,molest,society
note_mollify,mollify,mind
note_mollycoddle,mollycoddle,mind
note_molt,molt,nature
note_molten,molten,science
note_mom,mom,life
note_moment,moment,abstract
note_momentary,momentary,abstract
note_momentous,momentous,abstract
note_momentum,momentum,science
note_monarch,monarch,society
note_monarchy,monarchy,society
note_monastery,monastery,religion
note_monday,monday,none
note_monetary,monetary,business
note_money,money,business
note_mongrel,mongrel,nature
note_monitor,monitor,tech
note_monk,monk,religion
note_monkey,monkey,nature
note_monochromatic,monochromatic,abstract
note_monochrome,monochrome,arts
note_monocle,monocle,life
note_monogamy,monogamy,society
note_monograph,monograph,abstract
note_monolithic,monolithic,abstract
note_monologue,monologue,arts
note_monomania,monomania,mind
note_monopolize,monopolize,business
note_monopoly,monopoly,business
note_monotone,monotone,arts
note_monotonous,monotonous,mind
note_monotony,monotony,mind
note_monsoon,monsoon,nature
note_monster,monster,mind
note_monstrous,monstrous,mind
note_montage,montage,arts
note_month,month,abstract
note_monthly,monthly,abstract
note_monument,monument,arts
note_monumental,monumental,abstract
note_mood,mood,mind
note_moody,moody,mind
note_moon,moon,nature
note_moor,moor,nature
note_mop,mop,life
note_mope,mope,mind
note_moral,moral,mind
note_morale,morale,mind
note_moralistic,moralistic,mind
note_morality,morality,mind
note_morass,morass,nature
note_moratorium,moratorium,society
note_morbid,morbid,mind
note_mordant,mordant,mind
note_more,more,abstract
note_moreover,moreover,abstract
note_mores,mores,society
note_moribund,moribund,life
note_morning,morning,none
note_moron,moron,mind
note_morose,morose,mind
note_morphology,morphology,science
note_morsel,morsel,life
note_mortal,mortal,life
note_mortality,mortality,life
note_mortar,mortar,tech
note_mortgage,mortgage,business
note_mortification,mortification,mind
note_mortify,mortify,mind
note_mortuary,mortuary,life
note_mosaic,mosaic,arts
note_moscow,moscow,nature
note_moslem,moslem,religion
note_mosque,mosque,religion
note_mosquito,mosquito,nature
note_moss,moss,nature
note_most,most,abstract
note_mostly,mostly,abstract
note_mote,mote,nature
note_motel,motel,life
note_moth,moth,nature
note_mother,mother,life
note_motherland,motherland,society
note_motif,motif,arts
note_motile,motile,science
note_motility,motility,science
note_motion,motion,science
note_motionless,motionless,abstract
note_motivate,motivate,mind
note_motivation,motivation,mind
note_motive,motive,mind
note_motley,motley,abstract
note_motor,motor,tech
note_motorbike,motorbike,tech
note_motorcycle,motorcycle,tech
note_motorway,motorway,tech
note_mottle,mottle,action
note_mottled,mottled,nature
note_motto,motto,abstract
note_mould,mould,nature
note_mount,mount,nature
note_mountain,mountain,nature
note_mountainous,mountainous,nature
note_mountebank,mountebank,society
note_mourn,mourn,mind
note_mournful,mournful,mind
note_mourning,mourning,mind
note_mouse,mouse,nature
note_moustache,moustache,life
note_mouth,mouth,life
note_mouthful,mouthful,life
note_move,move,action
note_movement,movement,action
note_movie,movie,arts
note_movies,movies,arts
note_mr.,mr.,none
note_ms.,ms.,none
note_much,much,abstract
note_mucous,mucous,science
note_mud,mud,nature
note_muddle,muddle,mind
note_muddy,muddy,nature
note_muffle,muffle,action
note_muffled,muffled,abstract
note_muffler,muffler,tech
note_mug,mug,life
note_muggy,muggy,nature
note_mulberry,mulberry,nature
note_mulct,mulct,action
note_mulish,mulish,mind
note_multicellular,multicellular,science
note_multifaceted,multifaceted,abstract
note_multifarious,multifarious,abstract
note_multilateral,multilateral,society
note_multiple,multiple,abstract
note_multiplication,multiplication,abstract
note_multiplicity,multiplicity,abstract
note_multiply,multiply,action
note_multistory,multistory,abstract
note_multitude,multitude,abstract
note_mumble,mumble,action
note_mundane,mundane,abstract
note_municipal,municipal,society
note_municipality,municipality,society
note_munificence,munificence,mind
note_munificent,munificent,mind
note_muniments,muniments,society
note_munition,munition,society
note_mural,mural,arts
note_murder,murder,society
note_murderer,murderer,society
note_murky,murky,nature
note_murmur,murmur,action
note_muscle,muscle,life
note_muscles,muscles,life
note_muscular,muscular,life
note_muse,muse,arts
note_museum,museum,arts
note_mushroom,mushroom,nature
note_music,music,arts
note_musical,musical,arts
note_musician,musician,arts
note_musicologist,musicologist,arts
note_musket,musket,society
note_must,must,abstract
note_mustard,mustard,life
note_muster,muster,action
note_musty,musty,abstract
note_mutate,mutate,science
note_mutation,mutation,science
note_mute,mute,action
note_muted,muted,abstract
note_mutilate,mutilate,action
note_mutineer,mutineer,society
note_mutinous,mutinous,society
note_mutter,mutter,action
note_mutton,mutton,life
note_mutual,mutual,abstract
note_muzzy,muzzy,mind
note_my,my,none
note_myopia,myopia,science
note_myopic,myopic,mind
note_myriad,myriad,abstract
note_myself,myself,none
note_mysterious,mysterious,mind
note_mystery,mystery,mind
note_mystic,mystic,religion
note_myth,myth,arts
note_mythical,mythical,arts
note_mythology,mythology,arts
note_nadir,nadir,abstract
note_nag,nag,mind
note_nail,nail,life
note_naive,naive,mind
note_naivety,naivety,mind
note_naked,naked,life
note_name,name,abstract
note_namely,namely,abstract
note_nap,nap,life
note_napkin,napkin,life
note_narcissism,narcissism,mind
note_narcissist,narcissist,mind
note_narcotic,narcotic,life
note_narrate,narrate,arts
note_narration,narration,arts
note_narrative,narrative,arts
note_narrator,narrator,arts
note_narrow,narrow,action
note_nasal,nasal,life
note_nascent,nascent,abstract
note_nasty,nasty,mind
note_natal,natal,life
note_natation,natation,life
note_nation,nation,society
note_national,national,society
note_nationalities,nationalities,society
note_nationality,nationality,society
note_nationwide,nationwide,society
note_native,native,society
note_natty,natty,mind
note_natural,natural,nature
note_naturalist,naturalist,science
note_naturalistic,naturalistic,science
note_naturally,naturally,abstract
note_nature,nature,nature
note_naught,naught,abstract
note_naughty,naughty,mind
note_nausea,nausea,life
note_nauseate,nauseate,mind
note_nautical,nautical,tech
note_naval,naval,society
note_nave,nave,arts
note_navigable,navigable,tech
note_navigate,navigate,action
note_navigation,navigation,tech
note_navy,navy,society
note_naysay,naysay,action
note_naysayer,naysayer,society
note_near,near,abstract
note_nearby,nearby,abstract
note_nearly,nearly,abstract
note_neat,neat,abstract
note_nebula,nebula,nature
note_nebulous,nebulous,abstract
note_necessarily,necessarily,abstract
note_necessary,necessary,abstract
note_necessitate,necessitate,action
note_necessitous,necessitous,mind
note_necessity,necessity,abstract
note_neck,neck,life
note_necklace,necklace,life
note_necktie,necktie,life
note_necropolis,necropolis,life
note_nectar,nectar,nature
note_need,need,mind
note_needle,needle,life
note_needless,needless,abstract
note_needlework,needlework,arts
note_needy,needy,mind
note_nefarious,nefarious,mind
note_negate,negate,action
note_negation,negation,abstract
note_negative,negative,abstract
note_neglect,neglect,mind
note_negligence,negligence,mind
note_negligent,negligent,mind
note_negligible,negligible,abstract
note_negotiable,negotiable,business
note_negotiate,negotiate,action
note_negotiation,negotiation,business
note_negro,negro,society
note_neighbor,neighbor,society
note_neighborhood,neighborhood,society
note_neighboring,neighboring,abstract
note_neighbour,neighbour,society
note_neighbourhood,neighbourhood,society
note_neighbouring,neighbouring,abstract
note_neither,neither,abstract
note_nemesis,nemesis,mind
note_neoclassical,neoclassical,arts
note_neolithic,neolithic,science
note_neologism,neologism,arts
note_neon,neon,science
note_neonate,neonate,life
note_neophyte,neophyte,abstract
note_nephew,nephew,life
note_nephritis,nephritis,life
note_nepotism,nepotism,society
note_nerve,nerve,life
note_nervous,nervous,mind
note_nest,nest,nature
note_nestle,nestle,action
note_nestling,nestling,nature
note_net,net,life
note_nethermost,nethermost,abstract
note_nets,nets,life
note_nettle,nettle,nature
note_network,network,tech
note_neurology,neurology,science
note_neuron,neuron,science
note_neurosis,neurosis,mind
note_neurotic,neurotic,mind
note_neurotransmitter,neurotransmitter,science
note_neutral,neutral,abstract
note_neutralize,neutralize,action
note_neutron,neutron,science
note_never,never,abstract
note_nevertheless,nevertheless,abstract
note_new,new,abstract
note_newly,newly,abstract
note_news,news,society
note_newscast,newscast,arts
note_newspaper,newspaper,arts
note_newspapers,newspapers,arts
note_newsstand,newsstand,business
note_next,next,abstract
note_nexus,nexus,abstract
note_nib,nib,life
note_nibble,nibble,action
note_nice,nice,mind
note_nicety,nicety,mind
note_niche,niche,abstract
note_nick,nick,action
note_nickel,nickel,nature
note_nickname,nickname,arts
note_nicotine,nicotine,science
note_niece,niece,life
note_niggard,niggard,mind
note_niggling,niggling,mind
note_night,night,none
note_nightmare,nightmare,mind
note_nihilism,nihilism,mind
note_nil,nil,abstract
note_nimble,nimble,life
note_nine,nine,abstract
note_nineteen,nineteen,abstract
note_ninety,ninety,abstract
note_ninth,ninth,abstract
note_nip,nip,action
note_nippers,nippers,life
note_nipping,nipping,action
note_nitpick,nitpick,mind
note_nitrogen,nitrogen,science
note_no,no,abstract
note_no.,no.,abstract
note_nobility,nobility,society
note_noble,noble,mind
note_nobody,nobody,abstract
note_nocturnal,nocturnal,nature
note_nod,nod,action
note_noise,noise,nature
note_noisily,noisily,abstract
note_noisome,noisome,nature
note_noisy,noisy,mind
note_nomad,nomad,society
note_nomadic,nomadic,society
note_nominal,nominal,abstract
note_nominate,nominate,action
note_nominee,nominee,business
note_non-drinker,non-drinker,life
note_nonchalance,nonchalance,mind
note_nonchalant,nonchalant,mind
note_noncommittal,noncommittal,mind
note_nonconformist,nonconformist,society
note_nonconformity,nonconformity,mind
note_none,none,abstract
note_nonentity,nonentity,abstract
note_nonesuch,nonesuch,abstract
note_nonetheless,nonetheless,abstract
note_nonfiction,nonfiction,arts
note_nonflammable,nonflammable,science
note_nonhuman,nonhuman,abstract
note_nonpareil,nonpareil,abstract
note_nonplus,nonplus,mind
note_nonporous,nonporous,science
note_nonprofessional,nonprofessional,abstract
note_nonradioactive,nonradioactive,science
note_nonsense,nonsense,mind
note_nonsensical,nonsensical,mind
note_nontraditional,nontraditional,abstract
note_nonverbal,nonverbal,abstract
note_nonviable,nonviable,abstract
note_nonviolence,nonviolence,society
note_noodle,noodle,life
note_nook,nook,life
note_noon,noon,none
note_noose,noose,life
note_nor,nor,abstract
note_norm,norm,abstract
note_normal,normal,abstract
note_normalization,normalization,abstract
note_normally,normally,abstract
note_north,north,nature
note_northeast,northeast,nature
note_northern,northern,nature
note_northward,northward,abstract
note_northwards,northwards,abstract
note_northwest,northwest,nature
note_nose,nose,life
note_nostalgia,nostalgia,mind
note_nostrum,nostrum,mind
note_not,not,abstract
note_notability,notability,abstract
note_notable,notable,abstract
note_notably,notably,abstract
note_notary,notary,business
note_notate,notate,action
note_notation,notation,abstract
note_notch,notch,action
note_note,note,abstract
note_notebook,notebook,tech
note_noted,noted,abstract
note_notes,notes,abstract
note_noteworthy,noteworthy,abstract
note_nothing,nothing,abstract
note_notice,notice,mind
note_noticeable,noticeable,abstract
note_notification,notification,tech
note_notify,notify,action
note_notion,notion,mind
note_notorious,notorious,mind
note_notoriously,notoriously,abstract
note_notwithstanding,notwithstanding,abstract
note_nought,nought,abstract
note_noun,noun,arts
note_nourish,nourish,life
note_nourishing,nourishing,life
note_nourishment,nourishment,life
note_nova,nova,nature
note_novel,novel,arts
note_novelist,novelist,arts
note_novelty,novelty,mind
note_november,november,none
note_novice,novice,abstract
note_now,now,abstract
note_nowadays,nowadays,abstract
note_nowhere,nowhere,abstract
note_noxious,noxious,nature
note_nuance,nuance,mind
note_nubile,nubile,life
note_nuclear,nuclear,science
note_nucleate,nucleate,science
note_nuclei,nuclei,science
note_nucleus,nucleus,science
note_nude,nude,arts
note_nudge,nudge,action
note_nugatory,nugatory,abstract
note_nuisance,nuisance,mind
note_null,null,abstract
note_nullify,nullify,action
note_numb,numb,mind
note_number,number,abstract
note_numerical,numerical,abstract
note_numerology,numerology,abstract
note_numerous,numerous,abstract
note_numinous,numinous,religion
note_numismatic,numismatic,arts
note_numismatist,numismatist,arts
note_nun,nun,religion
note_nuptial,nuptial,life
note_nurse,nurse,life
note_nursery,nursery,life
note_nursing,nursing,life
note_nurture,nurture,life
note_nut,nut,life
note_nutrient,nutrient,life
note_nutriment,nutriment,life
note_nutrition,nutrition,life
note_nutritional,nutritional,life
note_nutritious,nutritious,life
note_nuts,nuts,mind
note_nylon,nylon,tech
note_nymph,nymph,arts
note_oafishness,oafishness,mind
note_oak,oak,nature
note_oar,oar,life
note_oasis,oasis,nature
note_oath,oath,society
note_oatmeal,oatmeal,life
note_obdurate,obdurate,mind
note_obedience,obedience,mind
note_obedient,obedient,mind
note_obeisance,obeisance,society
note_obelisk,obelisk,arts
note_obese,obese,life
note_obey,obey,action
note_obfuscate,obfuscate,mind
note_obituary,obituary,life
note_object,object,abstract
note_objection,objection,mind
note_objective,objective,abstract
note_objectives,objectives,abstract
note_oblation,oblation,religion
note_obligated,obligated,mind
note_obligation,obligation,mind
note_obligatory,obligatory,abstract
note_oblige,oblige,action
note_obliging,obliging,mind
note_oblique,oblique,abstract
note_obliterate,obliterate,action
note_oblivion,oblivion,mind
note_oblivious,oblivious,mind
note_oblong,oblong,abstract
note_obloquy,obloquy,mind
note_obnoxious,obnoxious,mind
note_obscene,obscene,mind
note_obscure,obscure,abstract
note_obscurity,obscurity,abstract
note_obsequious,obsequious,mind
note_observance,observance,mind
note_observation,observation,mind
note_observatory,observatory,science
note_observe,observe,mind
note_observer,observer,society
note_obsess,obsess,mind
note_obsessed,obsessed,mind
note_obsession,obsession,mind
note_obsolescent,obsolescent,abstract
note_obsolete,obsolete,abstract
note_obstacle,obstacle,abstract
note_obstinacy,obstinacy,mind
note_obstinate,obstinate,mind
note_obstreperous,obstreperous,mind
note_obstruct,obstruct,action
note_obstruction,obstruction,abstract
note_obtain,obtain,action
note_obtainable,obtainable,abstract
note_obtrude,obtrude,action
note_obtuse,obtuse,mind
note_obverse,obverse,abstract
note_obviate,obviate,action
note_obvious,obvious,mind
note_obviously,obviously,abstract
note_occasion,occasion,abstract
note_occasional,occasional,abstract
note_occasionally,occasionally,abstract
note_occidental,occidental,nature
note_occlude,occlude,action
note_occult,occult,religion
note_occupant,occupant,society
note_occupants,occupants,society
note_occupation,occupation,business
note_occupational,occupational,business
note_occupy,occupy,action
note_occur,occur,action
note_occurrence,occurrence,abstract
note_ocean,ocean,nature
note_oceania,oceania,nature
note_october,october,none
note_octogenarian,octogenarian,life
note_octopus,octopus,nature
note_ocular,ocular,science
note_odd,odd,abstract
note_oddly,oddly,abstract
note_oddments,oddments,abstract
note_odds,odds,abstract
note_ode,ode,arts
note_odious,odious,mind
note_odium,odium,mind
note_odometer,odometer,tech
note_odor,odor,nature
note_odoriferous,odoriferous,nature
note_odorless,odorless,science
note_odour,odour,nature
note_odyssey,odyssey,arts
note_of,of,none
note_off,off,abstract
note_off-key,off-key,arts
note_offbeat,offbeat,abstract
note_offence,offence,society
note_offend,offend,mind
note_offensive,offensive,mind
note_offer,offer,action
note_offhand,offhand,abstract
note_office,office,business
note_officer,officer,society
note_official,official,society
note_officious,officious,mind
note_offish,offish,mind
note_offset,offset,abstract
note_offshore,offshore,nature
note_offspring,offspring,life
note_offstage,offstage,arts
note_often,often,abstract
note_ogle,ogle,action
note_oh,oh,none
note_ohm,ohm,science
note_ohp,ohp,none
note_oil,oil,nature
note_oilfield,oilfield,business
note_ointment,ointment,life
note_ok,ok,none
note_okay,okay,none
note_old,old,abstract
note_olfaction,olfaction,science
note_olfactory,olfactory,science
note_oligarch,oligarch,society
note_oligarchy,oligarchy,society
note_olive,olive,nature
note_olympic,olympic,society
note_omelet,omelet,life
note_omelette,omelette,life
note_omen,omen,mind
note_ominous,ominous,mind
note_omit,omit,action
note_omnipotent,omnipotent,abstract
note_omnipresent,omnipresent,abstract
note_omniscient,omniscient,abstract
note_omnivorous,omnivorous,nature
note_on,on,abstract
note_once,once,abstract
note_one,one,abstract
note_onerous,onerous,mind
note_oneself,oneself,mind
note_ongoing,ongoing,abstract
note_onion,onion,life
note_online,online,tech
note_onlooker,onlooker,society
note_only,only,abstract
note_onset,onset,abstract
note_onslaught,onslaught,action
note_onto,onto,abstract
note_onus,onus,abstract
note_onward,onward,abstract
note_onwards,onwards,abstract
note_ooze,ooze,nature
note_opacity,opacity,abstract
note_opalescence,opalescence,nature
note_opaque,opaque,abstract
note_open,open,action
note_open-book,open-book,abstract
note_opener,opener,life
note_opening,opening,abstract
note_opera,opera,arts
note_operate,operate,action
note_operation,operation,abstract
note_operational,operational,abstract
note_operative,operative,business
note_operator,operator,tech
note_operetta,operetta,arts
note_opiate,opiate,life
note_opine,opine,mind
note_opinion,opinion,mind
note_opinionated,opinionated,mind
note_opium,opium,life
note_opponent,opponent,society
note_opportune,opportune,abstract
note_opportunities,opportunities,abstract
note_opportunity,opportunity,abstract
note_oppose,oppose,action
note_opposed,opposed,abstract
note_opposing,opposing,abstract
note_opposite,opposite,abstract
note_opposition,opposition,society
note_oppress,oppress,mind
note_opprobrious,opprobrious,mind
note_opt,opt,action
note_optic,optic,science
note_optical,optical,science
note_optics,optics,science
note_optimal,optimal,abstract
note_optimism,optimism,mind
note_optimist,optimist,mind
note_optimistic,optimistic,mind
note_optimization,optimization,abstract
note_optimize,optimize,action
note_optimum,optimum,abstract
note_option,option,abstract
note_optional,optional,abstract
note_options,options,abstract
note_optometrist,optometrist,science
note_opulence,opulence,mind
note_opulent,opulent,mind
note_opus,opus,arts
note_or,or,none
note_oracle,oracle,religion
note_oracular,oracular,religion
note_oral,oral,life
note_orange,orange,nature
note_oration,oration,arts
note_orator,orator,arts
note_oratorio,oratorio,arts
note_oratory,oratory,arts
note_orbit,orbit,science
note_orbital,orbital,science
note_orchard,orchard,nature
note_orchestra,orchestra,arts
note_orchid,orchid,nature
note_ordain,ordain,religion
note_ordeal,ordeal,mind
note_order,order,abstract
note_orderly,orderly,abstract
note_ordinance,ordinance,society
note_ordinarily,ordinarily,abstract
note_ordinary,ordinary,abstract
note_ordnance,ordnance,society
note_ore,ore,nature
note_organ,organ,arts
note_organic,organic,science
note_organically,organically,abstract
note_organise,organise,action
note_organiser,organiser,society
note_organism,organism,science
note_organization,organization,business
note_organize,organize,action
note_organizer,organizer,society
note_orient,orient,mind
note_oriental,oriental,nature
note_orientation,orientation,mind
note_orifice,orifice,life
note_origin,origin,abstract
note_original,original,abstract
note_originality,originality,mind
note_originally,originally,abstract
note_originate,originate,action
note_ornament,ornament,arts
note_ornamental,ornamental,arts
note_ornamentation,ornamentation,arts
note_ornate,ornate,arts
note_ornithologist,ornithologist,science
note_ornithology,ornithology,science
note_orotund,orotund,arts
note_orphan,orphan,life
note_orthodontics,orthodontics,science
note_orthodox,orthodox,religion
note_oscillate,oscillate,science
note_osmosis,osmosis,science
note_osprey,osprey,nature
note_osseous,osseous,science
note_ossify,ossify,science
note_ostensible,ostensible,abstract
note_ostentation,ostentation,mind
note_ostracism,ostracism,society
note_ostracize,ostracize,action
note_ostrich,ostrich,nature
note_other,other,abstract
note_other-directed,other-directed,mind
note_otherwise,otherwise,abstract
note_otiose,otiose,abstract
note_ottawa,ottawa,nature
note_otter,otter,nature
note_ouch,ouch,none
note_ought,ought,abstract
note_ounce,ounce,abstract
note_our,our,none
note_ours,ours,none
note_ourselves,ourselves,none
note_oust,oust,action
note_out,out,abstract
note_outbreak,outbreak,action
note_outcast,outcast,society
note_outcome,outcome,abstract
note_outcry,outcry,society
note_outdated,outdated,abstract
note_outdo,outdo,action
note_outdoor,outdoor,life
note_outdoors,outdoors,life
note_outer,outer,abstract
note_outermost,outermost,abstract
note_outfit,outfit,life
note_outfox,outfox,action
note_outgoing,outgoing,mind
note_outgrow,outgrow,action
note_outgrowth,outgrowth,abstract
note_outing,outing,life
note_outlandish,outlandish,mind
note_outlast,outlast,action
note_outlaw,outlaw,society
note_outlet,outlet,business
note_outline,outline,abstract
note_outlook,outlook,mind
note_outlying,outlying,abstract
note_outmaneuver,outmaneuver,action
note_outmoded,outmoded,abstract
note_output,output,abstract
